Word,Frq,Category
great,68,P
free,41,P
comfortable,33,P
excellent,17,P
best,10,P
wonderful,10,P
pleasant,8,P
perfect,7,P
delicious,6,P
amazing,4,P
awesome,4,P
super,4,P
enjoyed,4,P
bonus,4,P
kind,4,P
outstanding,3,P
pleasure,3,P
fantastic,3,P
loved,3,P
courteous,2,P
appreciated,2,P
positive,1,P
lovely,1,P
great;,1,P
beautiful,1,P
beautifully,1,P
superior,1,P
fabulous,1,P
glorified,1,P
yummy,1,P
ideal,1,P
delighted,1,P
praise,1,P
amazing;,1,P
love,1,P
gracious,1,P
strong,1,P
"""delightful",1,P
bad,7,N
pain,2,N
horrible,2,N
die,2,N
dick,1,N
failed,1,N
negative,1,N
dead,1,N
sick,1,N
disgusting,1,N
po',1,N
hell,1,N
