Word,Frq,Category
great,531,P
comfortable,192,P
free,140,P
excellent,96,P
best,96,P
bliss,76,P
wonderful,70,P
loved,60,P
love,60,P
enjoyed,59,P
perfect,52,P
happy,50,P
amazing,46,P
fun,41,P
kind,39,P
fantastic,38,P
fabulous,38,P
beautiful,36,P
super,34,P
pleasant,33,P
awesome,27,P
lovely,26,P
positive,22,P
delicious,18,P
outstanding,18,P
pleasure,17,P
courteous,15,P
appreciated,13,P
sexy,11,P
gorgeous,11,P
heavenly,10,P
wow,10,P
impressive,10,P
honest,8,P
perfectly,8,P
generous,7,P
superior,7,P
luckily,7,P
happily,6,P
superb,6,P
loves,5,P
beautifully,5,P
ideal,5,P
trust,5,P
wonderfully,5,P
yummy,5,P
positives,4,P
bonus,3,P
wowed,3,P
appreciation,3,P
celebrate,3,P
enjoying,3,P
celebrating,2,P
congratulations,2,P
laugh,2,P
glorious,2,P
kudos,2,P
award,2,P
won,2,P
strong,2,P
graciously,2,P
loving,2,P
perfection,2,P
brilliant,2,P
lovers,2,P
cheery,2,P
vibrant,2,P
positives:,2,P
"""happy",1,P
heaven,1,P
excellently,1,P
"sexy""",1,P
enjoys,1,P
yay,1,P
charming,1,P
positive:,1,P
comfortable;,1,P
delightful,1,P
darling,1,P
joy,1,P
"""free",1,P
praise,1,P
prize,1,P
marvelous,1,P
divinely,1,P
proudly,1,P
winning,1,P
comfortable-,1,P
celebrated,1,P
excellence,1,P
"""fabulous",1,P
honored,1,P
loyalty,1,P
awesome-,1,P
inspire,1,P
gracious,1,P
winner,1,P
merry,1,P
flawless,1,P
positively,1,P
bad,36,N
die,32,N
negative,16,N
disappointment,13,N
horrible,13,N
worst,11,N
ugly,7,N
war,6,N
hurt,4,N
stupid,3,N
insulted,3,N
disgusting,2,N
failed,2,N
bad:,2,N
frustrated,2,N
pain,2,N
nasty,2,N
horribly,2,N
incompetence,2,N
ruin,2,N
furious,2,N
prison,1,N
torture,1,N
arrogance,1,N
stressful,1,N
spite,1,N
dismal,1,N
abused,1,N
unprofessional,1,N
depressingly,1,N
hate,1,N
killed,1,N
fail,1,N
"death""",1,N
poverty,1,N
hated,1,N
"""dead",1,N
dead,1,N
stench,1,N
obnoxiously,1,N
pollute,1,N
neglected,1,N
snafu,1,N
failing,1,N
rage,1,N
fired,1,N
lying,1,N
offending,1,N
painfully,1,N
horrifically,1,N
fiasco,1,N
hellish,1,N
kill,1,N
death,1,N
curse,1,N
dreaded,1,N
lousy,1,N
po',1,N
