Word,Frq,Category
great,63,P
comfortable,45,P
free,33,P
enjoyed,15,P
super,13,P
love,13,P
best,10,P
wonderful,9,P
delicious,9,P
perfect,7,P
courteous,7,P
happy,7,P
excellent,7,P
loved,6,P
honors,6,P
pleasant,5,P
beautiful,4,P
positive,4,P
fun,4,P
fantastic,4,P
strong,3,P
perfectly,3,P
yummy,2,P
bonus,2,P
lovely,2,P
beautifully,2,P
kind,2,P
awesome,2,P
delightful,2,P
win,1,P
confidence,1,P
yay,1,P
pleasing,1,P
heavenly,1,P
winner,1,P
outstanding,1,P
kudos,1,P
amazing,1,P
happier,1,P
celebrate,1,P
wow,1,P
peace,1,P
fabulous,1,P
miracle,1,P
appreciated,1,P
smiled,1,P
gain,1,P
enjoying,1,P
bad,17,N
die,3,N
failed,2,N
disappointment,2,N
worst,2,N
killed,1,N
killing,1,N
dead,1,N
sick,1,N
kill,1,N
negative,1,N
angry,1,N
frustrated,1,N
horrible,1,N
hate,1,N
