Word,Frq,Category
great,123,P
free,54,P
comfortable,39,P
excellent,21,P
best,16,P
pleasant,16,P
perfect,16,P
lovely,16,P
fantastic,15,P
love,15,P
charming,15,P
loved,14,P
wonderful,14,P
enjoyed,10,P
amazing,10,P
beautiful,9,P
fun,9,P
super,8,P
awesome,7,P
kind,7,P
happy,5,P
appreciated,5,P
bonus,5,P
fabulous,5,P
ideal,4,P
celebrate,4,P
courteous,3,P
strong,3,P
luckily,3,P
delightful,2,P
delighted,2,P
positive,2,P
trust,2,P
beautifully,1,P
thankful,1,P
miracle,1,P
reward,1,P
vibrant,1,P
cheerful,1,P
delicious,1,P
wow,1,P
awesome:,1,P
enjoys,1,P
gorgeous,1,P
divine,1,P
perfectly,1,P
fantastic;,1,P
superb,1,P
bonuses,1,P
brilliant,1,P
happily,1,P
outstanding,1,P
appreciates,1,P
remarkable,1,P
great;,1,P
impressive,1,P
excellent-,1,P
delight-,1,P
honest,1,P
superior,1,P
positive:,1,P
die,28,N
bad,25,N
worst,9,N
negative,6,N
horrible,5,N
war,5,N
nasty,4,N
disappointment,3,N
terribly,3,N
sick,2,N
rotten,2,N
crappy,2,N
sin,2,N
lousy,1,N
spite,1,N
drown,1,N
killing,1,N
disgusting,1,N
criminal,1,N
horrified,1,N
ugly,1,N
disaster;,1,N
hurt,1,N
bad:,1,N
dead,1,N
sucker,1,N
insult,1,N
hate,1,N
