Word,Frq,Category
great,378,P
comfortable,153,P
free,94,P
best,68,P
excellent,59,P
perfect,42,P
loved,36,P
fantastic,35,P
happy,32,P
wonderful,30,P
love,28,P
enjoyed,27,P
kind,27,P
awesome,25,P
lovely,25,P
super,23,P
charming,21,P
amazing,19,P
pleasant,18,P
fun,18,P
beautiful,16,P
courteous,11,P
ideal,11,P
positive,11,P
perfectly,11,P
delighted,7,P
superb,5,P
fabulous,5,P
strong,5,P
appreciated,5,P
outstanding,4,P
friendliest,4,P
brilliant,4,P
greatest,4,P
wow,3,P
happier,3,P
delightful,3,P
cheerful,3,P
beautifully,3,P
bonus,3,P
wonderfully,3,P
generous,3,P
magnificent,2,P
loves,2,P
sweetheart,2,P
gracious,2,P
honest,2,P
justice,2,P
luckily,2,P
positives,2,P
tops,2,P
pleasure,2,P
rich,2,P
beauty,2,P
blessed,2,P
excellently,1,P
 great,1,P
won,1,P
paradise,1,P
thankful,1,P
gorgeous,1,P
cheery,1,P
enthusiastically,1,P
excellence,1,P
hahaha,1,P
enjoys,1,P
impressive,1,P
lover,1,P
ideal:,1,P
celebrate,1,P
perfect;,1,P
joy,1,P
brave,1,P
celebrated,1,P
honest-,1,P
excellent;,1,P
appreciates,1,P
celebrating,1,P
cutest,1,P
gr8,1,P
peace,1,P
trust,1,P
encourage,1,P
grandeur,1,P
splendor,1,P
fascinating,1,P
praise,1,P
honored,1,P
kudos,1,P
bad,32,N
die,20,N
worst,8,N
negative,8,N
horrible,5,N
dead,5,N
hate,4,N
angry,3,N
horribly,3,N
horrendous,2,N
pain,2,N
hated,2,N
death,2,N
unprofessional,2,N
hell,2,N
terribly,2,N
killed,2,N
lying,2,N
ugly,2,N
failure,1,N
dumb,1,N
liar,1,N
sucker,1,N
rejected,1,N
panic,1,N
insanity,1,N
threatening,1,N
harm,1,N
sick,1,N
suffer,1,N
crime,1,N
lousy,1,N
danger,1,N
obscene,1,N
rudest,1,N
disturbing,1,N
murdered,1,N
prison,1,N
neglected,1,N
kill,1,N
war,1,N
crappy,1,N
disgusting,1,N
failed,1,N
bad;,1,N
