Word,Frq,Category
great,193,P
comfortable,150,P
beautiful,83,P
wonderful,82,P
excellent,66,P
lovely,63,P
free,62,P
loved,52,P
best,49,P
perfect,46,P
enjoyed,44,P
amazing,33,P
love,32,P
fantastic,30,P
pleasant,30,P
fabulous,26,P
super,25,P
happy,24,P
charming,24,P
kind,21,P
beautifully,21,P
delicious,20,P
gorgeous,19,P
outstanding,14,P
courteous,12,P
pleasure,10,P
appreciated,9,P
perfectly,9,P
awesome,9,P
rich,8,P
fun,8,P
wonderfully,8,P
superb,8,P
wow,7,P
delightful,7,P
generous,6,P
heavenly,6,P
ideal,6,P
beauty,6,P
celebrate,5,P
happily,4,P
gracious,4,P
perfection,4,P
bonus,3,P
honored,3,P
sophisticated,3,P
strong,3,P
celebrating,3,P
happier,3,P
smiled,2,P
luckily,2,P
superior,2,P
"""happy",2,P
winner,2,P
vibrant,2,P
splendid,2,P
kudos,2,P
positive,2,P
blissful,2,P
lovingly,2,P
enjoying,2,P
encourage,2,P
affection,2,P
excels,2,P
delighted,2,P
enjoyment,2,P
impressive,2,P
cheerful,2,P
thankful,2,P
treasured,1,P
won,1,P
inspiration,1,P
amazing:,1,P
flawless,1,P
tops,1,P
joyous,1,P
comfortable;,1,P
celebrates,1,P
talented,1,P
lovely-,1,P
magnificent,1,P
amazing-,1,P
marvelous,1,P
supremely,1,P
lovers,1,P
wonderful;,1,P
yummy,1,P
praise,1,P
exuberant,1,P
relaxation,1,P
glamour,1,P
intellectual,1,P
visionary,1,P
wisdom,1,P
glory,1,P
gratitude,1,P
beautiful;,1,P
prettiest,1,P
joy,1,P
celebrated,1,P
bad,15,N
negative,9,N
die,7,N
horrible,5,N
hate,3,N
disappointment,3,N
failed,3,N
rob,2,N
worst,2,N
stressful,2,N
killer,2,N
dead,2,N
panic,1,N
lying,1,N
neglected,1,N
horribly,1,N
pain,1,N
hell,1,N
disastrous,1,N
crappy,1,N
incompetence,1,N
hurt,1,N
unprofessional,1,N
fail,1,N
angry,1,N
rotten,1,N
