Word,Frq,Category
great,34,P
comfortable,16,P
charming,10,P
free,10,P
excellent,7,P
pleasant,6,P
best,5,P
loved,4,P
perfectly,3,P
kind,3,P
courteous,3,P
wonderful,3,P
beautiful,3,P
fun,2,P
amazing,2,P
perfect,2,P
enjoyed,2,P
fantastic,2,P
honored,2,P
remarkable,1,P
happy,1,P
generous,1,P
superb,1,P
happily,1,P
honest,1,P
positive,1,P
super,1,P
ideal,1,P
fabulous,1,P
tops,1,P
greatest,1,P
lovely,1,P
delighted,1,P
die,4,N
negative,3,N
bad,2,N
horrendous,1,N
frustrated,1,N
war,1,N
horrible,1,N
po',1,N
