Word,Frq,Category
great,167,P
comfortable,146,P
free,122,P
excellent,45,P
best,32,P
wonderful,26,P
perfect,25,P
pleasant,17,P
love,16,P
honors,16,P
happy,12,P
beautiful,11,P
kind,11,P
appreciated,9,P
fantastic,9,P
enjoyed,9,P
super,8,P
amazing,8,P
courteous,7,P
outstanding,7,P
lovely,7,P
loved,6,P
fun,6,P
delicious,5,P
perfectly,5,P
impressive,3,P
superb,3,P
loyalty,3,P
awesome,3,P
marvelous,3,P
vip,3,P
ideal,3,P
remarkable,3,P
cheerful,3,P
honest,3,P
positive,2,P
positives,2,P
strong,2,P
bonus,2,P
kudos,2,P
wow,2,P
friendliest,2,P
encourage,2,P
magnificent,2,P
generous,2,P
won,2,P
miracle,2,P
fabulous,2,P
heavenly,1,P
greatest,1,P
beautifully,1,P
happily,1,P
pleasure,1,P
brilliant,1,P
bliss,1,P
wonderfully,1,P
smiled,1,P
'best,1,P
delight,1,P
award,1,P
perfection,1,P
sophisticated,1,P
beauty,1,P
delighted,1,P
luckily,1,P
gracious,1,P
celebrate,1,P
"""free",1,P
bonuses,1,P
"""happy",1,P
respectability,1,P
graciously,1,P
comfortable-,1,P
successful,1,P
romance,1,P
bad,26,N
negative,10,N
die,7,N
horrible,5,N
worst,5,N
disturbing,3,N
terribly,3,N
disappointment,3,N
failed,3,N
ruin,2,N
hated,2,N
idiot,1,N
unprofessional,1,N
disappointment-,1,N
abuse,1,N
disgusting,1,N
horribly,1,N
wtf,1,N
devil,1,N
neglected,1,N
ugly,1,N
spite,1,N
hate,1,N
killed,1,N
scam,1,N
dismal,1,N
poorest,1,N
crisis,1,N
disgusted,1,N
dead,1,N
suffer,1,N
pathetic,1,N
war,1,N
