Word,Frq,Category
great,120,P
comfortable,90,P
free,70,P
excellent,29,P
best,29,P
enjoyed,18,P
pleasant,17,P
loved,15,P
wonderful,15,P
super,14,P
perfect,13,P
happy,11,P
fantastic,10,P
kind,9,P
courteous,9,P
awesome,8,P
perfectly,6,P
outstanding,5,P
lovely,5,P
appreciated,5,P
ideal,5,P
luckily,5,P
fabulous,5,P
positive,4,P
amazing,4,P
love,4,P
delicious,4,P
strong,4,P
happily,3,P
generous,3,P
wow,3,P
impressive,3,P
comfortable;,3,P
heavenly,3,P
bonus,2,P
positives,2,P
superb,2,P
beautiful,2,P
yummy,1,P
cheer,1,P
pleasure,1,P
tops,1,P
lifesaver,1,P
amazement,1,P
bonus:,1,P
encourage,1,P
gracious,1,P
positively,1,P
:d,1,P
delightful,1,P
honest,1,P
amazing;,1,P
positive:,1,P
beautifully,1,P
peace,1,P
glorified,1,P
graciously,1,P
great-,1,P
fun,1,P
delectable-,1,P
cheerful,1,P
loves,1,P
success,1,P
delighted,1,P
enjoying,1,P
bad,31,N
war,23,N
die,21,N
worst,5,N
negative,4,N
horrible,4,N
stressful,2,N
dead,2,N
ugly,2,N
horribly,2,N
nasty,2,N
dismal,2,N
killing,1,N
unprofessional,1,N
drown,1,N
pain,1,N
liars,1,N
spite,1,N
sick,1,N
hated,1,N
hurt,1,N
puke,1,N
disaster,1,N
unhealthy,1,N
disgusting,1,N
negative:,1,N
disturbing,1,N
abuse,1,N
lousy,1,N
disappointment,1,N
terribly,1,N
crappy,1,N
trapped,1,N
disgustingly,1,N
hell,1,N
