Word,Frq,Category
great,15,P
comfortable,10,P
free,6,P
excellent,5,P
best,5,P
kind,5,P
happy,3,P
enjoyed,3,P
pleasant,3,P
honored,3,P
super,3,P
bonus,2,P
perfect,2,P
delicious,1,P
excellent;,1,P
positive,1,P
honoring,1,P
smiled,1,P
generous,1,P
courteous,1,P
perfectly,1,P
honest,1,P
wow,1,P
freedom,1,P
comfortable;,1,P
strong,1,P
loves,1,P
amazing,1,P
bad,8,N
horrible,3,N
dead,2,N
disappointment,2,N
death,1,N
assaulted,1,N
negative,1,N
worst,1,N
nasty,1,N
stupid,1,N
unhealthy,1,N
