Word,Frq,Category
great,140,P
comfortable,78,P
best,50,P
excellent,50,P
free,43,P
enjoyed,38,P
wonderful,31,P
courteous,20,P
beautiful,20,P
awesome,19,P
pleasant,19,P
love,17,P
amazing,14,P
happy,12,P
super,12,P
loved,12,P
perfect,11,P
outstanding,11,P
superb,9,P
delicious,8,P
fantastic,7,P
wow,7,P
fun,6,P
ideal,6,P
kind,6,P
fabulous,6,P
appreciated,5,P
pleasure,4,P
positive,4,P
"""free",3,P
delightful,3,P
gorgeous,3,P
lovely,3,P
trust,2,P
friendliest,2,P
superior,2,P
bonus,2,P
delight,2,P
:d,2,P
loyalty,2,P
remarkable,2,P
impressive,2,P
loves,2,P
confidence,2,P
perfectly,2,P
appreciation,1,P
cheerful,1,P
gracious,1,P
smiled,1,P
enjoying,1,P
tops,1,P
success,1,P
marvelous,1,P
positives:,1,P
beloved,1,P
rich,1,P
prize,1,P
lifesaver,1,P
lovers,1,P
pleasurable,1,P
"""best",1,P
divine,1,P
brave,1,P
winner,1,P
encourage,1,P
courteous-,1,P
vip,1,P
strong,1,P
beautifully,1,P
sympathetic,1,P
delightfully,1,P
win,1,P
greatest,1,P
positively,1,P
wonderfully,1,P
war,12,N
bad,6,N
negative,4,N
disappointment,3,N
worst,3,N
die,3,N
horrible,2,N
frustrated,1,N
hurt,1,N
drown,1,N
criminal,1,N
disgusted,1,N
disgusting,1,N
hated,1,N
killed,1,N
disaster,1,N
horrific,1,N
bad:,1,N
fury,1,N
sin,1,N
