Word,Frq,Category
great,289,P
fun,126,P
loved,76,P
free,60,P
enjoyed,56,P
wonderful,52,P
best,48,P
comfortable,34,P
kind,29,P
excellent,26,P
happy,26,P
love,23,P
pleasant,21,P
perfect,21,P
amazing,21,P
awesome,18,P
super,14,P
courteous,13,P
fantastic,13,P
beautiful,8,P
luckily,7,P
enjoying,7,P
positive,7,P
delicious,7,P
strong,6,P
impressive,5,P
won,5,P
outstanding,5,P
appreciated,4,P
generous,4,P
celebrate,4,P
positives,4,P
pleasure,4,P
ideal,4,P
kudos,3,P
loves,3,P
prize,3,P
thankful,3,P
wow,3,P
fabulous,3,P
tops,3,P
trust,2,P
winner,2,P
enjoyment,2,P
honored,2,P
win,2,P
gain,2,P
peace,2,P
heaven,2,P
greatest,2,P
cheer,2,P
happily,2,P
gorgeous,2,P
lovely,2,P
cheerful,1,P
pleasurable,1,P
romance,1,P
bonus,1,P
laugh,1,P
superior,1,P
honest,1,P
survived,1,P
happiness,1,P
happier,1,P
appreciation,1,P
perfectly,1,P
celebrating,1,P
appreciative,1,P
wowed,1,P
yummy,1,P
courteous-,1,P
positive-,1,P
charming,1,P
"""wow",1,P
delight,1,P
bad,102,N
worst,34,N
horrible,32,N
negative,27,N
disgusting,23,N
nasty,13,N
sick,12,N
disgusted,9,N
dead,8,N
unprofessional,7,N
disappointment,6,N
disaster,6,N
lousy,5,N
hate,5,N
kill,5,N
crappy,4,N
horribly,4,N
terribly,4,N
killed,4,N
violated,4,N
stupid,4,N
frustrated,3,N
hurt,3,N
horrid,3,N
failed,3,N
enemy,3,N
pain,3,N
dreaded,2,N
horror,2,N
lying,2,N
horrified,2,N
pathetic,2,N
puke,2,N
stressful,2,N
cancer,2,N
chaos,2,N
threat,2,N
saddest,1,N
horrific,1,N
violently,1,N
threatening,1,N
insult,1,N
fired,1,N
rudest,1,N
drowned,1,N
harassed,1,N
painfully,1,N
killing,1,N
dumb,1,N
neglected,1,N
disgustingly,1,N
abusive,1,N
heartbroken,1,N
stench,1,N
failure,1,N
obscene,1,N
ruin,1,N
cruel,1,N
horrendous,1,N
"hell""",1,N
fraud,1,N
spite,1,N
pissed,1,N
bad:,1,N
death,1,N
angry,1,N
hated,1,N
furious,1,N
torture,1,N
violating,1,N
