Word,Frq,Category
great,147,P
free,89,P
comfortable,65,P
fun,33,P
loved,31,P
kind,27,P
bliss,26,P
best,24,P
enjoyed,23,P
pleasant,21,P
excellent,20,P
love,19,P
super,17,P
perfect,14,P
awesome,12,P
happy,12,P
wonderful,9,P
fantastic,8,P
amazing,7,P
beautiful,5,P
lovely,5,P
courteous,5,P
positive,3,P
ideal,3,P
enjoying,3,P
heavenly,3,P
bonus,3,P
great-,3,P
peace,2,P
praise,2,P
fabulous,2,P
kudos,2,P
cheerful,2,P
sexy,2,P
appreciated,2,P
luckily,2,P
gorgeous,2,P
pleasure,1,P
sympathetic,1,P
happily,1,P
outstanding,1,P
tops,1,P
smiled,1,P
impressive,1,P
elated,1,P
romance,1,P
wonderfully,1,P
positives,1,P
flawless,1,P
vibrant,1,P
sophisticated,1,P
delighted,1,P
comfortable;,1,P
heaven,1,P
delightful,1,P
lover,1,P
divine,1,P
honors,1,P
delicious,1,P
success,1,P
brilliant,1,P
friendliest,1,P
delight,1,P
lovers,1,P
strong,1,P
relaxation,1,P
positively,1,P
bad,31,N
negative,7,N
worst,5,N
nasty,4,N
dead,4,N
hate,4,N
horrible,3,N
trapped,3,N
die,3,N
frustrated,2,N
drown,2,N
ruin,2,N
disgusting,2,N
failed,2,N
hell,2,N
sick,2,N
death,1,N
neglected,1,N
horrid,1,N
criminal,1,N
kills,1,N
bad:,1,N
ugly:,1,N
dumb,1,N
kill,1,N
horror,1,N
died,1,N
pain,1,N
rotten,1,N
terror,1,N
unprofessional,1,N
insulted,1,N
stressful,1,N
stupid,1,N
infuriates,1,N
scam,1,N
ugly,1,N
ugly-,1,N
disappointment,1,N
crappy,1,N
painfully,1,N
killed,1,N
