Word,Frq,Category
super,160,P
great,143,P
free,95,P
comfortable,84,P
best,39,P
wonderful,27,P
excellent,27,P
pleasant,15,P
courteous,14,P
enjoyed,12,P
awesome,12,P
kind,12,P
perfect,11,P
loved,11,P
happy,10,P
amazing,10,P
love,9,P
fantastic,9,P
delicious,8,P
pleasure,6,P
wow,5,P
beautiful,5,P
appreciated,4,P
lovely,4,P
impressive,4,P
superior,3,P
strong,3,P
perfectly,3,P
positive,3,P
happily,3,P
honest,3,P
outstanding,3,P
praise,2,P
yummy,2,P
wonderfully,2,P
trust,2,P
bonus,2,P
fabulous,2,P
superb,2,P
greatest,2,P
splendid,2,P
delightful,2,P
fun,2,P
amaze,2,P
generous,2,P
gracious,2,P
loves,1,P
justice,1,P
congratulations,1,P
pleasing,1,P
honors,1,P
pleasurable,1,P
wonderful:,1,P
great;,1,P
brilliant,1,P
celebrate,1,P
ideal,1,P
blockbuster,1,P
delightfully,1,P
positively,1,P
happier,1,P
delight,1,P
beautifully,1,P
successful,1,P
magnificent,1,P
"""super",1,P
charming,1,P
negative,10,N
bad,8,N
die,6,N
worst,3,N
frustrated,2,N
fiasco,1,N
drowned,1,N
horrible,1,N
horrified,1,N
horribly,1,N
dead,1,N
ruin,1,N
failed,1,N
snafu,1,N
po',1,N
