Word,Frq,Category
great,432,P
comfortable,159,P
free,102,P
beautiful,97,P
excellent,88,P
best,80,P
wonderful,57,P
enjoyed,56,P
perfect,52,P
pleasant,44,P
loved,38,P
lovely,33,P
liberty,32,P
love,31,P
fantastic,30,P
kind,29,P
super,24,P
courteous,24,P
happy,17,P
amazing,16,P
awesome,16,P
fun,12,P
fabulous,12,P
impressive,11,P
appreciated,11,P
delicious,10,P
gorgeous,10,P
outstanding,7,P
superb,7,P
bonus,7,P
ideal,7,P
beautifully,7,P
positive,6,P
magnificent,6,P
perfectly,6,P
pleasure,5,P
vip,5,P
enjoying,4,P
reward,3,P
luckily,3,P
charming,3,P
gracious,3,P
beauty,3,P
marvelous,3,P
brilliant,2,P
positives,2,P
trust,2,P
wow,2,P
strong,2,P
kudos,2,P
won,2,P
happier,2,P
sophisticated,2,P
pleasurable,2,P
perfect:,2,P
delighted,2,P
graciously,2,P
yummy,2,P
wonderfully,2,P
encourage,2,P
grandeur,2,P
smiled,2,P
"""romance",2,P
delightful,2,P
cheery,1,P
hero,1,P
brightest,1,P
thankful,1,P
proudly,1,P
perfect;,1,P
heaven,1,P
cheerful,1,P
cheered,1,P
celebrate,1,P
rich,1,P
generous,1,P
divine,1,P
masterpiece,1,P
"liberty""",1,P
celebrating,1,P
gloriously,1,P
"""beautiful",1,P
great-,1,P
peace,1,P
friendliest,1,P
lovingly,1,P
glory,1,P
sexy,1,P
energized,1,P
romance,1,P
"""free",1,P
positives:,1,P
superb-,1,P
best:,1,P
"""love",1,P
tops,1,P
enthusiastically,1,P
glorious,1,P
remarkable,1,P
win,1,P
bad,23,N
negative,19,N
die,11,N
horrible,6,N
war,6,N
nasty,4,N
ugly,4,N
worst,4,N
terribly,3,N
stupid,3,N
hate,3,N
disturbing,2,N
crime,2,N
disappointment,2,N
wicked,2,N
dead,2,N
insult,1,N
angry,1,N
hated,1,N
stressful,1,N
thief,1,N
punish,1,N
tragedy,1,N
horribly,1,N
failed,1,N
obnoxiously,1,N
fuming,1,N
hell,1,N
killed,1,N
pain,1,N
death,1,N
troubling,1,N
dumb,1,N
spite,1,N
killer,1,N
bullied,1,N
brutally,1,N
po,1,N
insulted,1,N
chaos,1,N
po',1,N
sin,1,N
fail,1,N
