Word,Frq,Category
great,419,P
comfortable,179,P
free,114,P
excellent,88,P
best,65,P
wonderful,53,P
pleasant,47,P
enjoyed,44,P
beautiful,41,P
perfect,41,P
honors,40,P
loved,38,P
kind,28,P
happy,27,P
delicious,27,P
amazing,25,P
fantastic,23,P
super,23,P
liberty,21,P
awesome,21,P
love,21,P
lovely,20,P
outstanding,16,P
courteous,16,P
fun,14,P
fabulous,12,P
pleasure,11,P
impressive,9,P
bonus,9,P
positive,8,P
gorgeous,8,P
strong,7,P
ideal,7,P
yummy,7,P
wow,6,P
perfectly,6,P
superb,6,P
appreciated,5,P
happily,5,P
cheerful,5,P
wonderfully,4,P
superior,4,P
won,4,P
delighted,3,P
honest,3,P
kudos,3,P
luckily,3,P
reward,3,P
heavenly,2,P
celebrate,2,P
friendliest,2,P
beautifully,2,P
greatest,2,P
charming,2,P
magnificent,2,P
enjoying,2,P
gracious,2,P
smiled,2,P
positives,2,P
successful,2,P
positives:,2,P
superb-,1,P
"""free",1,P
delightful,1,P
vibrant,1,P
excellence,1,P
flawless,1,P
wowed,1,P
marvelous,1,P
fascinating,1,P
comfortable-,1,P
congratulations,1,P
happier,1,P
cheerily,1,P
relaxation,1,P
perfect-,1,P
graciously,1,P
miracle,1,P
pleasant;,1,P
success,1,P
wonderful;,1,P
rewarding,1,P
"love""",1,P
great;,1,P
lover,1,P
supreme,1,P
celebrated,1,P
trust,1,P
remarkable,1,P
vip,1,P
heaven,1,P
"""romance",1,P
honored,1,P
great-,1,P
bad,44,N
worst,13,N
die,12,N
negative,11,N
horrible,9,N
war,6,N
spite,4,N
livid,3,N
pain,3,N
dead,3,N
disappointment,3,N
terribly,3,N
nasty,3,N
disaster,2,N
hell,2,N
hate,2,N
disgusting,2,N
ugly,2,N
hated,2,N
insult,2,N
poorest,2,N
frustrated,2,N
stressful,2,N
sick,2,N
scam,1,N
excruciatingly,1,N
drown,1,N
ruin,1,N
death,1,N
hurt,1,N
depressed,1,N
disturbing,1,N
fired,1,N
lying,1,N
dreading,1,N
dreaded,1,N
anguish,1,N
violated,1,N
horrendous,1,N
cancer,1,N
failure,1,N
pita,1,N
dreadfully,1,N
horrified,1,N
curse,1,N
unprofessional,1,N
racist,1,N
dumb,1,N
suffer,1,N
sin,1,N
po,1,N
