Word,Frq,Category
great,34,P
free,32,P
comfortable,17,P
enjoyed,9,P
best,7,P
wonderful,7,P
loved,5,P
kind,4,P
excellent,4,P
amazing,4,P
courteous,3,P
happy,3,P
outstanding,3,P
appreciated,3,P
positive,2,P
perfect,2,P
super,2,P
beautiful,1,P
bonus,1,P
pleasure,1,P
pleasant,1,P
awesome,1,P
luckily,1,P
strong,1,P
enjoying,1,P
love,1,P
fabulous,1,P
delicious,1,P
honored,1,P
fun,1,P
cheer,1,P
worst,4,N
negative,3,N
bad,3,N
trapped,1,N
unprofessional,1,N
dumb,1,N
hatred,1,N
dead,1,N
illegal,1,N
hate,1,N
