Word,Frq,Category
loved,13,P
comfortable,9,P
great,8,P
best,6,P
pleasure,4,P
excellent,3,P
pleasant,3,P
perfect,3,P
wonderful,2,P
thankful,2,P
kind,2,P
free,2,P
ideal,2,P
fun,1,P
comfortable;,1,P
positives,1,P
beautiful,1,P
godsend,1,P
bonus:,1,P
strong,1,P
perfectly,1,P
brave,1,P
gracious,1,P
"""free",1,P
trust,1,P
lifesaver,1,P
courteous,1,P
bonus,1,P
peace,1,P
love,1,P
blessed,1,P
great-,1,P
bad,8,N
negative,4,N
disgusting,3,N
stressful,2,N
worst,2,N
hate,2,N
unhealthy,2,N
sick,1,N
cancer,1,N
illegal,1,N
hell,1,N
disgustingly,1,N
crime,1,N
pain,1,N
threat,1,N
terribly,1,N
death,1,N
crisis,1,N
