Word,Frq,Category
comfortable,35,P
free,29,P
great,26,P
pleasant,12,P
excellent,11,P
wonderful,7,P
perfect,6,P
courteous,6,P
best,5,P
appreciated,4,P
kind,4,P
outstanding,4,P
awesome,4,P
strong,3,P
super,3,P
fun,3,P
enjoyed,3,P
delight,2,P
positive,2,P
amazing,2,P
gracious,2,P
loved,2,P
happy,2,P
happily,2,P
fantastic,2,P
honest,2,P
bonus,2,P
luckily,2,P
yummy,1,P
kudos,1,P
free;,1,P
talented,1,P
tops,1,P
delightful,1,P
trust,1,P
wd,1,P
perfectly,1,P
flawless,1,P
wow,1,P
cheerful,1,P
liberty,1,P
impressive,1,P
bad,9,N
worst,9,N
horrible,6,N
hurt,2,N
frustrated,2,N
terribly,2,N
negative,1,N
nasty,1,N
disappointment,1,N
suffer,1,N
curse,1,N
disgusting,1,N
chaos,1,N
prison,1,N
angry,1,N
bad:,1,N
dead,1,N
ruin,1,N
failed,1,N
"""worst",1,N
stressful,1,N
war,1,N
