Word,Frq,Category
great,684,P
comfortable,189,P
excellent,123,P
loved,116,P
best,110,P
amazing,101,P
wonderful,83,P
perfect,80,P
free,74,P
beautiful,74,P
enjoyed,71,P
fantastic,67,P
love,64,P
super,61,P
fun,60,P
awesome,59,P
magnificent,48,P
fabulous,35,P
kind,34,P
happy,31,P
gorgeous,24,P
delicious,23,P
courteous,22,P
lovely,21,P
pleasant,20,P
outstanding,17,P
appreciated,17,P
pleasure,14,P
perfectly,13,P
superb,12,P
positive,12,P
wow,11,P
celebrate,11,P
bonus,8,P
sexy,8,P
enjoying,7,P
beautifully,7,P
ideal,6,P
impressive,6,P
relaxation,6,P
divine,5,P
vip,5,P
luckily,5,P
gracious,4,P
celebrated,4,P
sophisticated,4,P
charming,4,P
greatest,4,P
yummy,4,P
excellent;,3,P
generous,3,P
positives,3,P
delight,3,P
glorious,3,P
heavenly,3,P
superior,3,P
friendliest,3,P
heaven,3,P
delighted,3,P
celebrating,3,P
adore,3,P
miracle,2,P
thankful,2,P
perfection,2,P
happier,2,P
delightful,2,P
honour,2,P
glamorous,2,P
vibrant,2,P
wonderfully,2,P
strong,2,P
pleasing,2,P
"""free",2,P
great:,2,P
supreme,2,P
kudos,2,P
lover,2,P
beloved,1,P
rescue,1,P
wowed,1,P
remarkable,1,P
impressive;,1,P
funnest,1,P
darling,1,P
positively,1,P
brilliant,1,P
excels,1,P
best;,1,P
justice,1,P
"""honour",1,P
enjoys,1,P
loves,1,P
smiled,1,P
success,1,P
flawless,1,P
rich,1,P
"""magnificent",1,P
laugh,1,P
appreciation,1,P
encourage,1,P
die,51,N
bad,43,N
war,14,N
horrible,6,N
negative,6,N
sin,6,N
worst,5,N
disappointment,5,N
pain,4,N
unprofessional,4,N
hate,3,N
hated,3,N
sick,3,N
po',3,N
ugly,2,N
suffer,2,N
failed,2,N
killer,2,N
lousy,2,N
stressful,2,N
dead,2,N
ruin,2,N
stupid,2,N
neglected,2,N
obnoxiously,1,N
lying,1,N
dirtiest,1,N
rudest,1,N
frustrated,1,N
violently,1,N
disaster,1,N
pathetic,1,N
insulted,1,N
enemy,1,N
disastrous,1,N
offensively,1,N
terribly,1,N
hurt,1,N
painfully,1,N
bad:,1,N
spite,1,N
disgusting,1,N
horribly,1,N
infuriating,1,N
crappy,1,N
disturbing,1,N
chaos,1,N
hell;,1,N
excruciatingly,1,N
