Word,Frq,Category
great,115,P
comfortable,73,P
free,65,P
excellent,25,P
best,20,P
perfect,20,P
pleasant,15,P
enjoyed,13,P
wonderful,13,P
happy,12,P
love,11,P
loved,10,P
kind,8,P
courteous,7,P
fantastic,7,P
lovely,6,P
amazing,6,P
beautiful,5,P
outstanding,5,P
super,4,P
awesome,4,P
positive,4,P
comfortable;,3,P
perfectly,3,P
enjoying,3,P
ideal,3,P
fabulous,3,P
great-,2,P
pleasure,2,P
precious,2,P
liberty,2,P
honest,2,P
greatest,2,P
encourage,2,P
bonus,2,P
impressive,2,P
wow,2,P
delighted,2,P
loving,1,P
glory,1,P
wonderfully,1,P
appreciated,1,P
gain,1,P
won,1,P
fun,1,P
gracious,1,P
positives:,1,P
delicious,1,P
beautifully,1,P
superior,1,P
positives,1,P
charming,1,P
gorgeous,1,P
strong,1,P
smiled,1,P
graciously,1,P
encouraging,1,P
happily,1,P
kudos,1,P
bad,30,N
worst,7,N
horrible,7,N
die,6,N
negative,4,N
pathetic,2,N
ugly,2,N
failed,2,N
disappointment,2,N
hate,2,N
stressful,2,N
neglected,2,N
pain,1,N
lousy,1,N
disgusted,1,N
terribly,1,N
disturbing,1,N
killer,1,N
pathetic;,1,N
unprofessional,1,N
unhealthy,1,N
disgusting,1,N
painfully,1,N
cheated,1,N
sin,1,N
disgustingly,1,N
dead,1,N
hell,1,N
disaster,1,N
chaos,1,N
doomed,1,N
stinking,1,N
died,1,N
po',1,N
