Word,Frq,Category
great,330,P
free,107,P
comfortable,98,P
excellent,59,P
best,39,P
perfect,31,P
wonderful,29,P
pleasant,29,P
amazing,24,P
loved,22,P
awesome,19,P
enjoyed,19,P
super,18,P
magnificent,17,P
fantastic,16,P
kind,16,P
courteous,12,P
happy,12,P
love,9,P
beautiful,8,P
bonus,8,P
fun,7,P
ideal,7,P
appreciated,6,P
lovely,6,P
perfectly,5,P
delicious,5,P
loyalty,5,P
fabulous,5,P
outstanding,3,P
superb,3,P
miracle,3,P
winner,3,P
gorgeous,2,P
reward,2,P
free;,2,P
strong,2,P
cheerful,2,P
pleasure,2,P
"""loves",1,P
delightful,1,P
honest,1,P
happily,1,P
excellent:,1,P
bliss,1,P
splendid,1,P
yummy,1,P
gain,1,P
vip,1,P
celebrate,1,P
excellent;,1,P
positive,1,P
beautifully,1,P
champions,1,P
joy,1,P
great:,1,P
pleasing;,1,P
thankful,1,P
luckily,1,P
encourage,1,P
gratitude,1,P
cheer,1,P
amazing-,1,P
comfortable-,1,P
bonus:,1,P
peace,1,P
gracious,1,P
loves,1,P
graciously,1,P
pleasurable-,1,P
"""miracle",1,P
charming,1,P
delight,1,P
brilliant,1,P
smiled,1,P
heavenly,1,P
kudos,1,P
generous,1,P
super:,1,P
"""magnificent",1,P
bad,18,N
die,10,N
negative,9,N
horrible,6,N
war,6,N
angry,2,N
worst,2,N
disappointment:,2,N
disaster,2,N
horrendous,2,N
wicked,2,N
chaos,1,N
terribly,1,N
offending,1,N
traumatic,1,N
devastating,1,N
lying,1,N
drown,1,N
disgusting,1,N
frustrated,1,N
lousy,1,N
spite,1,N
ruin,1,N
crime,1,N
ugly,1,N
pain,1,N
terrifying,1,N
bad:,1,N
nasty,1,N
sick,1,N
criminal,1,N
hell,1,N
