Word,Frq,Category
great,25,P
free,24,P
comfortable,15,P
excellent,6,P
pleasant,5,P
super,5,P
enjoyed,5,P
kind,5,P
happy,5,P
best,4,P
perfect,3,P
happily,2,P
loved,2,P
thankful,2,P
awesome,2,P
appreciated,2,P
honored,2,P
honest,2,P
positive,2,P
perfectly,1,P
superior,1,P
positives,1,P
fantastic,1,P
won,1,P
kudos,1,P
lovely,1,P
heavenly,1,P
courteous,1,P
graciously,1,P
wonderfully,1,P
pleasantness,1,P
strong,1,P
beautiful,1,P
flawless,1,P
bad,8,N
nasty,2,N
worst,1,N
disturbing,1,N
pain,1,N
disgusting,1,N
dead,1,N
