Word,Frq,Category
great,45,P
best,26,P
comfortable,22,P
free,10,P
kind,5,P
super,5,P
beautiful,4,P
courteous,4,P
pleasant,4,P
excellent,4,P
love,3,P
wonderful,3,P
perfectly,2,P
enjoyed,1,P
loved,1,P
reward,1,P
wow,1,P
honest,1,P
happy,1,P
positive,1,P
impressive,1,P
tops,1,P
happily,1,P
positives:,1,P
lovely,1,P
generous,1,P
appreciated,1,P
great;,1,P
fabulous,1,P
won,1,P
winning,1,P
win,1,P
superior,1,P
amazing,1,P
delightful,1,P
bad,4,N
horrible,2,N
horribly,2,N
reek,1,N
stench,1,N
terribly,1,N
sick,1,N
hurt,1,N
lousy,1,N
fired,1,N
horrendous,1,N
disturbing,1,N
bad:,1,N
negative,1,N
worst,1,N
lying,1,N
