Word,Frq,Category
great,38,P
free,37,P
comfortable,36,P
excellent,19,P
best,12,P
pleasant,8,P
kind,6,P
wonderful,6,P
enjoyed,5,P
lovely,5,P
outstanding,5,P
loved,4,P
amazing,4,P
super,4,P
happy,3,P
fantastic,3,P
courteous,3,P
honest,2,P
cheerful,2,P
heavenly,2,P
strong,2,P
perfectly,2,P
bonus,2,P
love,2,P
appreciated,1,P
appreciative,1,P
tops,1,P
friendliest,1,P
positive,1,P
beautifully,1,P
fabulous,1,P
gracious,1,P
"""happy",1,P
impressive,1,P
wonderfully,1,P
pleasure,1,P
perfect,1,P
beautiful,1,P
"free""",1,P
vip,1,P
ideal,1,P
generous,1,P
awesome,1,P
honored,1,P
reward,1,P
romance,1,P
bad,17,N
negative,5,N
worst,3,N
horrible,2,N
disgusting,2,N
kill,1,N
fiasco,1,N
ugly,1,N
poisoning,1,N
dumb,1,N
disgusted,1,N
criminal,1,N
fired,1,N
stupid,1,N
crime,1,N
dead,1,N
spite,1,N
