Word,Frq,Category
free,64,P
great,45,P
comfortable,10,P
happy,10,P
loved,9,P
wonderful,7,P
enjoyed,6,P
perfect,5,P
excellent,5,P
pleasant,5,P
fun,4,P
amazing,3,P
kind,3,P
best,3,P
love,3,P
delicious,3,P
courteous,2,P
superb,2,P
appreciated,2,P
wow,2,P
awesome,2,P
super,2,P
lovely,2,P
pleasure,2,P
pleasant;,1,P
excellence,1,P
success,1,P
beautifully,1,P
pleasing,1,P
"""happy",1,P
funnest,1,P
'happy,1,P
great;,1,P
fabulous,1,P
beautiful,1,P
ideal,1,P
friendliest,1,P
celebrating,1,P
cheerful,1,P
luckily,1,P
positive,1,P
gracious,1,P
bad,3,N
negative,1,N
horrible,1,N
die,1,N
war,1,N
