Word,Frq,Category
great,45,P
comfortable,30,P
free,22,P
best,11,P
excellent,10,P
happy,9,P
pleasant,7,P
kind,5,P
beautiful,5,P
love,3,P
wonderful,3,P
perfect,3,P
courteous,3,P
fabulous,3,P
delicious,2,P
ideal,2,P
awesome,2,P
generous,2,P
luckily,2,P
loved,2,P
impressive,2,P
triumphantly,1,P
honors,1,P
positives:,1,P
pleasure,1,P
super,1,P
yummy,1,P
great:,1,P
strong,1,P
wow,1,P
tops,1,P
successful,1,P
delighted,1,P
honest,1,P
enjoyed,1,P
encouraging,1,P
cheer,1,P
amazing,1,P
positive,1,P
'free,1,P
celebrate,1,P
bad,23,N
worst,13,N
horrible,10,N
cancer,6,N
disgusting,5,N
nasty,3,N
disgusted,3,N
neglected,2,N
ugly,2,N
death,2,N
dead,2,N
stench,2,N
lying,2,N
hell,2,N
horrid,2,N
die,2,N
rejected,1,N
crime,1,N
crappy,1,N
negative,1,N
stealing,1,N
horribly,1,N
disgust,1,N
stressful,1,N
disaster,1,N
incompetence,1,N
crisis,1,N
horror,1,N
furious,1,N
prison,1,N
misery,1,N
irate,1,N
apocalyptic,1,N
killing,1,N
