Word,Frq,Category
great,31,P
best,11,P
comfortable,10,P
free,9,P
pleasant,7,P
wonderful,6,P
enjoyed,4,P
kind,4,P
perfect,3,P
loved,3,P
super,2,P
happy,2,P
awesome,2,P
excellent,2,P
delicious,2,P
fun,2,P
strong,1,P
trust,1,P
"""wonderful",1,P
happily,1,P
amazing,1,P
charming,1,P
kudos,1,P
magnificent,1,P
lovely,1,P
greatest,1,P
appreciated,1,P
friendliest,1,P
bonus,1,P
bad,12,N
dead,3,N
worst,2,N
pain,1,N
disgusting,1,N
dreading,1,N
dumb,1,N
frustrated,1,N
negative,1,N
horrible,1,N
torturous,1,N
enemy,1,N
