Word,Frq,Category
free,23,P
great,17,P
comfortable,13,P
best,11,P
excellent,8,P
perfect,5,P
happy,3,P
kind,2,P
ideal,2,P
beautiful,2,P
appreciated,2,P
enjoyed,2,P
super,2,P
fantastic,2,P
wonderful,2,P
bonus,2,P
outstanding,2,P
thankful,2,P
joy,1,P
precious,1,P
graciously,1,P
kindnesses,1,P
lovely,1,P
honest,1,P
loves,1,P
perfectly,1,P
generous,1,P
tops,1,P
loved,1,P
pleasant,1,P
happily,1,P
gracious,1,P
smiled,1,P
awesome,1,P
die,5,N
bad,3,N
lying,2,N
sick,2,N
disgusting,1,N
thieves,1,N
horrible,1,N
angry,1,N
disappointment,1,N
stressful,1,N
hurt,1,N
troubling,1,N
poisoning,1,N
havoc,1,N
