Word,Frq,Category
great,29,P
free,22,P
comfortable,7,P
best,6,P
pleasant,4,P
kind,4,P
wonderful,3,P
excellent,3,P
reward,3,P
happy,2,P
ideal,2,P
smartest,1,P
honest,1,P
greatest,1,P
strong,1,P
justice,1,P
"""happy",1,P
loyalty,1,P
lovely,1,P
generous,1,P
enjoyed,1,P
positive,1,P
bad,16,N
worst,8,N
horrible,5,N
disgusting,4,N
nasty,3,N
dead,3,N
lousy,2,N
killed,2,N
hated,1,N
disappointment,1,N
loser,1,N
insult,1,N
stupid,1,N
dumb,1,N
destroy,1,N
failed,1,N
pathetic,1,N
lying,1,N
unprofessional,1,N
horrendous,1,N
negative,1,N
horrid,1,N
disturbing,1,N
neglected,1,N
furious,1,N
die,1,N
