Word,Frq,Category
great,111,P
comfortable,51,P
beautiful,39,P
free,30,P
loved,28,P
pleasant,21,P
excellent,20,P
enjoyed,20,P
wonderful,18,P
fun,14,P
awesome,13,P
lovely,13,P
best,12,P
perfect,12,P
kind,12,P
love,10,P
super,8,P
happy,8,P
fantastic,7,P
beautifully,6,P
amazing,6,P
charming,5,P
luckily,4,P
enjoying,3,P
delicious,3,P
courteous,3,P
wow,3,P
superb,3,P
appreciated,2,P
delightful,2,P
smiled,2,P
positive,2,P
talented,2,P
reward,2,P
vibrant,2,P
heavenly,2,P
kudos,2,P
ideal,1,P
beautiful;,1,P
fabulous,1,P
bliss,1,P
brilliant,1,P
pleasing,1,P
happiness,1,P
perfectly,1,P
peace,1,P
friendliest,1,P
superior,1,P
fun;,1,P
impressing,1,P
bonus,1,P
gorgeous,1,P
generous,1,P
cheer,1,P
greatest,1,P
won,1,P
fascinating,1,P
delight,1,P
confidence,1,P
pleasure,1,P
delighted,1,P
yay,1,P
tops,1,P
bad,19,N
die,7,N
negative,3,N
chaos,3,N
worst,3,N
horrible,3,N
dead,2,N
disappointment,2,N
disgusted,1,N
crude,1,N
disaster,1,N
disgusting,1,N
brutal,1,N
suffer,1,N
hurt,1,N
hate,1,N
wth,1,N
killed,1,N
ruin,1,N
neglected,1,N
livid,1,N
kills,1,N
failed,1,N
dreaded,1,N
sick,1,N
horribly,1,N
