Word,Frq,Category
great,699,P
beautiful,243,P
wonderful,193,P
best,183,P
excellent,158,P
enjoyed,149,P
free,138,P
loved,125,P
amazing,105,P
fantastic,87,P
comfortable,85,P
fun,78,P
love,77,P
awesome,71,P
perfect,62,P
lovely,60,P
happy,55,P
fabulous,52,P
kind,49,P
outstanding,39,P
gorgeous,36,P
delicious,34,P
heavenly,34,P
pleasant,33,P
courteous,31,P
super,30,P
pleasure,19,P
enjoying,16,P
celebrate,16,P
positive,16,P
superb,16,P
relaxation,15,P
impressive,14,P
appreciated,13,P
beautifully,12,P
wow,12,P
delight,11,P
loves,11,P
honest,10,P
wonderfully,9,P
celebrated,9,P
delightful,8,P
celebrating,8,P
enjoys,6,P
bonus,6,P
won,6,P
luckily,6,P
gracious,6,P
kudos,6,P
heaven,6,P
beauty,5,P
r&r,5,P
ideal,5,P
graciously,5,P
friendliest,5,P
yummy,5,P
perfectly,5,P
success,4,P
delighted,4,P
cheerful,4,P
magnificent,4,P
happily,4,P
"""heavenly",4,P
gratitude,4,P
remarkable,4,P
generous,3,P
enjoyment,3,P
positives:,3,P
award,3,P
encourage,3,P
joy,3,P
pleasurable,3,P
charming,3,P
superior,3,P
"""happy",2,P
passionate,2,P
positives,2,P
trust,2,P
smiled,2,P
thankful,2,P
congratulations,2,P
splendid,2,P
grandeur,2,P
greatest,2,P
divine,2,P
"free""",2,P
vip,2,P
perfection,2,P
positively,2,P
successful,2,P
loyalty,2,P
'heavenly,2,P
comfortable;,1,P
winning,1,P
inspiration,1,P
happiness,1,P
"""super",1,P
excellently,1,P
bonus:,1,P
talented,1,P
bad,32,N
negative,19,N
horrible,15,N
disappointment,10,N
worst,9,N
sick,9,N
poisoning,6,N
nasty,5,N
hate,5,N
terribly,5,N
pain,4,N
lousy,3,N
dead,3,N
disaster,3,N
neglected,3,N
failed,3,N
angry,3,N
frustrated,2,N
killer,2,N
disturbing,2,N
spite,2,N
suffer,2,N
stupid,2,N
die,2,N
failing,2,N
insult,1,N
stressful,1,N
rob,1,N
dishonest,1,N
stealing,1,N
prisoner,1,N
poorest,1,N
unprofessional,1,N
horrid,1,N
suckers,1,N
trapped,1,N
terrorists,1,N
rudest,1,N
failure,1,N
lying,1,N
killed,1,N
hell,1,N
pathetic,1,N
painfully,1,N
crappy,1,N
troubling,1,N
bad:,1,N
rancid,1,N
dreadfully,1,N
poisonings,1,N
violently,1,N
horrendous,1,N
rotten,1,N
disaster-,1,N
disastrous,1,N
depressingly,1,N
weakest,1,N
kill,1,N
outraged,1,N
disgusting,1,N
hurt,1,N
furious,1,N
died,1,N
