Word,Frq,Category
free,60,P
great,56,P
comfortable,17,P
wonderful,16,P
excellent,7,P
best,7,P
fantastic,6,P
love,6,P
enjoyed,6,P
perfect,5,P
kind,5,P
pleasant,5,P
happy,5,P
awesome,4,P
wow,2,P
amazing,2,P
pleasure,2,P
fun,2,P
"""happy",2,P
outstanding,2,P
loved,2,P
yummy,1,P
impressive,1,P
bonus,1,P
courteous,1,P
charming,1,P
praise,1,P
appreciated,1,P
great;,1,P
super,1,P
positives:,1,P
"""free",1,P
loves,1,P
perfectly,1,P
beloved,1,P
miracle,1,P
freedom,1,P
bad,6,N
stench,2,N
horrible,2,N
crisis,2,N
disappointment,2,N
stealing,1,N
troubling,1,N
hate,1,N
sin,1,N
worst,1,N
ugly,1,N
