Word,Frq,Category
comfortable,14,P
great,12,P
wonderful,5,P
enjoyed,4,P
best,4,P
free,3,P
excellent,3,P
fantastic,2,P
courteous,2,P
honest,2,P
perfect,2,P
pleasant,2,P
super,2,P
kind,2,P
happy,2,P
loved,1,P
strong,1,P
appreciated,1,P
love,1,P
positive,1,P
joy,1,P
ethical,1,P
wonderfully,1,P
awesome,1,P
outstanding,1,P
bad,11,N
worst,4,N
disturbing,1,N
horrible,1,N
lousy,1,N
stealing,1,N
nasty,1,N
"""stupid",1,N
assaulted,1,N
negative,1,N
dishonest,1,N
enemy,1,N
