Word,Frq,Category
great,17,P
comfortable,13,P
free,12,P
best,8,P
excellent,7,P
happy,5,P
perfect,5,P
super,4,P
bliss,4,P
enjoyed,3,P
awesome,3,P
love,3,P
wonderful,3,P
positive,2,P
kind,2,P
beautiful,2,P
honored,2,P
"""happy",1,P
pleasant,1,P
trust,1,P
peace,1,P
enlighten,1,P
fantastic,1,P
outstanding,1,P
winner,1,P
appreciated,1,P
fun,1,P
tops,1,P
relaxation,1,P
bonus:,1,P
bad,2,N
unprofessional,2,N
killed,2,N
dead,2,N
worst,2,N
die,2,N
hurt,1,N
terribly,1,N
rudest,1,N
dreading,1,N
sick,1,N
horrors,1,N
horrified,1,N
disgust,1,N
horrid,1,N
disaster,1,N
negative,1,N
horrible,1,N
crime,1,N
insulted,1,N
bad:,1,N
ugly:,1,N
