Word,Frq,Category
free,54,P
great,50,P
comfortable,42,P
happy,18,P
excellent,16,P
best,14,P
enjoyed,12,P
courteous,8,P
wonderful,8,P
delicious,6,P
perfect,6,P
amazing,6,P
pleasant,5,P
love,4,P
loved,4,P
kind,4,P
positive,4,P
trust,3,P
perfectly,3,P
outstanding,3,P
beautiful,3,P
awesome,2,P
wow,2,P
lovely,2,P
honored,2,P
fun,2,P
bonus,1,P
delightful,1,P
honest,1,P
courteous;,1,P
charming,1,P
joy,1,P
appreciated,1,P
pleasure,1,P
impressive,1,P
free-,1,P
blessed,1,P
gracious,1,P
positively,1,P
bonuses,1,P
superior,1,P
bad,13,N
horrible,7,N
worst,5,N
disgusting,3,N
negative,3,N
die,3,N
unprofessional,2,N
horror,2,N
nasty,2,N
hurt,1,N
harassment,1,N
failing,1,N
angry,1,N
steals,1,N
wth,1,N
scam,1,N
poorest,1,N
threatening,1,N
killed,1,N
spite,1,N
criminal,1,N
crime,1,N
poisoning,1,N
sin,1,N
war,1,N
