Word,Frq,Category
great,64,P
free,32,P
comfortable,19,P
happy,14,P
best,14,P
enjoyed,12,P
excellent,10,P
loved,10,P
kind,8,P
wonderful,7,P
perfect,7,P
luckily,6,P
pleasant,5,P
courteous,5,P
beautiful,4,P
love,4,P
lovely,3,P
fun,3,P
amazing,3,P
positive,3,P
super,2,P
cheerful,2,P
fantastic,2,P
glamorous,2,P
sympathetic,1,P
reward,1,P
kudos,1,P
"""best",1,P
happier,1,P
pleasure,1,P
best-,1,P
loves,1,P
honored,1,P
godsend,1,P
great;,1,P
fabulous,1,P
marvelous,1,P
wonderfully,1,P
appreciated,1,P
laugh,1,P
encourage,1,P
joy,1,P
bonus,1,P
bad,17,N
negative,8,N
horrible,6,N
worst,5,N
disgusting,5,N
disappointment,2,N
nasty,2,N
die,2,N
suffer,1,N
hell,1,N
rob,1,N
stressful,1,N
ruin,1,N
ugly,1,N
angry,1,N
failed,1,N
prison,1,N
pathetic,1,N
cheated,1,N
violations,1,N
sick,1,N
dead,1,N
disturbing,1,N
horrified,1,N
disgust,1,N
drown,1,N
stench,1,N
sickening,1,N
