Word,Frq,Category
great,28,P
comfortable,13,P
free,10,P
happy,9,P
excellent,8,P
pleasant,7,P
best,6,P
beautiful,5,P
perfect,5,P
wonderful,5,P
loved,4,P
bliss,3,P
kind,3,P
enjoyed,3,P
"""happy",3,P
bonus,2,P
positive,2,P
beautifully,2,P
courteous,2,P
perfection,1,P
delicious,1,P
excellence,1,P
pleasure,1,P
wow,1,P
amazing,1,P
fantastic,1,P
super,1,P
appreciated,1,P
honest,1,P
happier,1,P
awesome,1,P
superior,1,P
kudos,1,P
positively,1,P
delightful,1,P
bad,4,N
negative,2,N
disaster,1,N
illegal,1,N
sick,1,N
rudest,1,N
pain,1,N
worst,1,N
horrible,1,N
sin,1,N
