Word,Frq,Category
great,91,P
comfortable,30,P
free,21,P
love,15,P
amazing,13,P
excellent,13,P
loved,13,P
fantastic,12,P
happy,12,P
best,11,P
beautiful,11,P
enjoyed,10,P
lovely,10,P
wonderful,10,P
pleasant,9,P
perfect,8,P
super,7,P
outstanding,6,P
fun,5,P
kind,3,P
delicious,3,P
beautifully,3,P
awesome,3,P
superb,2,P
pleasure,2,P
generous,2,P
enjoying,2,P
cheerful,2,P
delightful,2,P
gracious,2,P
pleasing,2,P
fabulous,2,P
sexy,2,P
courteous,2,P
appreciated,2,P
pleasantness,1,P
gain,1,P
glorious,1,P
remarkable,1,P
kudos,1,P
loves,1,P
yummy,1,P
"""happy",1,P
perfectly,1,P
pleasant;,1,P
delight,1,P
strong,1,P
blockbuster,1,P
bonus,1,P
fun-,1,P
celebrate,1,P
smiled,1,P
rich,1,P
superior,1,P
reward,1,P
charming,1,P
divine,1,P
justice,1,P
wow,1,P
gorgeous,1,P
happily,1,P
bad,5,N
war,5,N
disappointment,3,N
worst,3,N
negative,2,N
disgusting,2,N
pain,1,N
snafu,1,N
disaster,1,N
kill,1,N
illegal,1,N
dead,1,N
ugly,1,N
rudest,1,N
prison,1,N
die,1,N
