Word,Frq,Category
great,22,P
comfortable,10,P
best,8,P
free,6,P
beautiful,6,P
wonderful,5,P
enjoyed,4,P
awesome,3,P
kind,3,P
outstanding,2,P
happier,2,P
happy,2,P
strong,2,P
super,2,P
fun,2,P
love,2,P
pleasant,2,P
encourage,1,P
impressive,1,P
fabulous,1,P
laugh,1,P
tops,1,P
honored,1,P
wow-,1,P
loved,1,P
bad,24,N
worst,18,N
nasty,11,N
disgusting,8,N
horrible,8,N
liar,4,N
enemy,3,N
angry,3,N
dead,2,N
disaster,2,N
frustrated,2,N
negative,2,N
lying,2,N
losers,1,N
riot,1,N
fearing,1,N
hell,1,N
furious,1,N
suffer,1,N
revenge,1,N
poisoning,1,N
horribly,1,N
disappointment,1,N
insult,1,N
negativity,1,N
crime,1,N
vile,1,N
sick,1,N
disgust,1,N
drown,1,N
torture,1,N
