Word,Frq,Category
great,76,P
love,54,P
comfortable,27,P
excellent,25,P
free,12,P
perfect,11,P
enjoyed,10,P
happy,10,P
wonderful,8,P
pleasant,8,P
beautiful,8,P
pleasure,6,P
outstanding,6,P
courteous,6,P
amazing,6,P
fantastic,4,P
super,4,P
best,4,P
superb,3,P
lovely,3,P
delicious,3,P
loved,3,P
appreciated,3,P
awesome,2,P
impressive,2,P
positive,2,P
kudos,2,P
fun,2,P
flawless,1,P
beautifully,1,P
helpfully,1,P
justice,1,P
gracious,1,P
fabulous,1,P
friendliest,1,P
celebrating,1,P
honored,1,P
delight,1,P
remarkable,1,P
superior,1,P
vibrant,1,P
wow,1,P
bliss,1,P
kind,1,P
trust,1,P
strong,1,P
pleasurable,1,P
comfortable;,1,P
great;,1,P
enjoying,1,P
bad,5,N
dead,2,N
illegal,1,N
poisoning,1,N
frustrated,1,N
horrible,1,N
crappy,1,N
stressful,1,N
horrific,1,N
worst,1,N
ugly,1,N
hurt,1,N
negative,1,N
crime,1,N
