Word,Frq,Category
great,134,P
comfortable,64,P
free,63,P
excellent,39,P
best,32,P
pleasant,17,P
amazing,16,P
wonderful,14,P
beautiful,14,P
super,12,P
lovely,12,P
kind,11,P
enjoyed,10,P
courteous,9,P
loved,8,P
impressive,7,P
outstanding,7,P
fabulous,7,P
appreciated,6,P
perfectly,6,P
happy,5,P
fantastic,5,P
ideal,5,P
bonus,5,P
love,5,P
delicious,4,P
awesome,4,P
positive,4,P
pleasure,4,P
superb,3,P
kudos,3,P
positives,3,P
perfect,3,P
celebrate,3,P
luckily,3,P
"""happy",3,P
greatest,2,P
honest,2,P
enjoying,2,P
wow,2,P
successful,2,P
cheerful,2,P
superior,2,P
gorgeous,2,P
vip,2,P
delighted,2,P
romance,1,P
gratitude,1,P
appreciation,1,P
generous,1,P
survived,1,P
heaven,1,P
happily,1,P
heavenly,1,P
comfortable;,1,P
"""free",1,P
comfortable-,1,P
wonderfully,1,P
yummy,1,P
perfect-,1,P
laugh,1,P
fun,1,P
praise,1,P
peace,1,P
positives:,1,P
strong,1,P
trust,1,P
joy,1,P
loyalty,1,P
graciousness,1,P
smiled,1,P
amazement,1,P
grandeur,1,P
confidence,1,P
bad,24,N
worst,9,N
negative,7,N
horrible,6,N
stupid,4,N
trapped,3,N
disgusting,3,N
die,3,N
pain,3,N
spite,2,N
failure,2,N
nasty,2,N
hate,2,N
angry,2,N
lousy,2,N
hurt,2,N
pathetic,2,N
ruin,2,N
ugly,2,N
sick,2,N
dead,1,N
lying,1,N
disappointment,1,N
miseries,1,N
horrendous,1,N
horrid,1,N
bad-,1,N
horrified,1,N
wtf,1,N
bankrupt,1,N
horror,1,N
illegal,1,N
scam,1,N
crappy,1,N
killing,1,N
disturbing,1,N
disgusted,1,N
disgustingly,1,N
died,1,N
hell,1,N
stinking,1,N
horrific,1,N
po',1,N
