Word,Frq,Category
great,31,P
love,21,P
comfortable,15,P
free,12,P
excellent,11,P
wonderful,6,P
perfect,6,P
kind,6,P
enjoyed,6,P
fun,4,P
best,4,P
happy,4,P
outstanding,4,P
pleasant,4,P
courteous,2,P
beautiful,2,P
delicious,2,P
loved,2,P
gracious,2,P
super,2,P
delightful,1,P
superb,1,P
marvelous,1,P
peace,1,P
awesome,1,P
wow,1,P
pleasure,1,P
amazing,1,P
congratulations,1,P
fantastic,1,P
comfortable;,1,P
excellent;,1,P
sympathetic,1,P
strong,1,P
bad,16,N
die,5,N
worst,3,N
war,3,N
crappy,1,N
horrible,1,N
dumb,1,N
horror,1,N
livid,1,N
nasty,1,N
