Word,Frq,Category
great,345,P
comfortable,122,P
excellent,97,P
free,69,P
best,59,P
beautiful,57,P
wonderful,37,P
perfect,36,P
loved,34,P
fantastic,33,P
enjoyed,32,P
amazing,25,P
lovely,24,P
super,23,P
awesome,23,P
love,22,P
pleasant,20,P
kind,19,P
gorgeous,17,P
happy,15,P
appreciated,13,P
courteous,13,P
outstanding,12,P
fabulous,11,P
fun,10,P
delicious,10,P
pleasure,9,P
superb,8,P
impressive,8,P
positive,7,P
joy,6,P
beautifully,5,P
ideal,4,P
wow,4,P
bonus,4,P
gracious,4,P
win,4,P
luckily,3,P
strong,3,P
friendliest,3,P
splendid,3,P
magnificent,3,P
trust,3,P
pleasing,3,P
flawless,2,P
delight,2,P
kudos,2,P
heavenly,2,P
won,2,P
superior,2,P
happily,2,P
greatest,2,P
comfortable;,2,P
beauty,2,P
charming,2,P
glorified,1,P
heaven,1,P
enjoyment,1,P
"best""",1,P
admiration,1,P
honored,1,P
brightest,1,P
perfectly,1,P
perfection,1,P
generous,1,P
justice,1,P
remarkable,1,P
honest,1,P
ecstatic,1,P
encourage,1,P
gain,1,P
marvelous,1,P
wins,1,P
excellence,1,P
wonderfully,1,P
'free,1,P
hopeful,1,P
celebrate,1,P
glamour,1,P
cheering,1,P
vibrant,1,P
"impressive""",1,P
divine,1,P
"""great",1,P
praise,1,P
die,30,N
bad,29,N
horrible,10,N
negative,5,N
failed,4,N
spite,3,N
worst,3,N
disappointment,3,N
stupid,3,N
disaster,3,N
war,3,N
pain,2,N
killer,2,N
ugly,2,N
hate,2,N
horror,2,N
hated,2,N
nasty,2,N
hell,2,N
bad:,2,N
sin,2,N
pathetic,1,N
death,1,N
curse,1,N
failure,1,N
hurt,1,N
rejected,1,N
insult,1,N
angry,1,N
arrogance,1,N
lousy,1,N
neglected,1,N
horrendous,1,N
terribly,1,N
disgusting,1,N
crappy,1,N
dirtiest,1,N
dead,1,N
pain;,1,N
negative:,1,N
dreadfully,1,N
fail,1,N
