Word,Frq,Category
great,46,P
comfortable,32,P
free,22,P
excellent,19,P
enjoyed,13,P
best,11,P
happy,9,P
loved,8,P
perfect,8,P
beautiful,8,P
lovely,7,P
wonderful,6,P
kind,6,P
courteous,5,P
ideal,5,P
super,4,P
pleasure,4,P
appreciated,4,P
pleasant,4,P
love,4,P
fantastic,3,P
fun,2,P
strong,2,P
fabulous,2,P
reward,2,P
cheerful,2,P
perfectly,2,P
gorgeous,2,P
amazing,2,P
delicious,1,P
superb,1,P
enjoying,1,P
delight,1,P
congratulations,1,P
awesome,1,P
honest,1,P
bonus,1,P
award,1,P
happily,1,P
pleasing,1,P
positive,1,P
paradise,1,P
treasured,1,P
remarkable,1,P
greatest,1,P
delighted,1,P
fascinating,1,P
beautifully,1,P
outstanding,1,P
peace,1,P
encourage,1,P
excellent;,1,P
sophisticated,1,P
"""free",1,P
bad,8,N
die,6,N
snafu,2,N
war,2,N
nasty,1,N
painfully,1,N
horrible,1,N
pain,1,N
