Word,Frq,Category
great,139,P
free,102,P
comfortable,33,P
perfect,26,P
best,25,P
excellent,24,P
wonderful,20,P
super,18,P
loved,14,P
amazing,12,P
pleasant,11,P
enjoyed,10,P
awesome,8,P
fun,8,P
kind,7,P
happy,6,P
lovely,6,P
love,5,P
bonus,5,P
fantastic,4,P
happily,3,P
greatest,3,P
enjoying,3,P
wow,3,P
perfectly,2,P
luckily,2,P
ideal,2,P
appreciated,2,P
charming,2,P
courteous,2,P
fabulous,2,P
positive,2,P
positives,2,P
impressive,1,P
brave,1,P
tops,1,P
winning,1,P
pleasure,1,P
delightfully,1,P
beautifully,1,P
'free,1,P
kudos,1,P
lovers,1,P
splendid,1,P
great;,1,P
"""free",1,P
beautiful,1,P
friendliest,1,P
peace,1,P
bad,19,N
die,9,N
worst,5,N
negative,4,N
war,4,N
dumb,2,N
hate,2,N
bad:,2,N
unprofessional,2,N
harassed,2,N
angered,1,N
crime,1,N
nasty,1,N
hated,1,N
neglected,1,N
abuse,1,N
humiliation,1,N
drown,1,N
horribly,1,N
frustrated,1,N
hell,1,N
killed,1,N
horrifying,1,N
po',1,N
