Word,Frq,Category
great,76,P
best,36,P
wonderful,33,P
beautiful,32,P
comfortable,29,P
amazing,27,P
loved,26,P
love,23,P
perfect,20,P
fabulous,18,P
lovely,18,P
enjoyed,16,P
delicious,15,P
free,14,P
fun,14,P
excellent,11,P
outstanding,11,P
happy,11,P
gorgeous,10,P
fantastic,7,P
relaxation,7,P
kind,7,P
super,5,P
pleasant,5,P
beautifully,5,P
enjoying,5,P
awesome,5,P
superb,4,P
perfectly,4,P
rich,4,P
glorious,3,P
bliss,3,P
appreciated,3,P
yummy,3,P
impressive,3,P
heaven,2,P
celebrate,2,P
positive,2,P
beauty,2,P
loves,2,P
talented,2,P
courteous,2,P
bonus,2,P
cheery,2,P
won,2,P
pleasure,2,P
luckily,2,P
trust,1,P
comfortable;,1,P
delightful,1,P
gracious,1,P
divine,1,P
joy,1,P
happier,1,P
praise,1,P
enjoyment,1,P
excellent:,1,P
"""free",1,P
wonderfully,1,P
laugh,1,P
excellence,1,P
charming,1,P
positively,1,P
enlightening,1,P
smiled,1,P
treasured,1,P
brilliant,1,P
confidence,1,P
"best""",1,P
friendliest,1,P
flawless,1,P
wonderful-,1,P
sophisticated,1,P
gain,1,P
"""beautiful",1,P
greatest,1,P
delight,1,P
celebrated,1,P
encourage:,1,P
"love""",1,P
celebrating,1,P
rewarding,1,P
amaze,1,P
superior,1,P
perfection,1,P
bad,8,N
negative,4,N
die,2,N
hate,2,N
failed,2,N
stressful,2,N
disgusting,2,N
worst,2,N
killer,1,N
pain,1,N
disappointment,1,N
lying,1,N
failing,1,N
horrible,1,N
unprofessional,1,N
frustrated,1,N
ugly,1,N
hell,1,N
pathetic,1,N
failure,1,N
kill,1,N
arrogance,1,N
