Word,Frq,Category
great,468,P
beautiful,222,P
comfortable,147,P
excellent,138,P
best,132,P
free,109,P
wonderful,108,P
lovely,95,P
perfect,89,P
amazing,75,P
fantastic,74,P
enjoyed,71,P
love,68,P
loved,60,P
gorgeous,44,P
outstanding,43,P
pleasant,37,P
happy,36,P
courteous,35,P
fabulous,30,P
superb,30,P
impressive,29,P
fun,29,P
kind,28,P
super,25,P
beautifully,25,P
charming,24,P
delicious,20,P
freedom,16,P
pleasure,15,P
superior,14,P
positive,14,P
ideal,12,P
delightful,10,P
awesome,10,P
gracious,10,P
grandeur,10,P
wow,10,P
celebrate,8,P
celebrating,8,P
generous,8,P
beauty,7,P
luckily,7,P
appreciated,6,P
bonus,6,P
brilliant,6,P
perfectly,6,P
strong,6,P
celebrated,5,P
delighted,5,P
vip,5,P
honest,4,P
delight,4,P
positives,4,P
happily,4,P
magnificent,4,P
divine,4,P
heavenly,4,P
tops,4,P
heaven,3,P
sweetheart,3,P
vibrant,3,P
liberty,3,P
splendid,3,P
joy,3,P
sophisticated,3,P
friendliest,3,P
sympathetic,3,P
won,3,P
greatest,3,P
excellence,3,P
precious,3,P
loves,2,P
wins,2,P
"""happy",2,P
pleasing,2,P
gorgeously,2,P
rich,2,P
gain,2,P
graciously,2,P
glorious,2,P
kudos,2,P
honour,2,P
glory,2,P
enjoys,2,P
smiled,2,P
great-,2,P
flawless,2,P
wonderfully,1,P
"beautiful""",1,P
encourage,1,P
cleverly,1,P
appreciative,1,P
praise,1,P
fabulous;,1,P
happier,1,P
lovers,1,P
outstanding;,1,P
cheery,1,P
impressive;,1,P
die,38,N
bad,35,N
negative,22,N
war,15,N
worst,11,N
disappointment,8,N
pain,8,N
horrible,5,N
hate,4,N
failed,4,N
crisis,3,N
terribly,2,N
horrified,2,N
insulted,2,N
lying,2,N
ugly,2,N
spite,2,N
snafu,2,N
bad:,2,N
nasty,2,N
po',2,N
irritation,1,N
stressful,1,N
betrayed,1,N
neglected,1,N
disaster,1,N
grim,1,N
fired,1,N
death,1,N
fail,1,N
ruin,1,N
disgusting,1,N
obscene,1,N
drown,1,N
horrid,1,N
painfully,1,N
pathetic,1,N
disgusted,1,N
stench,1,N
died,1,N
disastrous,1,N
infuriating,1,N
hated,1,N
dead,1,N
hurt,1,N
angry,1,N
arrogance,1,N
devastating,1,N
sick,1,N
kill,1,N
