Word,Frq,Category
great,1002,P
comfortable,444,P
free,286,P
beautiful,237,P
excellent,228,P
best,185,P
wonderful,158,P
perfect,124,P
lovely,115,P
pleasant,108,P
loved,101,P
enjoyed,97,P
fantastic,91,P
happy,86,P
kind,79,P
amazing,76,P
love,66,P
freedom,63,P
super,55,P
fun,45,P
courteous,42,P
perfectly,39,P
charming,36,P
gorgeous,35,P
impressive,35,P
ideal,34,P
awesome,30,P
fabulous,29,P
positive,29,P
outstanding,27,P
luckily,22,P
appreciated,22,P
superb,21,P
pleasure,18,P
beautifully,18,P
delicious,16,P
rich,12,P
happily,11,P
strong,10,P
wow,10,P
celebrate,10,P
trust,9,P
delightful,9,P
grandeur,9,P
generous,8,P
magnificent,8,P
greatest,7,P
laugh,6,P
peace,6,P
delighted,6,P
superior,6,P
positives,6,P
honest,6,P
wonderfully,6,P
bonus,5,P
happier,5,P
enjoying,5,P
vip,5,P
beauty,5,P
cheerful,5,P
gracious,5,P
fascinating,5,P
friendliest,4,P
great-,4,P
delight,4,P
positive:,4,P
graciously,4,P
praise,4,P
heaven,4,P
smiled,4,P
brilliant,4,P
glamorous,3,P
positives:,3,P
gain,3,P
encourage,3,P
comfortable;,3,P
"""happy",3,P
yummy,3,P
ecstatic,3,P
great:,3,P
celebrating,2,P
success,2,P
honored,2,P
successful,2,P
glorious,2,P
appreciates,2,P
remarkable,2,P
win,2,P
positively,2,P
winning,2,P
relaxation,2,P
confidence,2,P
cheery,2,P
great;,2,P
marvelous,2,P
justice,2,P
won,2,P
sympathetic,1,P
loves,1,P
romance,1,P
great,1002,N
comfortable,444,N
free,286,N
beautiful,237,N
excellent,228,N
best,185,N
wonderful,158,N
perfect,124,N
lovely,115,N
pleasant,108,N
loved,101,N
enjoyed,97,N
fantastic,91,N
happy,86,N
kind,79,N
amazing,76,N
love,66,N
freedom,63,N
super,55,N
fun,45,N
courteous,42,N
perfectly,39,N
charming,36,N
gorgeous,35,N
impressive,35,N
ideal,34,N
awesome,30,N
fabulous,29,N
positive,29,N
outstanding,27,N
luckily,22,N
appreciated,22,N
superb,21,N
pleasure,18,N
beautifully,18,N
delicious,16,N
rich,12,N
happily,11,N
strong,10,N
wow,10,N
celebrate,10,N
trust,9,N
delightful,9,N
grandeur,9,N
generous,8,N
magnificent,8,N
greatest,7,N
laugh,6,N
peace,6,N
delighted,6,N
superior,6,N
positives,6,N
honest,6,N
wonderfully,6,N
bonus,5,N
happier,5,N
enjoying,5,N
vip,5,N
beauty,5,N
cheerful,5,N
gracious,5,N
fascinating,5,N
friendliest,4,N
great-,4,N
delight,4,N
positive:,4,N
graciously,4,N
praise,4,N
heaven,4,N
smiled,4,N
brilliant,4,N
glamorous,3,N
positives:,3,N
gain,3,N
encourage,3,N
comfortable;,3,N
"""happy",3,N
yummy,3,N
ecstatic,3,N
great:,3,N
celebrating,2,N
success,2,N
honored,2,N
successful,2,N
glorious,2,N
appreciates,2,N
remarkable,2,N
win,2,N
positively,2,N
winning,2,N
relaxation,2,N
confidence,2,N
cheery,2,N
great;,2,N
marvelous,2,N
justice,2,N
won,2,N
sympathetic,1,N
loves,1,N
romance,1,N
