Word,Frq,Category
great,185,P
comfortable,91,P
perfect,55,P
beautiful,52,P
lovely,49,P
wonderful,46,P
excellent,43,P
best,36,P
free,28,P
charming,25,P
fantastic,22,P
loved,22,P
pleasant,21,P
enjoyed,17,P
love,17,P
kind,15,P
superb,13,P
gorgeous,13,P
delicious,12,P
courteous,11,P
beautifully,10,P
amazing,10,P
perfectly,9,P
outstanding,9,P
fabulous,8,P
happy,8,P
gracious,6,P
super,6,P
positive,5,P
fun,5,P
delighted,5,P
pleasure,5,P
celebrate,4,P
remarkable,3,P
luckily,3,P
wow,3,P
strong,3,P
award,3,P
won,3,P
magnificent,3,P
heaven,3,P
appreciated,3,P
delightful,3,P
awesome,3,P
bonus,2,P
yummy,2,P
winner,2,P
perfection,2,P
sophisticated,2,P
hopeful,2,P
winning,2,P
impressive,2,P
positives,2,P
brilliant,2,P
great-,2,P
beauty,2,P
ideal,2,P
freedom,2,P
happier,2,P
positively,1,P
cheerful,1,P
graciously,1,P
tops,1,P
wonderful:,1,P
splendid,1,P
happily,1,P
graciousness,1,P
blessed,1,P
peace,1,P
happiest,1,P
wonderfully,1,P
loves,1,P
honors,1,P
loverly,1,P
encourage,1,P
marvelous,1,P
superior,1,P
perfect:,1,P
darling,1,P
rich,1,P
smiled,1,P
generous,1,P
praise,1,P
prettiest,1,P
bad,12,N
die,12,N
negative,11,N
worst,8,N
war,6,N
disappointment,3,N
horrid,3,N
lying,2,N
sin,2,N
horrible,2,N
dead,2,N
ugly,2,N
sick,2,N
disgusting,2,N
stressful,2,N
painfully,1,N
dreadfully,1,N
frustrated,1,N
raging,1,N
failed,1,N
fraud,1,N
fail,1,N
drowned,1,N
pissed,1,N
disgusted,1,N
pain,1,N
hate,1,N
disturbing,1,N
hell,1,N
kill,1,N
regrettable,1,N
spite,1,N
