Word,Frq,Category
great,469,P
free,172,P
comfortable,163,P
excellent,101,P
best,67,P
enjoyed,60,P
wonderful,59,P
perfect,56,P
pleasant,51,P
honors,42,P
lovely,42,P
happy,32,P
loved,32,P
amazing,31,P
fantastic,29,P
beautiful,28,P
super,26,P
awesome,18,P
courteous,18,P
kind,17,P
fabulous,17,P
love,13,P
fun,13,P
ideal,12,P
freedom,12,P
positive,11,P
pleasure,11,P
superb,10,P
superior,10,P
outstanding,7,P
appreciated,7,P
perfectly,7,P
impressive,7,P
luckily,6,P
celebrate,6,P
brilliant,6,P
generous,5,P
strong,5,P
honest,5,P
delicious,5,P
loyalty,4,P
bonus,4,P
heavenly,4,P
reward,3,P
gorgeous,3,P
enjoying,3,P
delightful,3,P
happily,3,P
tops,3,P
delighted,3,P
magnificent,3,P
trust,2,P
glamorous,2,P
flawless,2,P
winning,2,P
gracious,2,P
beautifully,2,P
excellently,2,P
celebrated,2,P
rewarding,2,P
lover,2,P
wow,2,P
cheery,2,P
charming,2,P
relaxation,2,P
ideal:,2,P
comfortable;,2,P
kudos,2,P
vip,2,P
happier,2,P
cheerful,2,P
rescue,1,P
"best""",1,P
won',1,P
delight,1,P
superb;,1,P
inspirational,1,P
award,1,P
splendid,1,P
-vip,1,P
remarkable,1,P
positive;,1,P
pleasing,1,P
positives:,1,P
graciously,1,P
smiled,1,P
marvelous,1,P
beautiful;,1,P
beautify,1,P
trustworthy,1,P
praise,1,P
"vip""",1,P
"""superior",1,P
sweetheart,1,P
free-,1,P
excellent:,1,P
celebrating,1,P
winner,1,P
excellent-,1,P
fantastic;,1,P
die,39,N
bad,33,N
war,18,N
negative,11,N
worst,10,N
disappointment,9,N
horrible,5,N
hate,3,N
stressful,3,N
fail,2,N
sick,2,N
bad:,2,N
hurt,2,N
sin,2,N
threatening,1,N
suffer,1,N
disgusting,1,N
ugly,1,N
hated,1,N
died,1,N
neglected,1,N
angry,1,N
ugly:,1,N
scam,1,N
wth,1,N
horrible-,1,N
failing,1,N
dreaded,1,N
unprofessional,1,N
failed,1,N
poisoning,1,N
dead,1,N
insult,1,N
pain,1,N
lying,1,N
frustrated,1,N
misery,1,N
wars,1,N
terribly,1,N
chaos,1,N
