Word,Frq,Category
great,753,P
comfortable,222,P
excellent,161,P
best,131,P
free,112,P
wonderful,83,P
perfect,76,P
champions,62,P
loved,61,P
enjoyed,57,P
fantastic,55,P
pleasant,52,P
amazing,51,P
beautiful,47,P
super,46,P
love,41,P
happy,38,P
lovely,31,P
fun,26,P
freedom,25,P
awesome,25,P
kind,23,P
fabulous,21,P
ideal,21,P
superb,18,P
courteous,18,P
outstanding,16,P
appreciated,16,P
delicious,12,P
positive,10,P
bonus,9,P
luckily,9,P
perfectly,9,P
pleasure,7,P
impressive,7,P
happily,5,P
celebrating,5,P
strong,5,P
enjoying,5,P
wow,4,P
heaven,4,P
honored,4,P
reward,4,P
wonderfully,3,P
beautifully,3,P
comfortable;,3,P
generous,3,P
gracious,3,P
superior,3,P
celebrate,3,P
gorgeous,3,P
yummy,3,P
champion,3,P
greatest,2,P
brilliant,2,P
marvelous,2,P
cheerful,2,P
helpfully,2,P
gain,2,P
delightful,2,P
positives,2,P
won,2,P
supreme,2,P
thankful,2,P
pleasurable,2,P
pleasing,2,P
loves,2,P
heavenly,2,P
inspire,2,P
trust,2,P
winner,2,P
kudos,1,P
win,1,P
beautiful:,1,P
magnificent:,1,P
cheery,1,P
wowed,1,P
graciousness,1,P
positively,1,P
magnificent,1,P
relaxation,1,P
honest,1,P
smiled,1,P
appreciates,1,P
justice,1,P
glamorous,1,P
brilliantly,1,P
admirably,1,P
laugh,1,P
perfection,1,P
fantastic:,1,P
"""best",1,P
award,1,P
confidence,1,P
aas,1,P
lovers,1,P
excels,1,P
entertains,1,P
perfect;,1,P
joy,1,P
bad,56,N
negative,28,N
die,26,N
pain,14,N
war,12,N
worst,8,N
sin,8,N
disappointment,7,N
horrible,6,N
disgusting,4,N
terribly,4,N
ugly,3,N
bad:,3,N
hurt,3,N
nasty,3,N
killer,2,N
infuriating,2,N
failure,2,N
horribly,2,N
frustrated,2,N
trapped,2,N
hate,2,N
stupid,2,N
lousy,2,N
suffer,2,N
horrendous,2,N
painfully,2,N
bad-,2,N
poisoning,2,N
disturbing,2,N
po',2,N
excruciating,1,N
regrettable,1,N
criminal,1,N
irritant,1,N
obnoxiously,1,N
hated,1,N
dreaded,1,N
troubling,1,N
sick,1,N
dead,1,N
angry,1,N
ruin,1,N
threat,1,N
abuse,1,N
racist,1,N
hellish,1,N
murdered,1,N
"killer""",1,N
failed,1,N
incompetence,1,N
disgusted,1,N
spite,1,N
dirtiest,1,N
dismal,1,N
stressful,1,N
traumatic,1,N
pathetic,1,N
thief,1,N
unethical,1,N
