Word,Frq,Category
great,503,P
comfortable,179,P
free,149,P
beautiful,144,P
excellent,141,P
wonderful,138,P
best,97,P
perfect,96,P
loved,84,P
lovely,72,P
enjoyed,64,P
love,62,P
amazing,53,P
happy,51,P
fantastic,50,P
pleasant,43,P
charming,41,P
beautifully,39,P
magnificent,34,P
outstanding,32,P
gorgeous,31,P
kind,31,P
fabulous,30,P
fun,27,P
awesome,22,P
delicious,22,P
courteous,22,P
superb,20,P
pleasure,19,P
super,18,P
appreciated,14,P
perfectly,13,P
impressive,13,P
delight,11,P
bonus,10,P
ideal,10,P
enjoying,10,P
loyalty,10,P
celebrate,9,P
positive,9,P
wonderfully,7,P
gracious,7,P
miracle,7,P
delightful,6,P
happily,6,P
celebrating,6,P
wow,5,P
kudos,5,P
happier,5,P
praise,5,P
strong,5,P
cheerful,4,P
fascinating,4,P
lovingly,4,P
luckily,4,P
yummy,3,P
excellent;,3,P
joy,3,P
glorious,3,P
reward,3,P
beauty,3,P
pleasing,3,P
rescue,2,P
"""vip",2,P
bonuses,2,P
overjoyed,2,P
marvelous,2,P
splendor,2,P
remarkable,2,P
friendliest,2,P
graciously,2,P
greatest,2,P
adore,2,P
celebrated,2,P
won,2,P
rich,2,P
great:,2,P
honored,2,P
gorgeously,2,P
lovers,2,P
lover,2,P
delighted,2,P
enjoyment,2,P
glamour,1,P
award,1,P
superb:,1,P
gain,1,P
excellent:,1,P
r&r,1,P
sophisticated,1,P
gorgeous;,1,P
trust,1,P
earnest,1,P
supremely,1,P
cleverly,1,P
rewarding,1,P
loving,1,P
winning,1,P
winner,1,P
amaze,1,P
bad,29,N
die,20,N
disappointment,11,N
wicked,9,N
negative,7,N
horrible,6,N
dead,5,N
hate,3,N
prison,3,N
war,3,N
worst,2,N
terribly,2,N
devil,2,N
kill,2,N
hated,2,N
stressful,2,N
"""devil",1,N
curse,1,N
destroy,1,N
sickening,1,N
irritant,1,N
hell,1,N
disturbing,1,N
hurt,1,N
threatening,1,N
painfully,1,N
neglected,1,N
angry,1,N
unhappiness,1,N
horribly,1,N
wicked-,1,N
ugly,1,N
rotten,1,N
failed,1,N
lousy,1,N
fail,1,N
disgusting,1,N
died,1,N
death,1,N
spite,1,N
suffer,1,N
disgust,1,N
sick,1,N
