Word,Frq,Category
great,598,P
comfortable,244,P
excellent,134,P
free,124,P
best,90,P
wonderful,66,P
pleasant,62,P
perfect,54,P
freedom,47,P
super,46,P
happy,41,P
enjoyed,39,P
loved,37,P
kind,36,P
beautiful,32,P
amazing,32,P
fantastic,31,P
lovely,28,P
love,27,P
courteous,25,P
positive,16,P
outstanding,16,P
awesome,14,P
ideal,13,P
delicious,13,P
perfectly,12,P
superb,12,P
fun,10,P
fabulous,9,P
appreciated,8,P
pleasure,8,P
strong,6,P
wow,6,P
heavenly,6,P
luckily,5,P
impressive,5,P
positives,5,P
won,5,P
celebrate,5,P
heaven,4,P
superior,4,P
greatest,3,P
gorgeous,3,P
generous,3,P
flawless,3,P
happier,3,P
graciously,3,P
cheerful,3,P
enjoying,3,P
happily,3,P
delight,3,P
honored,2,P
gain,2,P
brilliant,2,P
loves,2,P
kudos,2,P
pleasing,2,P
encourage,2,P
positives:,2,P
gracious,2,P
remarkable,2,P
"""happy",2,P
bonus,2,P
positive:,2,P
comfortable;,2,P
splendid,2,P
"""freedom",2,P
win,2,P
success,2,P
excellent;,2,P
beautifully,2,P
rescue,2,P
great:,2,P
praise,1,P
appreciation,1,P
loyalty,1,P
friendliest,1,P
vibrant,1,P
enjoyment,1,P
trust,1,P
excellently,1,P
gorgeous:,1,P
peace,1,P
'wow,1,P
award,1,P
flawless;,1,P
generosity,1,P
honest,1,P
thankful,1,P
amazing-,1,P
sophisticated,1,P
congratulations,1,P
relaxation,1,P
joy,1,P
delightful,1,P
pleasurable,1,P
charming,1,P
brilliantly,1,P
yummy,1,P
delightfully,1,P
die,149,N
bad,75,N
war,52,N
negative,26,N
horrible,16,N
pain,11,N
worst,9,N
disappointment,6,N
terribly,6,N
hate,5,N
dead,5,N
sick,4,N
failed,4,N
po',4,N
neglected,3,N
negative:,3,N
disaster,3,N
frustrated,3,N
ruin,3,N
hurt,3,N
ugly,3,N
sin,3,N
dismal,2,N
cancer,2,N
dishonest,2,N
disgusting,2,N
angry,2,N
disturbing,2,N
drown,2,N
poorest,2,N
wicked,2,N
irate,2,N
lousy,1,N
troubling,1,N
idiotic,1,N
poisoning,1,N
obscene,1,N
nasty,1,N
dreaded,1,N
crappy,1,N
scam,1,N
unprofessional,1,N
fail,1,N
horribly,1,N
pathetic,1,N
horrendous,1,N
killed,1,N
dreading,1,N
ugly-,1,N
ugly:,1,N
stealing,1,N
pain-,1,N
bad:,1,N
disgusted,1,N
horrified,1,N
torturous,1,N
threatening,1,N
rancid,1,N
fraud,1,N
prison,1,N
killing,1,N
failing,1,N
crime,1,N
dreadfully,1,N
horrid,1,N
snafu,1,N
horror,1,N
kill,1,N
hell,1,N
