Word,Frq,Category
great,126,P
free,85,P
comfortable,66,P
excellent,40,P
best,34,P
beautiful,27,P
pleasant,20,P
wonderful,15,P
enjoyed,15,P
lovely,14,P
perfect,13,P
amazing,11,P
happy,10,P
delicious,8,P
loved,8,P
super,7,P
courteous,7,P
fantastic,6,P
love,6,P
kind,5,P
fun,5,P
bonus,5,P
outstanding,5,P
perfectly,5,P
awesome,5,P
superb,4,P
fabulous,4,P
positive,4,P
gorgeous,4,P
impressive,4,P
ideal,4,P
pleasure,3,P
generous,3,P
kudos,3,P
luckily,3,P
positives,2,P
appreciated,2,P
enjoying,2,P
strong,2,P
wow,2,P
tops,2,P
remarkable,2,P
pleasing,2,P
flawless,1,P
euphoric,1,P
won,1,P
happily,1,P
great;,1,P
perfection,1,P
beauty,1,P
gracious,1,P
loving,1,P
honest,1,P
charming,1,P
beautifully,1,P
friendliest,1,P
delight,1,P
encouraging,1,P
cheerful,1,P
celebrate,1,P
vibrant,1,P
praises:,1,P
happier,1,P
praise,1,P
wonderfully,1,P
yummy,1,P
sympathetic,1,P
pleasurable,1,P
beautiful:,1,P
-great,1,P
glamorous,1,P
sophisticated,1,P
fabulous;,1,P
bad,15,N
negative,11,N
worst,7,N
horrible,6,N
die,5,N
disgusting,2,N
terribly,2,N
unhealthy,1,N
bad:,1,N
worst:,1,N
depressed,1,N
horror,1,N
lying,1,N
horrifying,1,N
danger,1,N
failed,1,N
disappointment,1,N
hurt,1,N
hate,1,N
disaster,1,N
nasty,1,N
frustrated,1,N
irritation,1,N
dead,1,N
drowned,1,N
insult,1,N
horrendous,1,N
war,1,N
