Word,Frq,Category
great,62,P
comfortable,29,P
excellent,20,P
free,20,P
pleasant,13,P
best,10,P
beautiful,9,P
wonderful,8,P
enjoyed,8,P
happy,7,P
fabulous,7,P
perfect,6,P
kind,5,P
delicious,5,P
loved,4,P
love,3,P
courteous,3,P
super,3,P
appreciated,2,P
lovely,2,P
reward,2,P
delighted,2,P
fantastic,2,P
pleasure,2,P
amazing,1,P
loves,1,P
"""free",1,P
heavenly,1,P
perfectly,1,P
impressive,1,P
fun,1,P
gracious,1,P
bonus,1,P
won,1,P
elated,1,P
vip,1,P
beautifully,1,P
awesome,1,P
ideal,1,P
gorgeous,1,P
bad,6,N
pain,3,N
negative,2,N
disgusted,2,N
sin,2,N
die,2,N
disappointment,1,N
worst,1,N
choke,1,N
trapped,1,N
danger,1,N
frustrated,1,N
sick,1,N
stealing,1,N
horrified,1,N
disgusting,1,N
horrendous,1,N
horror,1,N
