Word,Frq,Category
great,1205,P
comfortable,427,P
bliss,311,P
free,279,P
best,235,P
wonderful,214,P
excellent,211,P
amazing,142,P
perfect,136,P
loved,134,P
fantastic,125,P
enjoyed,115,P
super,114,P
fun,112,P
love,111,P
pleasant,109,P
happy,109,P
kind,101,P
lovely,99,P
beautiful,89,P
courteous,61,P
awesome,60,P
fabulous,58,P
positive,53,P
outstanding,34,P
wow,33,P
perfectly,30,P
superb,29,P
delicious,25,P
bonus,24,P
pleasure,23,P
celebrate,23,P
appreciated,22,P
ideal,19,P
heavenly,18,P
enjoying,17,P
brilliant,17,P
strong,16,P
impressive,14,P
luckily,13,P
celebrating,13,P
honest,12,P
gracious,12,P
sexy,12,P
delighted,11,P
marvelous,11,P
wonderfully,11,P
gorgeous,11,P
superior,10,P
delightful,10,P
cheerful,10,P
loyalty,10,P
vibrant,9,P
beautifully,9,P
magnificent,8,P
"""wonderful",8,P
charming,8,P
yummy,7,P
trust,7,P
graciously,7,P
generous,7,P
happily,7,P
greatest,6,P
precious,6,P
liberty,6,P
kudos,6,P
delight,6,P
smiled,5,P
winning,5,P
happier,5,P
won,5,P
excellence,5,P
honored,5,P
appreciation,5,P
praise,5,P
rich,5,P
sophisticated,4,P
relaxation,4,P
glorious,4,P
laugh,4,P
positives,4,P
award,4,P
joy,4,P
vip,3,P
great-,3,P
flawless,3,P
wowed,3,P
friendliest,3,P
miracle,3,P
splendid,3,P
gain,3,P
fantastic-,3,P
remarkable,3,P
cleverly,3,P
beauty,3,P
heaven,3,P
appreciative,2,P
hopeful,2,P
"""fabulous",2,P
adore,2,P
great,1205,N
comfortable,427,N
bliss,311,N
free,279,N
best,235,N
wonderful,214,N
excellent,211,N
amazing,142,N
perfect,136,N
loved,134,N
fantastic,125,N
enjoyed,115,N
super,114,N
fun,112,N
love,111,N
pleasant,109,N
happy,109,N
kind,101,N
lovely,99,N
beautiful,89,N
courteous,61,N
awesome,60,N
fabulous,58,N
positive,53,N
outstanding,34,N
wow,33,N
perfectly,30,N
superb,29,N
delicious,25,N
bonus,24,N
pleasure,23,N
celebrate,23,N
appreciated,22,N
ideal,19,N
heavenly,18,N
enjoying,17,N
brilliant,17,N
strong,16,N
impressive,14,N
luckily,13,N
celebrating,13,N
honest,12,N
gracious,12,N
sexy,12,N
delighted,11,N
marvelous,11,N
wonderfully,11,N
gorgeous,11,N
superior,10,N
delightful,10,N
cheerful,10,N
loyalty,10,N
vibrant,9,N
beautifully,9,N
magnificent,8,N
"""wonderful",8,N
charming,8,N
yummy,7,N
trust,7,N
graciously,7,N
generous,7,N
happily,7,N
greatest,6,N
precious,6,N
liberty,6,N
kudos,6,N
delight,6,N
smiled,5,N
winning,5,N
happier,5,N
won,5,N
excellence,5,N
honored,5,N
appreciation,5,N
praise,5,N
rich,5,N
sophisticated,4,N
relaxation,4,N
glorious,4,N
laugh,4,N
positives,4,N
award,4,N
joy,4,N
vip,3,N
great-,3,N
flawless,3,N
wowed,3,N
friendliest,3,N
miracle,3,N
splendid,3,N
gain,3,N
fantastic-,3,N
remarkable,3,N
cleverly,3,N
beauty,3,N
heaven,3,N
appreciative,2,N
hopeful,2,N
"""fabulous",2,N
adore,2,N
