Word,Frq,Category
great,188,P
comfortable,60,P
free,44,P
excellent,35,P
perfect,30,P
best,29,P
lovely,22,P
pleasant,22,P
super,13,P
beautiful,13,P
kind,12,P
fantastic,11,P
happy,11,P
wonderful,10,P
loved,9,P
enjoyed,9,P
amazing,8,P
ideal,7,P
charming,7,P
perfectly,7,P
courteous,6,P
luckily,6,P
love,6,P
appreciated,6,P
positive,6,P
bonus,5,P
fun,5,P
awesome,4,P
superb,3,P
honest,3,P
positives:,3,P
delicious,3,P
gorgeous,3,P
brilliant,3,P
enjoying,3,P
outstanding,3,P
smiled,2,P
pleasure,2,P
generous,2,P
loving,1,P
'superior,1,P
heaven,1,P
greatest,1,P
precious,1,P
survived,1,P
-excellent,1,P
-super,1,P
vibrant,1,P
loves,1,P
cleverness,1,P
winner,1,P
won,1,P
yummy,1,P
splendid,1,P
happily,1,P
friendliest,1,P
grandeur',1,P
strong,1,P
sophisticated,1,P
'best,1,P
fabulous,1,P
bad,19,N
die,19,N
horrible,5,N
negative,5,N
disgusting,4,N
war,4,N
horror,3,N
worst,3,N
pain,3,N
bad:,2,N
ugly,2,N
stench,2,N
disaster,2,N
cheated,2,N
hell,2,N
sin,2,N
stressful,1,N
drown,1,N
failed,1,N
livid,1,N
nasty,1,N
dead,1,N
terribly,1,N
disappointment,1,N
lying,1,N
traumatizing,1,N
idiot,1,N
violated,1,N
horrors,1,N
evil,1,N
