Word,Frq,Category
great,115,P
best,62,P
comfortable,53,P
wonderful,49,P
beautiful,48,P
perfect,45,P
excellent,39,P
loved,35,P
amazing,32,P
lovely,28,P
fabulous,28,P
fantastic,24,P
love,23,P
outstanding,15,P
enjoyed,14,P
superb,14,P
kind,14,P
gorgeous,13,P
pleasure,11,P
pleasant,11,P
beautifully,10,P
delicious,10,P
free,9,P
super,9,P
awesome,7,P
delighted,7,P
gracious,6,P
happy,6,P
fun,6,P
sophisticated,6,P
appreciated,5,P
charming,5,P
pleasing,4,P
wonderfully,4,P
magnificent,3,P
glamorous,3,P
strong,3,P
impressive,3,P
remarkable,3,P
marvelous,3,P
wow,3,P
delightful,3,P
divine,3,P
delight,2,P
enjoying,2,P
luckily,2,P
perfectly,2,P
joy,2,P
excellent;,2,P
courteous,2,P
perfection,2,P
generous,2,P
happily,2,P
flawless,2,P
celebrate,2,P
comfortable;,2,P
positive,2,P
glamour,2,P
ideal,1,P
encourage,1,P
beauty,1,P
brilliantly,1,P
vibrant,1,P
kudos,1,P
glorious,1,P
gain,1,P
smiled,1,P
fantastic;,1,P
loyalty,1,P
loves,1,P
celebrated,1,P
congrats,1,P
positives:,1,P
excellence,1,P
cheery,1,P
enlightening,1,P
supremely,1,P
wonderful;,1,P
paradise,1,P
honored,1,P
brilliant,1,P
congratulations,1,P
"happy""",1,P
splendid,1,P
great:,1,P
fabulousness,1,P
gorgeous-,1,P
tops,1,P
heavenly,1,P
trust,1,P
celebrating,1,P
laugh,1,P
praise,1,P
yummy,1,P
excels,1,P
vip,1,P
honest,1,P
justice,1,P
happier,1,P
superior,1,P
die,31,N
war,11,N
bad,9,N
disappointment,4,N
painfully,4,N
pain,3,N
horrible,3,N
worst,2,N
negative,2,N
chaos,2,N
disgusting,1,N
fatal,1,N
insanity,1,N
disaster,1,N
disturbing,1,N
fail,1,N
lying,1,N
disgusted,1,N
racist,1,N
prejudice,1,N
failed,1,N
rotten,1,N
horror,1,N
