Word,Frq,Category
great,119,P
best,45,P
loved,32,P
comfortable,31,P
excellent,26,P
amazing,23,P
perfect,22,P
wonderful,20,P
love,20,P
fantastic,18,P
lovely,15,P
delicious,14,P
beautiful,12,P
happy,10,P
superb,10,P
fabulous,8,P
fun,8,P
free,7,P
outstanding,6,P
kind,6,P
super,5,P
gorgeous,5,P
enjoyed,5,P
positive,5,P
generous,4,P
awesome,4,P
pleasant,4,P
celebrating,3,P
sophisticated,3,P
perfectly,3,P
bliss,2,P
superior,2,P
happily,2,P
courteous,2,P
appreciated,2,P
celebrate,2,P
ideal,2,P
charming,2,P
gracious,2,P
inspire,1,P
graciously,1,P
splendid;,1,P
great:,1,P
perfect:,1,P
strong,1,P
pleasing,1,P
amazing-,1,P
best:,1,P
kudos,1,P
divine,1,P
perfect;,1,P
splendid,1,P
flawless,1,P
wonderfully,1,P
award,1,P
winning,1,P
honored,1,P
rich,1,P
magnificent,1,P
wow,1,P
joy,1,P
heaven,1,P
bonus,1,P
pleasure,1,P
sexy,1,P
die,5,N
negative,4,N
horrible,2,N
pain,2,N
neglected,1,N
painfully,1,N
lying,1,N
hate,1,N
stupid,1,N
hell,1,N
dumb,1,N
horrendous,1,N
terrifying,1,N
disaster,1,N
bad,1,N
arrogance,1,N
spite,1,N
sin,1,N
