Word,Frq,Category
great,728,P
fun,241,P
beautiful,219,P
enjoyed,202,P
comfortable,159,P
wonderful,157,P
loved,152,P
best,138,P
excellent,116,P
free,86,P
perfect,83,P
amazing,81,P
fantastic,72,P
love,68,P
lovely,53,P
kind,48,P
awesome,46,P
happy,46,P
fabulous,43,P
pleasant,40,P
super,33,P
outstanding,32,P
gorgeous,30,P
appreciated,24,P
delicious,20,P
pleasure,16,P
relaxation,16,P
courteous,15,P
beautifully,13,P
celebrate,12,P
wow,11,P
bonus,10,P
perfectly,10,P
impressive,10,P
ideal,9,P
positive,9,P
enjoying,9,P
heaven,9,P
yummy,8,P
peace,8,P
magnificent,7,P
superb,7,P
gracious,7,P
luckily,7,P
trust,6,P
delight,6,P
honest,6,P
kudos,5,P
loves,5,P
enjoyment,5,P
cheerful,5,P
delightful,4,P
superior,4,P
wonderfully,4,P
tops,4,P
marvelous,4,P
celebrated,3,P
great-,3,P
graciously,3,P
laugh,3,P
happily,3,P
delighted,3,P
generous,3,P
paradise,3,P
rich,3,P
cheery,2,P
happiness,2,P
strong,2,P
honored,2,P
won,2,P
beloved,2,P
beauty,2,P
perfection,2,P
justice,2,P
=d,2,P
freedom,2,P
lovingly,2,P
remarkable,2,P
enjoys,2,P
vip,2,P
celebrating,2,P
positives,2,P
greatest,2,P
elated,1,P
divine,1,P
loyalty,1,P
cheer,1,P
sympathetic,1,P
wisdom,1,P
happier,1,P
wonderful:,1,P
bliss,1,P
"""excellent",1,P
lovers,1,P
positives:,1,P
brilliant,1,P
"free""",1,P
gorgeous;,1,P
courteous;,1,P
precious,1,P
bad,77,N
horrible,25,N
negative,23,N
worst,17,N
disappointment,17,N
dead,12,N
sick,6,N
hurt,6,N
die,5,N
lousy,5,N
terribly,5,N
hate,5,N
failed,5,N
pain,4,N
pathetic,4,N
fail,4,N
suffer,4,N
lying,3,N
crappy,3,N
disgusting,3,N
ban,3,N
disturbing,2,N
puke,2,N
nasty,2,N
criminal,2,N
hated,2,N
ugly,2,N
horrendous,2,N
unprofessional,2,N
irritant,1,N
killer,1,N
threat,1,N
terrified,1,N
murdered,1,N
danger,1,N
horribly,1,N
enemy,1,N
bad-,1,N
panic,1,N
horrific,1,N
cancer,1,N
obscene,1,N
riot,1,N
arrogance,1,N
horrified,1,N
depressed,1,N
negative:,1,N
wicked,1,N
scam,1,N
dirtiest,1,N
threatening,1,N
pissed,1,N
hell,1,N
livid,1,N
insult,1,N
torture,1,N
outraged,1,N
cheated,1,N
fraud,1,N
disaster,1,N
catastrophe,1,N
racist,1,N
wth,1,N
negativity,1,N
abused,1,N
harassed,1,N
offensively,1,N
thief,1,N
rob,1,N
ugliest,1,N
killed,1,N
harm,1,N
kill,1,N
sin,1,N
