Word,Frq,Category
great,256,P
free,101,P
comfortable,96,P
perfect,42,P
excellent,41,P
loved,33,P
best,33,P
wonderful,32,P
pleasant,26,P
enjoyed,26,P
happy,24,P
love,20,P
super,17,P
lovely,15,P
fun,13,P
fantastic,13,P
appreciated,12,P
fabulous,12,P
ideal,10,P
kind,9,P
beautiful,9,P
awesome,8,P
outstanding,8,P
superb,8,P
courteous,7,P
bonus,7,P
perfectly,6,P
amazing,6,P
cheerful,6,P
happier,5,P
delicious,4,P
honest,4,P
luckily,4,P
pleasure,4,P
delightful,4,P
wow,4,P
generous,3,P
charming,3,P
brilliant,3,P
positives,3,P
friendliest,3,P
greatest,3,P
kudos,2,P
vibrant,2,P
enjoying,2,P
excellently,2,P
rich,2,P
beautifully,2,P
positive,2,P
sweethearts,1,P
relaxation,1,P
enjoys,1,P
smiled,1,P
success,1,P
fascinating,1,P
wonderfully,1,P
honored,1,P
excels,1,P
superior,1,P
delighted,1,P
jolly,1,P
praise,1,P
yummy,1,P
pleasant:,1,P
tops,1,P
paradise,1,P
won,1,P
great-,1,P
happily,1,P
thankful,1,P
bad,25,N
negative,8,N
horrible,5,N
pain,3,N
hate,2,N
disaster,2,N
trapped,1,N
drown,1,N
bad:,1,N
irritant,1,N
saddened,1,N
terribly,1,N
stressful,1,N
fired,1,N
cheated,1,N
sick,1,N
die,1,N
worst,1,N
frustrated,1,N
poisoning,1,N
drowned,1,N
horrid,1,N
hurt,1,N
disappointment,1,N
failed,1,N
po,1,N
