Word,Frq,Category
great,96,P
wonderful,28,P
loved,24,P
perfect,22,P
best,22,P
comfortable,20,P
love,19,P
beautiful,15,P
enjoyed,15,P
amazing,13,P
excellent,11,P
fun,11,P
lovely,11,P
kind,9,P
awesome,8,P
fantastic,6,P
fabulous,6,P
heaven,5,P
charming,5,P
free,4,P
peace,4,P
outstanding,4,P
happy,3,P
relaxation,3,P
pleasant,3,P
perfectly,3,P
enjoying,3,P
delight,2,P
delightful,2,P
courteous,2,P
generous,2,P
gorgeous,2,P
brave,2,P
delighted,1,P
superb,1,P
honest,1,P
excellently,1,P
remarkable,1,P
paradise,1,P
perfection,1,P
wow,1,P
enjoyment,1,P
treasured,1,P
beautifully,1,P
admired,1,P
positive,1,P
celebrating,1,P
magnificent,1,P
won,1,P
wonderfully,1,P
justice,1,P
appreciative,1,P
graciously,1,P
celebrate,1,P
cheerful,1,P
beauty,1,P
impressive,1,P
lovingly,1,P
darling,1,P
enjoys,1,P
lovers,1,P
marvelous,1,P
encourage,1,P
lover,1,P
delightfully,1,P
bad,7,N
lousy,3,N
horrible,3,N
worst,3,N
disappointment,2,N
negative,2,N
die,2,N
"""danger",1,N
troubling,1,N
hated,1,N
horrific,1,N
killer,1,N
dead,1,N
sucker,1,N
rudest,1,N
