Word,Frq,Category
great,65,P
comfortable,25,P
loved,24,P
beautiful,22,P
excellent,18,P
wonderful,17,P
enjoyed,17,P
perfect,14,P
fun,13,P
lovely,12,P
best,10,P
charming,9,P
super,9,P
love,9,P
kind,8,P
awesome,8,P
delicious,7,P
free,6,P
amazing,5,P
fantastic,5,P
beautifully,5,P
wow,4,P
superb,4,P
happy,3,P
fabulous,3,P
gorgeous,3,P
sexy,2,P
gracious,2,P
outstanding,2,P
perfectly,2,P
ideal,2,P
win,2,P
strong,2,P
yummy,2,P
pleasure,2,P
precious,2,P
pleasant,2,P
sophisticated,1,P
loving,1,P
bonus,1,P
positive,1,P
loved:,1,P
excellence,1,P
luckily,1,P
enjoying,1,P
appreciated,1,P
courteous,1,P
beauty,1,P
honest,1,P
splendid,1,P
celebrate,1,P
wonderfully,1,P
heavenly,1,P
glorious,1,P
tops,1,P
pleasing,1,P
"""best",1,P
award,1,P
winning,1,P
graciously,1,P
bad,4,N
rejected,2,N
negative,1,N
lying,1,N
hate,1,N
unprofessional,1,N
worst,1,N
panic,1,N
disappointment,1,N
die,1,N
chaos,1,N
depression,1,N
pain,1,N
