Word,Frq,Category
great,650,P
comfortable,248,P
free,245,P
excellent,166,P
best,127,P
perfect,114,P
loved,111,P
wonderful,111,P
enjoyed,97,P
lovely,92,P
happy,78,P
charming,62,P
love,57,P
fantastic,53,P
pleasant,50,P
fun,48,P
fabulous,31,P
amazing,29,P
kind,27,P
ideal,25,P
perfectly,23,P
super,22,P
delicious,21,P
superb,20,P
beautiful,19,P
appreciated,16,P
pleasure,16,P
courteous,15,P
delightful,15,P
positive,14,P
awesome,13,P
beautifully,13,P
brilliant,12,P
outstanding,12,P
bonus,12,P
gracious,9,P
generous,7,P
gorgeous,7,P
celebrate,6,P
sophisticated,6,P
honest,5,P
vibrant,5,P
rich,5,P
strong,5,P
happily,4,P
luckily,4,P
celebrated,4,P
cheerful,4,P
joy,4,P
magnificent,4,P
wonderfully,3,P
enjoying,3,P
"free""",3,P
encourage,3,P
comfortable;,3,P
delighted,3,P
friendliest,3,P
happier,3,P
superior,3,P
positives,3,P
wow,3,P
"""happy",2,P
kudos,2,P
graciously,2,P
honors,2,P
excellent;,2,P
greatest,2,P
paradise,2,P
excellent-,2,P
cutest,2,P
sexy,2,P
loyalty,2,P
perfect-,2,P
yummy,2,P
loved:,1,P
excellently,1,P
amazing-,1,P
beautifully;,1,P
brilliant-,1,P
best-,1,P
marvelous,1,P
helpfully,1,P
loves,1,P
cleverly,1,P
-free,1,P
rewarding,1,P
passionate,1,P
successful,1,P
wowed,1,P
delight,1,P
appreciative,1,P
relaxation,1,P
inspirational,1,P
sunnier,1,P
cheery,1,P
talented,1,P
glamorous,1,P
'free,1,P
lovely:,1,P
pleasurable,1,P
die,26,N
bad,21,N
war,13,N
worst,10,N
disappointment,9,N
negative,7,N
hate,5,N
sick,4,N
nasty,4,N
ugly,3,N
dismal,2,N
terribly,2,N
pain,2,N
travesty,1,N
hurt,1,N
cancer,1,N
obnoxiously,1,N
fearing,1,N
bad:,1,N
ugly:,1,N
failed,1,N
spite,1,N
thieves,1,N
dreaded,1,N
wth,1,N
crisis,1,N
lousy,1,N
fraud:,1,N
illegal,1,N
fraudster,1,N
horrible,1,N
irate,1,N
dick,1,N
furious,1,N
hated,1,N
dead,1,N
painfully,1,N
horror,1,N
chaos,1,N
fail,1,N
disturbing,1,N
harassing,1,N
lying,1,N
po',1,N
sin,1,N
