Word,Frq,Category
great,728,P
comfortable,258,P
excellent,133,P
best,130,P
loved,101,P
fun,99,P
beautiful,89,P
amazing,86,P
perfect,84,P
love,84,P
enjoyed,84,P
free,83,P
super,79,P
wonderful,75,P
fantastic,70,P
lovely,63,P
happy,57,P
kind,53,P
pleasant,46,P
awesome,35,P
impressive,27,P
fabulous,26,P
gorgeous,26,P
superior,25,P
ideal,23,P
courteous,20,P
positive,18,P
delicious,18,P
appreciated,17,P
pleasure,17,P
outstanding,16,P
wow,16,P
superb,16,P
beautifully,15,P
perfectly,15,P
brilliant,14,P
sexy,10,P
bonus,10,P
celebrate,10,P
luckily,10,P
charming,8,P
rich,8,P
enjoying,8,P
generous,7,P
strong,7,P
gain,6,P
honest,6,P
gracious,6,P
glamour,6,P
delighted,5,P
wonderfully,5,P
enjoys,5,P
sophisticated,5,P
celebrating,5,P
delightful,5,P
vibrant,4,P
graciously,4,P
yummy,4,P
cheerful,4,P
magnificent,4,P
great:,4,P
comfortable;,4,P
greatest,4,P
trust,4,P
smiled,4,P
pleasurable,3,P
glamorous,3,P
happily,3,P
heavenly,3,P
perfection,3,P
divine,3,P
positives,3,P
laugh,3,P
happier,3,P
pleasing,3,P
kudos,3,P
vip,3,P
beauty,3,P
praise,2,P
romance,2,P
won,2,P
friendliest,2,P
loves,2,P
'beautiful,2,P
joy,2,P
cleverly,2,P
peace,2,P
congratulations,2,P
marvelous,2,P
sympathetic,2,P
encouraging,2,P
heaven,2,P
successful,2,P
cheery,2,P
fantastic-,2,P
celebrated,2,P
success,2,P
delight,2,P
glorious,2,P
rescue,1,P
bad,77,N
die,57,N
worst,37,N
negative,25,N
war,21,N
horrible,20,N
hate,14,N
disappointment,14,N
po',10,N
ugly,9,N
failed,7,N
fail,5,N
hurt,5,N
pathetic,5,N
unprofessional,5,N
terribly,5,N
crappy,4,N
frustrated,4,N
sin,4,N
disaster,3,N
ruin,3,N
lousy,3,N
danger,2,N
drown,2,N
disturbing,2,N
hell,2,N
pissed,2,N
disastrous,2,N
disgusted,2,N
spite,2,N
chaos,2,N
idiot,2,N
stressful,2,N
arrogance,2,N
killer,2,N
horror,2,N
lying,2,N
dreaded,2,N
dead,2,N
suffer,2,N
wicked,2,N
horribly,2,N
stupid,2,N
painfully,2,N
insulted,2,N
sickening,1,N
pain,1,N
died,1,N
offending,1,N
traumatic,1,N
retarded,1,N
bad:,1,N
wtf,1,N
depressed,1,N
cheated,1,N
snafu,1,N
182,1,N
violent,1,N
poison,1,N
horrific,1,N
poverty,1,N
kills,1,N
stealing,1,N
steals,1,N
troublesome,1,N
obscene,1,N
losers,1,N
hated,1,N
fearing,1,N
panic,1,N
"bad""",1,N
horrifically,1,N
infuriated,1,N
anger,1,N
abused,1,N
failure,1,N
horrid,1,N
dumb,1,N
threatening,1,N
horrified,1,N
obnoxiously,1,N
insult,1,N
crime,1,N
nasty,1,N
contempt,1,N
scandalous,1,N
destroy,1,N
po,1,N
catastrophe,1,N
