Word,Frq,Category
great,566,P
comfortable,206,P
free,151,P
wonderful,131,P
perfect,116,P
excellent,111,P
beautiful,105,P
best,104,P
loved,94,P
love,90,P
happy,78,P
lovely,73,P
enjoyed,69,P
amazing,68,P
fantastic,58,P
super,50,P
pleasant,48,P
fabulous,42,P
fun,35,P
beautifully,34,P
gorgeous,30,P
outstanding,27,P
delicious,25,P
kind,23,P
awesome,21,P
celebrate,19,P
perfectly,18,P
appreciated,18,P
pleasure,17,P
charming,16,P
loyalty,16,P
courteous,15,P
superb,14,P
delightful,12,P
wow,10,P
gracious,10,P
yummy,8,P
ideal,8,P
happily,8,P
positive,7,P
happier,7,P
heavenly,6,P
celebrating,6,P
impressive,5,P
generous,5,P
lovers,5,P
remarkable,5,P
won,5,P
kudos,5,P
delighted,4,P
wonderfully,4,P
cheerful,4,P
sophisticated,4,P
bonus,4,P
rich,4,P
vip,3,P
honest,3,P
"""happy",3,P
brilliant,3,P
enjoyment,3,P
celebrated,3,P
loves,3,P
excellence,3,P
flawless,3,P
strong,3,P
divine,3,P
magnificent,3,P
perfect;,2,P
positives,2,P
perfection,2,P
congratulations,2,P
romance,2,P
outstanding;,2,P
enjoying,2,P
heaven,2,P
thankful,2,P
luckily,2,P
pleasing,2,P
friendliest,2,P
graciously,2,P
excellent;,2,P
sexy,2,P
encourage,2,P
enjoys,2,P
positively,2,P
wowed,2,P
peacefully,2,P
fascinating,2,P
cheery,1,P
superior,1,P
perfect:,1,P
bonuses,1,P
amazing-,1,P
wonderful:,1,P
awesome;,1,P
positives:,1,P
perfected,1,P
relaxation,1,P
"""free",1,P
"pleasure""",1,P
bad,25,N
negative,19,N
die,14,N
horrible,9,N
war,9,N
disappointment,6,N
hate,5,N
hurt,3,N
pain,3,N
worst,3,N
terribly,3,N
disturbing,2,N
fail,2,N
punitive,2,N
kill,2,N
snafu,2,N
dead,2,N
insult,2,N
failure,1,N
angry,1,N
criminal,1,N
frustrated,1,N
bad:,1,N
ruin,1,N
stressful,1,N
drown,1,N
cancer,1,N
died,1,N
hell,1,N
negative:,1,N
irritation,1,N
lying,1,N
crappy,1,N
ban,1,N
raping,1,N
dismal,1,N
pathetic,1,N
pissed,1,N
stupid,1,N
