Word,Frq,Category
great,223,P
best,103,P
excellent,77,P
perfect,64,P
wonderful,62,P
comfortable,61,P
amazing,45,P
beautiful,42,P
enjoyed,36,P
love,35,P
lovely,34,P
fantastic,33,P
loved,29,P
fabulous,26,P
kind,22,P
outstanding,19,P
superb,14,P
super,13,P
free,13,P
pleasant,11,P
fun,10,P
gorgeous,10,P
pleasure,9,P
happy,9,P
superior,9,P
impressive,8,P
flawless,8,P
glorious,7,P
awesome,7,P
sophisticated,6,P
wonderfully,6,P
delicious,6,P
perfection,6,P
courteous,6,P
beautifully,6,P
appreciated,5,P
enjoying,5,P
magnificent,5,P
celebrate,4,P
gracious,4,P
graciously,4,P
strong,4,P
perfectly,3,P
heaven,3,P
positive,3,P
grandeur,3,P
delight,3,P
brilliant,3,P
greatest,2,P
enjoys,2,P
luckily,2,P
vibrant,2,P
kudos,2,P
splendid,2,P
enjoyment,2,P
wow,2,P
friendliest,2,P
liberty,2,P
vip,2,P
bonus,2,P
happily,2,P
generous,1,P
beautify,1,P
cheerful,1,P
"free""",1,P
supremely,1,P
peace,1,P
great-,1,P
tops,1,P
ideal,1,P
pleasing,1,P
outstanding;,1,P
dearest,1,P
cheery,1,P
remarkable,1,P
congratulations,1,P
wonderful-,1,P
joy,1,P
supreme,1,P
perfections,1,P
glamour,1,P
happier,1,P
grandest,1,P
positives,1,P
celebrate-,1,P
gracefully,1,P
adore,1,P
perfect-,1,P
cleverly,1,P
excellent;,1,P
wowed,1,P
honest,1,P
celebrated,1,P
praise,1,P
trust,1,P
honored,1,P
relaxation,1,P
gorgeously,1,P
fantastic-,1,P
excellence,1,P
die,20,N
bad,13,N
negative,11,N
war,8,N
worst,6,N
dead,3,N
disappointment,3,N
insult,3,N
unprofessional,3,N
failed,3,N
disturbing,2,N
angry,2,N
terribly,2,N
lousy,2,N
horror,1,N
stupid,1,N
negative:,1,N
"""sick",1,N
horrible,1,N
excruciating,1,N
horrific,1,N
pathetic,1,N
hurt,1,N
bankrupt,1,N
ugly,1,N
disaster,1,N
violated,1,N
neglected,1,N
snafu,1,N
disastrous,1,N
weep,1,N
hate,1,N
danger,1,N
sin,1,N
