Word,Frq,Category
great,325,P
comfortable,128,P
excellent,101,P
fantastic,50,P
best,45,P
loved,41,P
free,40,P
perfect,40,P
lovely,38,P
wonderful,38,P
pleasant,36,P
amazing,34,P
super,32,P
happy,31,P
ideal,23,P
enjoyed,22,P
positive,16,P
courteous,16,P
kind,16,P
beautiful,15,P
love,14,P
fabulous,14,P
superb,13,P
superior,10,P
charming,9,P
brilliant,8,P
perfectly,8,P
delicious,6,P
beautifully,5,P
appreciated,5,P
fun,5,P
awesome,4,P
liberty,4,P
strong,4,P
bonus,4,P
honest,4,P
impressive,4,P
cheerful,3,P
glory,3,P
gorgeous,3,P
wow,3,P
delightful,3,P
pleasure,3,P
happily,3,P
marvelous,3,P
celebrate,3,P
honour,2,P
delighted,2,P
outstanding,2,P
wonderfully,2,P
kudos,2,P
trust,2,P
magnificent,2,P
grandeur,2,P
enjoyment,2,P
perfection,2,P
"best""",2,P
glamorous;,1,P
kind;,1,P
gracious,1,P
flawless,1,P
'wow,1,P
positives:,1,P
divine,1,P
remarkable,1,P
lovers,1,P
generous,1,P
great:,1,P
rescue,1,P
excellent;,1,P
pleasurable,1,P
positives,1,P
splendid,1,P
godsend,1,P
loving,1,P
loves,1,P
graciously,1,P
honored,1,P
brilliantly,1,P
happier,1,P
luckily,1,P
peace,1,P
proudly,1,P
romance,1,P
enjoying,1,P
vibrant,1,P
praises,1,P
ideal:,1,P
celebrating,1,P
glorious,1,P
friendliest,1,P
glamour,1,P
comfortable;,1,P
greatest,1,P
super:,1,P
superior:,1,P
die,153,N
bad,61,N
war,54,N
negative,12,N
horrible,11,N
worst,11,N
disappointment,9,N
disgusting,6,N
hate,6,N
sin,5,N
nasty,4,N
po',4,N
kill,3,N
bad:,3,N
ugly,3,N
tard,3,N
terribly,2,N
killer,2,N
puke,2,N
angry,2,N
ruin,2,N
killed,2,N
pain,2,N
failed,1,N
dismal,1,N
dead,1,N
shamed,1,N
troublesome,1,N
fail,1,N
wth,1,N
crappy,1,N
stressful,1,N
disaster,1,N
liars,1,N
disgusted,1,N
sinister,1,N
horrific,1,N
neglected,1,N
sickening,1,N
"""bad",1,N
stupid,1,N
bad;,1,N
irritation,1,N
agonizing,1,N
havoc,1,N
sick,1,N
fearing,1,N
suffer,1,N
stench,1,N
insanity,1,N
disappointment-,1,N
liar,1,N
rudest,1,N
bad',1,N
chaos,1,N
horrifically,1,N
idiot,1,N
disturbing,1,N
disappointment:,1,N
hated,1,N
despairing,1,N
murderer,1,N
suicide,1,N
slut,1,N
wars,1,N
po,1,N
