Word,Frq,Category
great,379,P
free,187,P
comfortable,145,P
excellent,85,P
perfect,69,P
best,58,P
amazing,44,P
pleasant,41,P
happy,40,P
lovely,37,P
super,37,P
wonderful,37,P
enjoyed,36,P
fantastic,31,P
ideal,27,P
loved,24,P
kind,19,P
bonus,18,P
delicious,16,P
brilliant,16,P
courteous,14,P
awesome,13,P
positive,13,P
perfectly,12,P
love,10,P
fun,9,P
fabulous,9,P
happily,8,P
honest,6,P
liberty,6,P
beautiful,6,P
celebrate,6,P
superb,5,P
celebrating,5,P
cheerful,5,P
delighted,4,P
thankful,4,P
appreciated,4,P
outstanding,4,P
yummy,4,P
luckily,3,P
flawless,3,P
freedom,2,P
remarkable,2,P
precious,2,P
superior,2,P
positives,2,P
impressive,2,P
perfection,2,P
wow,2,P
congratulations,2,P
gr8,2,P
smartest,2,P
pleasurable,2,P
cheery,1,P
celebrated,1,P
"""happy",1,P
enjoying,1,P
elated,1,P
kudos,1,P
gracious,1,P
survived,1,P
"""best",1,P
positively,1,P
delightful,1,P
reward,1,P
pleasure,1,P
heartfelt,1,P
tgif,1,P
"pleasure""",1,P
fun-,1,P
enjoys,1,P
tops,1,P
excellent;,1,P
successful,1,P
peace,1,P
delight,1,P
prettiest,1,P
excellence,1,P
success,1,P
confidence,1,P
enjoyed',1,P
beautifully,1,P
encourage,1,P
honored,1,P
loyalty,1,P
trust,1,P
heaven,1,P
generosity,1,P
winner,1,P
enjoyment,1,P
trustworthy,1,P
generous,1,P
perfect:,1,P
romance,1,P
joyful,1,P
brave,1,P
charming,1,P
greatest,1,P
positives:,1,P
die,44,N
bad,39,N
war,27,N
po',18,N
negative,16,N
pain,7,N
horrible,5,N
disappointment,3,N
hell,3,N
hate,3,N
worst,3,N
sin,3,N
suffer,2,N
hated,2,N
horribly,2,N
cancer,2,N
fail,2,N
humiliation,2,N
failed,2,N
kill,2,N
painfully,2,N
hurt,2,N
stupid,1,N
ugly,1,N
horrendous,1,N
frustrated,1,N
insulted,1,N
lying,1,N
stealing,1,N
disgusting,1,N
crappy,1,N
negative:,1,N
chaos,1,N
insult,1,N
evil,1,N
bad:,1,N
panic,1,N
horrifying,1,N
disgustingly,1,N
destroy,1,N
bankrupt,1,N
disastrous,1,N
scam,1,N
nasty,1,N
abuse,1,N
brutal,1,N
sick,1,N
retard-,1,N
tard,1,N
