Word,Frq,Category
great,693,P
comfortable,228,P
free,173,P
excellent,147,P
wonderful,130,P
best,112,P
enjoyed,96,P
perfect,85,P
pleasant,82,P
beautiful,70,P
kind,68,P
amazing,67,P
happy,66,P
loved,61,P
fantastic,50,P
heavenly,49,P
love,49,P
super,48,P
outstanding,43,P
awesome,40,P
courteous,40,P
lovely,35,P
fun,33,P
delicious,28,P
fabulous,28,P
pleasure,25,P
positive,20,P
appreciated,20,P
celebrate,14,P
ideal,13,P
perfectly,12,P
bonus,10,P
gracious,9,P
gorgeous,9,P
kudos,8,P
impressive,8,P
wow,7,P
delightful,7,P
joy,7,P
superb,6,P
"""heavenly",6,P
graciously,5,P
cheerful,5,P
success,5,P
celebrating,5,P
celebrated,5,P
yummy,4,P
wonderfully,4,P
happily,4,P
appreciation,4,P
excellence,4,P
delight,4,P
successful,4,P
delighted,3,P
cheer,3,P
charming,3,P
loyalty,3,P
rescue,3,P
vip,3,P
beautifully,3,P
smiled,3,P
comfortable;,3,P
happier,3,P
pleasing,2,P
won,2,P
enthusiastically,2,P
precious,2,P
friendliest,2,P
"fun""",2,P
honored,2,P
marvelous,2,P
trust,2,P
comfortable-,2,P
pleasurable,2,P
congratulations,2,P
great;,2,P
prize,2,P
honest,2,P
remarkable,2,P
generous,2,P
wonderful:,1,P
perfect;,1,P
fantastic:,1,P
heaven,1,P
laugh,1,P
enjoying,1,P
greatest,1,P
award,1,P
"pleasure""",1,P
"""happy",1,P
sexy,1,P
thankful,1,P
cheery,1,P
yay,1,P
happiest,1,P
tops,1,P
tia,1,P
glamorous,1,P
"great""",1,P
cheerily,1,P
bad,55,N
die,32,N
negative,19,N
worst,11,N
pain,8,N
horrible,6,N
rob,5,N
disappointment,5,N
war,5,N
frustrated,4,N
dead,4,N
unprofessional,3,N
hurt,3,N
disgusting,3,N
hate,3,N
nasty,3,N
horrendous,3,N
po',3,N
angry,2,N
terribly,2,N
bad:,2,N
hell,2,N
stupid,2,N
kill,2,N
stressful,2,N
failed,2,N
disaster,2,N
killer,2,N
hated,2,N
insult,2,N
spite,2,N
illegal,2,N
prison,1,N
outraged,1,N
killing,1,N
contempt,1,N
painfully,1,N
ruin,1,N
violated,1,N
dumb,1,N
brutal,1,N
lying,1,N
insanity,1,N
liar,1,N
unethical,1,N
pita,1,N
failing,1,N
chaos,1,N
killed,1,N
lousy,1,N
poison,1,N
crappy,1,N
panic,1,N
distress,1,N
disturbing,1,N
fail,1,N
