Word,Frq,Category
great,100,P
free,25,P
comfortable,25,P
best,17,P
excellent,12,P
charming,11,P
wonderful,11,P
love,10,P
kind,9,P
pleasant,9,P
perfect,8,P
loved,8,P
enjoyed,8,P
happy,8,P
super,6,P
beautiful,6,P
fantastic,5,P
positive,4,P
lovely,4,P
fabulous,4,P
delicious,3,P
gorgeous,3,P
amazing,3,P
perfectly,3,P
wow,2,P
fun,2,P
bonus,2,P
greatest,2,P
remarkable,2,P
cheerful,2,P
luckily,2,P
courteous,2,P
awesome,2,P
strong,1,P
fantastic;,1,P
positives:,1,P
won,1,P
tops,1,P
glory,1,P
enjoying,1,P
godsend,1,P
ideal,1,P
bonuses,1,P
amazement,1,P
honoring,1,P
impressive,1,P
success,1,P
excellence,1,P
marvelous,1,P
outstanding,1,P
superior,1,P
bad,18,N
die,13,N
horrible,7,N
war,5,N
worst,3,N
po',3,N
sin,3,N
pathetic,2,N
horribly,2,N
dead,2,N
fraud,2,N
terribly,2,N
fired,1,N
lying,1,N
nasty,1,N
rotten,1,N
hate,1,N
pain,1,N
ugly,1,N
neglected,1,N
scam,1,N
troubling,1,N
death,1,N
horrifying,1,N
negative,1,N
kill,1,N
failed,1,N
snafu,1,N
terror,1,N
po,1,N
