Word,Frq,Category
great,1076,P
comfortable,385,P
excellent,342,P
free,296,P
wonderful,288,P
lovely,264,P
best,248,P
beautiful,224,P
perfect,222,P
loved,184,P
fantastic,145,P
enjoyed,144,P
amazing,128,P
happy,102,P
love,89,P
pleasant,88,P
fabulous,74,P
super,67,P
outstanding,65,P
charming,64,P
superb,63,P
delicious,62,P
appreciated,56,P
perfectly,55,P
superior,51,P
beautifully,46,P
gorgeous,43,P
kind,41,P
ideal,39,P
brilliant,35,P
fun,35,P
freedom,35,P
pleasure,33,P
courteous,29,P
awesome,25,P
celebrate,25,P
positive,23,P
celebrating,20,P
impressive,18,P
delightful,16,P
delighted,16,P
wow,14,P
bonus,14,P
gracious,14,P
wonderfully,14,P
friendliest,12,P
delight,12,P
enjoying,11,P
strong,11,P
happily,11,P
praise,10,P
cheerful,10,P
honest,9,P
generous,9,P
happier,9,P
magnificent,8,P
vip,8,P
cheery,6,P
luckily,6,P
kudos,6,P
marvelous,6,P
remarkable,5,P
flawless,5,P
liberty,5,P
yummy,5,P
win,5,P
won,5,P
tops,4,P
beauty,4,P
rich,4,P
divine,4,P
glorious,4,P
winner,4,P
heaven,4,P
celebrated,3,P
justice,3,P
heavenly,3,P
excellence,3,P
cheering,3,P
excellently,3,P
perfection,3,P
encourage,3,P
loves,3,P
graciously,3,P
fantastic;,3,P
sophisticated,3,P
splendid,3,P
paradise,3,P
vibrant,2,P
peace,2,P
congratulations,2,P
joy,2,P
excellent:,2,P
"""great",2,P
positives,2,P
greatest,2,P
blessed,2,P
enjoyment,2,P
pleasing,2,P
fabulous-,2,P
die,51,N
bad,43,N
war,40,N
negative,23,N
disappointment,9,N
ugly,6,N
terribly,5,N
failed,5,N
dead,5,N
pain,5,N
worst,5,N
sin,5,N
horrible,4,N
hate,4,N
hurt,4,N
suffer,3,N
died,2,N
ruin,2,N
dreaded,2,N
stealing,2,N
grim,2,N
fail,2,N
sick,2,N
po',2,N
fatal,1,N
danger,1,N
negative:,1,N
stressful,1,N
crappy,1,N
disturbing,1,N
worst-,1,N
disgusting,1,N
angry,1,N
insult,1,N
prejudice,1,N
death,1,N
hated,1,N
crisis,1,N
horribly,1,N
rotten,1,N
disaster,1,N
failure,1,N
stench,1,N
pathetic,1,N
vile,1,N
bankrupt,1,N
fiasco,1,N
irritation,1,N
unprofessional,1,N
spite,1,N
troublesome,1,N
criminal,1,N
distress,1,N
devastated,1,N
traumatic,1,N
horror,1,N
fired,1,N
wicked,1,N
sucker,1,N
chaos,1,N
lying,1,N
