Word,Frq,Category
great,424,P
comfortable,164,P
excellent,90,P
best,84,P
wonderful,80,P
beautiful,70,P
perfect,64,P
free,56,P
freedom,56,P
enjoyed,48,P
lovely,42,P
pleasant,41,P
loved,38,P
amazing,35,P
fantastic,32,P
fun,23,P
super,23,P
superior,21,P
love,20,P
outstanding,19,P
awesome,19,P
fabulous,19,P
kind,19,P
courteous,18,P
happy,18,P
perfectly,15,P
superb,14,P
delicious,13,P
impressive,12,P
ideal,11,P
gorgeous,11,P
beautifully,10,P
positive,10,P
appreciated,8,P
enjoying,8,P
delighted,7,P
pleasure,7,P
"""superior",4,P
wow,4,P
delightful,4,P
bonus,4,P
generous,3,P
celebrating,3,P
happily,3,P
brilliant,3,P
charming,3,P
strong,3,P
positives,3,P
celebrate,3,P
delight,2,P
celebrated,2,P
perfected,2,P
luckily,2,P
relaxation,2,P
beauty,2,P
peace,2,P
greatest,2,P
honored,2,P
cheerful,2,P
marvelous,2,P
yummy,2,P
excellent:,1,P
kudos,1,P
happier,1,P
brilliantly,1,P
congrats,1,P
appreciation,1,P
gratitude,1,P
flawless,1,P
honest,1,P
pleasurable,1,P
remarkable,1,P
rich,1,P
vibrant,1,P
comfortable;,1,P
"""perfect",1,P
heavenly,1,P
positives:,1,P
cheering,1,P
cleverly,1,P
heaven,1,P
loves,1,P
hahaha,1,P
yay,1,P
wonderfully,1,P
gracious,1,P
laugh,1,P
excellently,1,P
win,1,P
fantastic:,1,P
blessed,1,P
merry,1,P
delectable,1,P
romance,1,P
perfection,1,P
friendliest,1,P
perfect;,1,P
admirable,1,P
liberty,1,P
"""excellent",1,P
bad,27,N
negative,17,N
die,14,N
disappointment,10,N
worst,9,N
failed,5,N
spite,3,N
crappy,3,N
war,3,N
died,2,N
angry,2,N
disaster,2,N
terribly,2,N
hate,2,N
drowned,2,N
disturbing,2,N
stench,2,N
lousy,2,N
thief,2,N
horrible,2,N
drown,1,N
angered,1,N
bad:,1,N
unhappiness,1,N
horrendous,1,N
failure,1,N
danger,1,N
worsen,1,N
disgusting,1,N
violently,1,N
furious,1,N
horrified,1,N
sick,1,N
destructive,1,N
rudest,1,N
dumb,1,N
liar,1,N
ugly,1,N
anger,1,N
trapped,1,N
enemy,1,N
cheated,1,N
po',1,N
