Word,Frq,Category
great,24,P
free,13,P
comfortable,9,P
courteous,8,P
awesome,7,P
pleasant,5,P
best,5,P
bonus,5,P
happy,4,P
love,3,P
beautiful,3,P
wonderful,2,P
loved,2,P
excellent,2,P
enjoyed,2,P
remarkable,1,P
celebrate,1,P
delicious,1,P
generous,1,P
perfectly,1,P
positive,1,P
enjoying,1,P
kind,1,P
celebrated,1,P
positives:,1,P
perfect,1,P
outstanding,1,P
beautifully,1,P
delighted,1,P
flawless,1,P
happier,1,P
bad,3,N
horrible,2,N
nasty,1,N
disturbing,1,N
hate,1,N
disappointment,1,N
