Word,Frq,Category
great,1003,P
comfortable,341,P
excellent,194,P
magnificent,185,P
best,176,P
free,168,P
wonderful,164,P
perfect,149,P
loved,137,P
fantastic,97,P
enjoyed,91,P
pleasant,90,P
beautiful,87,P
lovely,81,P
amazing,78,P
happy,68,P
super,64,P
awesome,59,P
love,55,P
fun,42,P
superior,41,P
kind,41,P
fabulous,40,P
courteous,36,P
outstanding,31,P
appreciated,29,P
perfectly,25,P
gorgeous,23,P
ideal,23,P
pleasure,21,P
positive,20,P
miracle,17,P
delicious,16,P
superb,16,P
beautifully,12,P
impressive,11,P
wow,11,P
wonderfully,11,P
gracious,10,P
celebrating,10,P
delightful,9,P
cheerful,8,P
celebrate,8,P
brilliant,8,P
generous,7,P
greatest,7,P
bonus,7,P
praise,7,P
luckily,7,P
delighted,7,P
happier,6,P
trust,6,P
honest,5,P
charming,5,P
happily,4,P
strong,4,P
sophisticated,4,P
"""magnificent",4,P
friendliest,4,P
award,3,P
cheery,3,P
heavenly,3,P
delight,3,P
yummy,3,P
tops,3,P
perfection,3,P
smiled,2,P
success,2,P
encourage,2,P
honored,2,P
positives,2,P
pleasing,2,P
winning,2,P
heaven,2,P
enjoying,2,P
excellent;,2,P
appreciative,2,P
paradise,2,P
confidence,2,P
delightfully,2,P
justice,2,P
celebrated,2,P
joy,2,P
winner,2,P
'magnificent,2,P
hopeful,2,P
excellent-,1,P
great;,1,P
loves,1,P
laugh,1,P
lifesaver,1,P
gloriously,1,P
flawless,1,P
win,1,P
won,1,P
bff,1,P
gratifying,1,P
celebrates,1,P
comfortable;,1,P
ecstatic,1,P
bad,70,N
die,57,N
negative,29,N
war,21,N
disappointment,10,N
worst,9,N
failed,8,N
unprofessional,7,N
disgusting,5,N
ruin,4,N
pain,4,N
ugly,4,N
horrible,4,N
sin,4,N
hate,3,N
killed,3,N
sick,2,N
painfully,2,N
hated,2,N
poorest,2,N
disturbing,2,N
torture,2,N
bad:,2,N
horror,2,N
death,2,N
insult,2,N
killer,2,N
snafu,2,N
neglected,2,N
disaster,2,N
stressful,2,N
drown,2,N
frustrated,2,N
dismal,2,N
nasty,2,N
po',2,N
kill,2,N
weakest,1,N
failure,1,N
panic,1,N
drowned,1,N
crime,1,N
hell,1,N
chaos,1,N
illegal,1,N
spite,1,N
crappy,1,N
angry,1,N
dearth,1,N
ruinous,1,N
lousy-,1,N
"bad""",1,N
suffer,1,N
horrific,1,N
killing,1,N
wicked,1,N
died,1,N
dirtiest,1,N
horrendous,1,N
thieves,1,N
disgusted,1,N
