Word,Frq,Category
great,223,P
comfortable,97,P
best,48,P
free,47,P
excellent,38,P
amazing,34,P
beautiful,34,P
perfect,33,P
loved,33,P
wonderful,32,P
enjoyed,28,P
love,27,P
awesome,20,P
lovely,18,P
pleasant,18,P
outstanding,16,P
happy,15,P
kind,13,P
charming,12,P
super,11,P
fun,10,P
delicious,9,P
beautifully,8,P
gorgeous,8,P
pleasure,8,P
fantastic,7,P
courteous,7,P
superb,6,P
superior,5,P
ideal,5,P
beauty,4,P
friendliest,4,P
impressive,4,P
positive,4,P
fabulous,4,P
vibrant,3,P
tops,3,P
laugh,3,P
trust,3,P
luckily,3,P
cheerful,3,P
pleasing,3,P
bonus,3,P
kudos,3,P
encourage,2,P
marvelous,2,P
appreciated,2,P
perfectly,2,P
strong,2,P
enjoying,2,P
won,2,P
award,2,P
wow,2,P
positives,2,P
delightfully,1,P
excellent:,1,P
cheery,1,P
praise,1,P
xoxo,1,P
cutest,1,P
magnificent,1,P
helpfully,1,P
generous,1,P
positive:,1,P
perfect:,1,P
brilliant,1,P
joy,1,P
delighted,1,P
delight,1,P
loyalty,1,P
yay,1,P
cherished,1,P
happily,1,P
win,1,P
lovingly,1,P
darling,1,P
excellence,1,P
pleasurable,1,P
honors,1,P
jolly,1,P
positively,1,P
winning,1,P
superb;,1,P
brightest,1,P
graciously,1,P
enjoys,1,P
celebrate,1,P
peace,1,P
wonderfully,1,P
rescue,1,P
flawless,1,P
bad,18,N
negative,10,N
horrible,10,N
worst,6,N
dead,6,N
disappointment,5,N
hated,2,N
trapped,2,N
drowned,2,N
nasty,2,N
furious,1,N
spite,1,N
die,1,N
suffer,1,N
lousy,1,N
died,1,N
disaster,1,N
irate,1,N
ugly,1,N
ruin,1,N
scam,1,N
disgustingly,1,N
disgusting,1,N
assault,1,N
