Word,Frq,Category
great,86,P
comfortable,40,P
excellent,24,P
wonderful,17,P
free,16,P
best,10,P
enjoyed,9,P
beautiful,8,P
happy,7,P
kind,7,P
pleasant,7,P
perfect,6,P
loved,6,P
awesome,5,P
amazing,4,P
super,4,P
fun,3,P
lovely,3,P
positive,3,P
love,3,P
perfectly,3,P
fantastic,2,P
delighted,2,P
delicious,2,P
ideal,2,P
gorgeous,2,P
heaven,2,P
bonus,2,P
reward,2,P
superb,1,P
won,1,P
appreciated,1,P
impressive,1,P
superior,1,P
beautifully,1,P
cheering,1,P
outstanding,1,P
win,1,P
bonus:,1,P
fabulous,1,P
generous,1,P
fantastic;,1,P
greatest,1,P
wonderfully,1,P
happily,1,P
wow,1,P
courteous,1,P
remarkable,1,P
pleasure,1,P
delightful,1,P
bad,14,N
negative,7,N
hell,2,N
obscene,1,N
violated,1,N
angry,1,N
die,1,N
failed,1,N
crime,1,N
saddened,1,N
disgusting,1,N
crisis,1,N
hurt,1,N
disaster,1,N
raped,1,N
hate,1,N
lousy,1,N
