Word,Frq,Category
great,269,P
comfortable,90,P
free,59,P
beautiful,59,P
amazing,55,P
best,54,P
loved,49,P
perfect,45,P
excellent,45,P
love,41,P
happy,40,P
wonderful,38,P
enjoyed,37,P
fun,34,P
lovely,27,P
fantastic,27,P
outstanding,19,P
gorgeous,18,P
super,17,P
kind,17,P
awesome,16,P
delicious,14,P
pleasant,13,P
fabulous,8,P
pleasure,7,P
perfectly,7,P
wow,6,P
appreciated,6,P
celebrating,6,P
beautifully,6,P
courteous,5,P
impressive,5,P
yummy,5,P
lover,4,P
pleasing,4,P
celebrate,4,P
bonus,4,P
superb,4,P
delighted,3,P
sophisticated,3,P
enjoying,3,P
ideal,3,P
trust,3,P
strong,3,P
luckily,3,P
positive,3,P
happily,3,P
"""happy",3,P
heavenly,3,P
honored,3,P
heaven,2,P
loyalty,2,P
honest,2,P
wonderfully,2,P
perfection,2,P
sexy,2,P
gracious,2,P
generous,2,P
lovely;,2,P
greatest,2,P
adore,2,P
charming,2,P
superior,2,P
glorious,1,P
kudos,1,P
beloved,1,P
perfect:,1,P
flawless,1,P
loving,1,P
fun-,1,P
marvelous,1,P
enjoys,1,P
tops,1,P
success,1,P
appreciative,1,P
brilliant,1,P
winner,1,P
honour,1,P
congratulations,1,P
appreciated-,1,P
happier,1,P
loves,1,P
magnificent,1,P
amazing-,1,P
"""great",1,P
great-,1,P
remarkable,1,P
great;,1,P
relaxation,1,P
encourage,1,P
awesome-,1,P
laugh,1,P
"""beautiful",1,P
bad,14,N
die,7,N
negative,6,N
war,4,N
hurt,2,N
fail,2,N
horrific,2,N
horrible,2,N
stupid,2,N
livid,2,N
disturbingly,1,N
sick,1,N
disappointment,1,N
insanity,1,N
failing,1,N
assaulted,1,N
failed,1,N
"""horrible",1,N
aggravate,1,N
harm,1,N
disgusting,1,N
horrendous,1,N
hate,1,N
panic,1,N
drown,1,N
pain,1,N
stealing,1,N
neglected,1,N
worst,1,N
kill,1,N
sadden,1,N
stressful,1,N
bad:,1,N
terribly,1,N
