Word,Frq,Category
great,397,P
comfortable,126,P
excellent,106,P
free,92,P
best,87,P
wonderful,65,P
beautiful,61,P
enjoyed,47,P
pleasant,41,P
perfect,40,P
amazing,36,P
outstanding,34,P
awesome,29,P
happy,27,P
kind,23,P
fantastic,22,P
courteous,21,P
pleasure,21,P
lovely,19,P
loved,19,P
delicious,19,P
love,18,P
super,15,P
fun,13,P
fabulous,13,P
appreciated,13,P
superb,10,P
gorgeous,8,P
impressive,8,P
perfectly,7,P
wow,7,P
ideal,7,P
positive,7,P
beautifully,6,P
cheerful,6,P
vip,6,P
superior,5,P
honest,5,P
strong,4,P
pleasurable,4,P
luckily,4,P
bonus,4,P
enjoying,4,P
delightful,3,P
wonderfully,3,P
delight,3,P
charming,3,P
praise,3,P
wowed,3,P
encourage,2,P
peace,2,P
generous,2,P
award,2,P
kudos,2,P
cheery,2,P
heavenly,2,P
gracious,2,P
yummy,2,P
successful,2,P
divine,2,P
perfection,2,P
appreciative,2,P
romance,1,P
fabulous-,1,P
brilliant,1,P
"""happy",1,P
"""best",1,P
greatest,1,P
sexy,1,P
honored,1,P
heaven,1,P
thankful,1,P
comfortable;,1,P
winner,1,P
pleasing,1,P
reward,1,P
wonderful-,1,P
winning,1,P
honour,1,P
congratulations,1,P
treasured,1,P
wins,1,P
graciously,1,P
enjoys,1,P
magnificent,1,P
marvelous,1,P
brilliant-,1,P
honors,1,P
celebrating,1,P
sympathetic,1,P
appreciation,1,P
rich,1,P
brave,1,P
friendliest,1,P
excellent:,1,P
gratitude,1,P
blissful,1,P
excellent;,1,P
blessed,1,P
delectable,1,P
bad,18,N
dead,12,N
die,11,N
horrible,7,N
negative,6,N
disappointment,4,N
frustrated,4,N
disaster,4,N
worst,3,N
sick,3,N
war,3,N
stupid,2,N
snafu,2,N
dumb,2,N
hate,2,N
stressful,2,N
hurt,2,N
lousy,2,N
furious,1,N
cancer,1,N
troublesome,1,N
unprofessional,1,N
failure,1,N
crime,1,N
ban,1,N
unhealthy,1,N
starved,1,N
failed,1,N
terribly,1,N
havoc,1,N
neglected,1,N
disgusting,1,N
insult,1,N
painfully,1,N
poisoning,1,N
devils,1,N
death,1,N
anger,1,N
bad:,1,N
dearth,1,N
troubling,1,N
