Word,Frq,Category
great,334,P
excellent,131,P
best,126,P
wonderful,122,P
beautiful,119,P
comfortable,106,P
perfect,73,P
amazing,67,P
love,57,P
loved,45,P
free,42,P
lovely,41,P
fantastic,39,P
enjoyed,38,P
delicious,33,P
happy,32,P
outstanding,29,P
fun,28,P
fabulous,28,P
pleasant,25,P
gorgeous,20,P
courteous,17,P
pleasure,16,P
perfectly,14,P
superb,12,P
super,11,P
awesome,10,P
kind,10,P
impressive,10,P
celebrate,8,P
appreciated,8,P
gracious,8,P
beautifully,8,P
ideal,7,P
enjoying,7,P
yummy,6,P
delightful,6,P
superior,5,P
wow,5,P
success,5,P
friendliest,4,P
excellence,4,P
delight,4,P
relaxation,4,P
celebrated,4,P
flawless,3,P
wonderfully,3,P
beauty,3,P
perfection,3,P
strong,3,P
amaze,3,P
cheerful,3,P
graciously,3,P
positive,3,P
enjoyment,2,P
greatest,2,P
lovers,2,P
magnificent,2,P
celebrating,2,P
happily,2,P
bliss,2,P
generous,2,P
successful,2,P
heavenly,2,P
charming,2,P
remarkable,2,P
pleasant-,1,P
comfortable-,1,P
pleasing,1,P
loves,1,P
best:,1,P
r&r,1,P
heaven,1,P
perfected,1,P
amazing-,1,P
paradise,1,P
inspiration,1,P
excellent;,1,P
kudos,1,P
marvelous,1,P
talented,1,P
excellently,1,P
remarkable;,1,P
pleasurable,1,P
delighted,1,P
sophisticated,1,P
smiled,1,P
tops,1,P
brilliant,1,P
-perfect,1,P
vip,1,P
earnest,1,P
positives-,1,P
cheered,1,P
loyalty,1,P
jolly,1,P
vibrant,1,P
blissful,1,P
comfortable;,1,P
"""happy",1,P
bad,20,N
disappointment,6,N
negative,6,N
worst,4,N
fail,3,N
horrible,3,N
hated,2,N
die,2,N
lying,2,N
nasty,2,N
hate,2,N
unprofessional,2,N
ugly,1,N
crime,1,N
neglected,1,N
fired,1,N
failed,1,N
unhappiness,1,N
killer,1,N
horribly,1,N
dumb,1,N
bad:,1,N
painfully,1,N
insult,1,N
raped,1,N
sick,1,N
worst;,1,N
pain,1,N
