Word,Frq,Category
great,146,P
comfortable,65,P
beautiful,42,P
wonderful,37,P
excellent,29,P
enjoyed,27,P
loved,24,P
free,21,P
perfect,21,P
fantastic,18,P
best,18,P
lovely,17,P
beautifully,16,P
love,14,P
amazing,13,P
gorgeous,12,P
delicious,11,P
fabulous,11,P
awesome,9,P
fun,8,P
super,8,P
courteous,7,P
happy,6,P
relaxation,5,P
celebrate,5,P
pleasure,5,P
celebrating,4,P
outstanding,4,P
pleasant,4,P
bonus,4,P
wonderfully,3,P
wow,3,P
kind,3,P
ideal,3,P
rich,3,P
lovingly,2,P
positive,2,P
cheerful,2,P
sophisticated,2,P
heaven,2,P
luckily,2,P
superb,2,P
perfectly,2,P
happily,2,P
sexy,2,P
remarkable,2,P
yay,1,P
"""best",1,P
appreciated,1,P
glamorous,1,P
delight,1,P
generous,1,P
celebrated,1,P
vip,1,P
win,1,P
flawless,1,P
enjoying,1,P
"""relaxation",1,P
positives:,1,P
yummy,1,P
peace,1,P
trust,1,P
thankful,1,P
impressing,1,P
loyalty,1,P
heavenly,1,P
gracious,1,P
romance,1,P
happier,1,P
tops,1,P
gorgeously,1,P
perfection,1,P
strong,1,P
justice,1,P
excellent;,1,P
splendid,1,P
negative,9,N
bad,8,N
worst,4,N
disappointment,3,N
failed,3,N
horrible,3,N
hate,2,N
spite,2,N
sick,2,N
terribly,2,N
rotten,2,N
ruin,1,N
fail,1,N
hurt,1,N
disgusting,1,N
fatal,1,N
wicked,1,N
horrific,1,N
kill,1,N
arrogance,1,N
stressful,1,N
failure,1,N
wth,1,N
