Word,Frq,Category
great,84,P
beautiful,59,P
comfortable,40,P
amazing,40,P
perfect,26,P
wonderful,25,P
best,23,P
enjoyed,21,P
love,20,P
free,19,P
loved,19,P
excellent,16,P
lovely,14,P
fun,11,P
awesome,10,P
gorgeous,10,P
kind,9,P
pleasant,9,P
charming,7,P
fantastic,7,P
delicious,6,P
enjoying,5,P
super,4,P
wow,4,P
paradise,4,P
bonus,4,P
appreciated,4,P
strong,4,P
ideal,3,P
happy,3,P
perfectly,3,P
fabulous,3,P
beautifully,2,P
encourage,2,P
delight,2,P
pleasure,2,P
courteous,2,P
peace,2,P
beauty,2,P
romance,1,P
heaven,1,P
heavenly,1,P
superb,1,P
trust,1,P
rich,1,P
happier,1,P
celebrate,1,P
darling,1,P
cheery,1,P
kudos,1,P
winning,1,P
free;,1,P
"free""",1,P
greatest,1,P
joy,1,P
magnificence,1,P
lovingly,1,P
luckily,1,P
cheerful,1,P
honest,1,P
wonderfully,1,P
wonderful-,1,P
happily,1,P
magnificent,1,P
delightful,1,P
positive,1,P
bad,9,N
negative,3,N
worst,3,N
terribly,2,N
ruin,2,N
disgusting,2,N
hate,2,N
hated,2,N
chaos,1,N
worst:,1,N
obscene,1,N
illegal,1,N
disappointment,1,N
die,1,N
violence,1,N
drown,1,N
