Word,Frq,Category
great,80,P
comfortable,50,P
free,29,P
excellent,24,P
wonderful,18,P
perfect,17,P
enjoyed,14,P
best,9,P
amazing,8,P
beautiful,7,P
super,6,P
fantastic,6,P
pleasant,6,P
happy,6,P
awesome,5,P
fun,4,P
appreciated,4,P
outstanding,4,P
lovely,4,P
loved,3,P
love,3,P
pleasure,3,P
bonus,3,P
kind,3,P
honors,2,P
luckily,2,P
trust,2,P
courteous,2,P
gorgeous,2,P
delightfully,1,P
sophisticated,1,P
fabulous,1,P
kudos,1,P
impressive,1,P
gracious,1,P
tops,1,P
loyalty,1,P
delighted,1,P
relaxation,1,P
celebrate,1,P
yummy,1,P
splendid,1,P
justice,1,P
delight,1,P
joy,1,P
enjoying,1,P
happily,1,P
:perfect,1,P
reward,1,P
happier,1,P
beautifully,1,P
bad,2,N
negative,2,N
ugly,2,N
disgusting,1,N
cancer,1,N
death,1,N
sick,1,N
