Word,Frq,Category
great,192,P
free,179,P
comfortable,65,P
excellent,42,P
best,31,P
enjoyed,26,P
pleasant,23,P
happy,22,P
wonderful,18,P
kind,15,P
loved,15,P
perfect,13,P
amazing,11,P
super,9,P
delicious,9,P
fantastic,8,P
awesome,8,P
love,7,P
fun,7,P
bonus,7,P
outstanding,6,P
lovely,5,P
positive,5,P
appreciated,5,P
perfectly,4,P
beautiful,4,P
courteous,4,P
pleasure,3,P
gorgeous,3,P
luckily,3,P
cheerful,3,P
gracious,2,P
ideal,2,P
friendliest,2,P
fabulous,2,P
impressive,2,P
generous,2,P
wow,2,P
positives:,1,P
happily,1,P
trust,1,P
tops,1,P
reward,1,P
flawless,1,P
pleasing,1,P
sophisticated,1,P
"""wow",1,P
honest,1,P
talented,1,P
strong,1,P
happier,1,P
superb,1,P
delighted,1,P
darling,1,P
kudos,1,P
bad,29,N
die,7,N
negative,4,N
terribly,3,N
disturbing,3,N
unprofessional,2,N
rotten,2,N
pain,2,N
war,2,N
disturbingly,1,N
suckers,1,N
hurt,1,N
assaulted,1,N
crappy,1,N
horrid,1,N
worst,1,N
fired,1,N
disaster,1,N
drown,1,N
horrendous,1,N
