Word,Frq,Category
great,59,P
comfortable,40,P
free,28,P
best,19,P
excellent,17,P
wonderful,16,P
kind,9,P
enjoyed,9,P
perfect,9,P
amazing,8,P
pleasant,8,P
beautiful,8,P
happy,8,P
loved,6,P
outstanding,5,P
delicious,4,P
fantastic,4,P
love,4,P
super,4,P
perfection,3,P
appreciated,3,P
excellence,3,P
honors,2,P
bonus,2,P
awesome,2,P
perfectly,2,P
honest,2,P
success,2,P
wow,2,P
happily,2,P
impressive,2,P
delightful,1,P
celebrating,1,P
courteous,1,P
fabulous,1,P
'love,1,P
fun,1,P
superb,1,P
happiness,1,P
loyalty,1,P
appreciation,1,P
blessings,1,P
glamorous,1,P
greatest,1,P
lovely,1,P
relaxation,1,P
beautiful-,1,P
positive,1,P
remarkable,1,P
encourage,1,P
joy,1,P
"""wow",1,P
pleasure,1,P
talented,1,P
die,5,N
bad,3,N
horrible,2,N
war,2,N
negative,1,N
hate,1,N
disappointment,1,N
dead,1,N
stressful,1,N
hell,1,N
worst,1,N
failing,1,N
