Word,Frq,Category
great,198,P
comfortable,102,P
perfect,64,P
loved,58,P
free,52,P
wonderful,43,P
excellent,40,P
lovely,38,P
beautiful,38,P
best,38,P
enjoyed,27,P
fantastic,20,P
love,18,P
super,17,P
amazing,13,P
beautifully,13,P
pleasant,13,P
happy,13,P
charming,10,P
delicious,10,P
appreciated,10,P
perfectly,9,P
ideal,9,P
superb,9,P
gorgeous,8,P
pleasure,7,P
delightful,6,P
kind,6,P
freedom,5,P
positive,5,P
fabulous,5,P
awesome,5,P
fun,4,P
luckily,4,P
delight,4,P
generous,4,P
sophisticated,4,P
delighted,3,P
bonus,3,P
gracious,3,P
enjoying,3,P
celebrate,3,P
positives,2,P
wonderful:,2,P
wonderfully,2,P
outstanding,2,P
peace,2,P
courteous,2,P
amazing-,2,P
perfection,2,P
tops,2,P
positives-,1,P
gorgeous;,1,P
praise,1,P
gain,1,P
cleverly,1,P
"""perfect",1,P
happier,1,P
heaven,1,P
positively,1,P
beautiful-,1,P
success,1,P
impressive,1,P
positives:,1,P
magnificent,1,P
gorgeously,1,P
treasured,1,P
excellently,1,P
appreciates,1,P
brilliant,1,P
supremely,1,P
great;,1,P
liberty,1,P
comfortable;,1,P
glorious,1,P
magnificently,1,P
heavenly,1,P
cutest,1,P
superior,1,P
wow,1,P
honest,1,P
praising,1,P
lovely-,1,P
fantastic-,1,P
strong,1,P
lover,1,P
lovely;,1,P
die,9,N
negative,6,N
bad,5,N
horrible,3,N
hate,2,N
worst,2,N
pain,2,N
disappointment,2,N
sin,2,N
excruciatingly,1,N
ugly,1,N
horrific,1,N
devil,1,N
irritation,1,N
poorest,1,N
ruin,1,N
nasty,1,N
illegal,1,N
