Word,Frq,Category
great,62,P
comfortable,19,P
free,19,P
enjoyed,14,P
best,14,P
wonderful,12,P
kind,8,P
excellent,8,P
loved,7,P
awesome,7,P
love,6,P
outstanding,6,P
courteous,5,P
pleasant,5,P
appreciated,5,P
amazing,3,P
happy,3,P
praise,2,P
fantastic,2,P
pleasure,2,P
super,1,P
fun,1,P
beautiful,1,P
enjoying,1,P
ecstatic,1,P
thankful,1,P
appreciation,1,P
superb,1,P
graciousness,1,P
lovely,1,P
delicious,1,P
fabulous,1,P
pleasing,1,P
cheerful,1,P
flawless,1,P
perfect,1,P
perfectly,1,P
gracious,1,P
heaven,1,P
worst,5,N
bad,3,N
die,3,N
negative,1,N
disaster,1,N
chaos,1,N
failing,1,N
frustrated,1,N
failure,1,N
hate,1,N
"""hate",1,N
