Word,Frq,Category
great,58,P
free,30,P
comfortable,26,P
excellent,10,P
perfect,9,P
pleasant,8,P
magnificent,6,P
wonderful,5,P
enjoyed,4,P
kind,3,P
love,3,P
loved,3,P
beautiful,3,P
strong,3,P
super,3,P
best,3,P
appreciated,2,P
perfectly,2,P
happy,2,P
fantastic,2,P
awesome,2,P
adore,1,P
fun,1,P
brightest,1,P
superior,1,P
luckily,1,P
happily,1,P
lovely,1,P
great;,1,P
graciously,1,P
best:,1,P
wonderfully,1,P
courteous,1,P
bonus,1,P
brilliant,1,P
die,19,N
war,10,N
bad,3,N
doomed,1,N
horror,1,N
slut,1,N
horrible,1,N
worst,1,N
