Word,Frq,Category
great,166,P
comfortable,42,P
best,39,P
amazing,32,P
love,30,P
fun,29,P
perfect,29,P
beautiful,23,P
loved,21,P
enjoyed,21,P
free,21,P
kind,19,P
excellent,18,P
fantastic,16,P
happy,15,P
lovely,15,P
super,13,P
wonderful,12,P
awesome,9,P
perfectly,8,P
pleasant,7,P
positive,6,P
appreciated,5,P
luckily,5,P
enjoying,4,P
fabulous,4,P
superb,4,P
gorgeous,3,P
fascinating,3,P
peace,3,P
brilliant,3,P
delighted,3,P
outstanding,3,P
charming,3,P
ideal,3,P
romance,2,P
tops,2,P
beauty,2,P
pleasure,2,P
courteous,2,P
beautifully,2,P
marvelous,2,P
joyful,2,P
wow,2,P
happier,1,P
bonus,1,P
kind;,1,P
blessings,1,P
yay,1,P
thankful,1,P
wins,1,P
glorified,1,P
joy,1,P
delicious,1,P
"splendor""",1,P
impressive,1,P
laugh,1,P
loves,1,P
happily,1,P
honest,1,P
splendid,1,P
magnificent,1,P
enjoys,1,P
lovely:,1,P
bad,36,N
die,23,N
war,19,N
worst,16,N
negative,7,N
nasty,6,N
disgusting,5,N
horrible,4,N
ugliest,4,N
hell,3,N
pissed,3,N
threatening,3,N
cheated,2,N
unethical,2,N
hated,2,N
rudest,1,N
horrific,1,N
bad:,1,N
insult,1,N
ugly,1,N
terribly,1,N
furious,1,N
terrified,1,N
disturbing,1,N
abusive,1,N
harming,1,N
killer,1,N
violating,1,N
scam,1,N
terrifying,1,N
pain,1,N
failure,1,N
crappy,1,N
prison,1,N
gloom,1,N
lousy,1,N
wicked,1,N
disappointment,1,N
crime,1,N
dismal,1,N
murders,1,N
danger,1,N
suffer,1,N
poverty,1,N
fraud,1,N
pathetic,1,N
hurt,1,N
trapped,1,N
horrid,1,N
"nasty""",1,N
threat,1,N
horrendous,1,N
punishing,1,N
death,1,N
frustrated,1,N
dead,1,N
slut,1,N
