Word,Frq,Category
great,30,P
comfortable,11,P
fun,9,P
perfect,8,P
beautiful,7,P
love,7,P
pleasant,7,P
best,5,P
wonderful,4,P
kind,3,P
pleasure,3,P
delight,2,P
happy,2,P
enjoyed,2,P
lovely,2,P
fantastic,2,P
free,2,P
bonus,2,P
super,2,P
loved,2,P
ideal,1,P
happier,1,P
honest,1,P
encourage,1,P
excellent,1,P
remarkable,1,P
gracefully,1,P
paradise,1,P
marvelous,1,P
enjoying,1,P
wonderfully,1,P
divine,1,P
luckily,1,P
gracious,1,P
friendliest,1,P
superb,1,P
justice,1,P
die,4,N
prison,2,N
negative,2,N
war,2,N
hated,1,N
punish,1,N
bad,1,N
