Word,Frq,Category
great,118,P
comfortable,75,P
excellent,29,P
free,28,P
pleasant,23,P
best,18,P
perfect,16,P
kind,16,P
happy,14,P
super,13,P
perfectly,9,P
positive,8,P
enjoyed,8,P
fantastic,8,P
amazing,7,P
wonderful,7,P
appreciated,7,P
bonus,6,P
love,6,P
awesome,6,P
gracious,4,P
loved,4,P
happily,3,P
ideal,3,P
delicious,3,P
courteous,3,P
beautiful,3,P
bonuses,2,P
graciously,2,P
delighted,2,P
outstanding,2,P
strong,2,P
lovely,2,P
impressive,1,P
enjoying,1,P
confidence,1,P
vibrant,1,P
loves,1,P
r&r,1,P
friendliest,1,P
luckily,1,P
wow,1,P
greatest,1,P
pleasure,1,P
positives,1,P
smiled,1,P
comfortable;,1,P
super:,1,P
die,19,N
bad,8,N
war,8,N
hated,2,N
nasty,1,N
wicked,1,N
hate,1,N
worst,1,N
crime,1,N
dead,1,N
lousy,1,N
tard,1,N
hell,1,N
