Word,Frq,Category
great,48,P
comfortable,24,P
free,15,P
best,8,P
wonderful,7,P
perfect,6,P
loved,6,P
enjoyed,5,P
excellent,5,P
super,4,P
amazing,3,P
pleasant,3,P
courteous,3,P
pleasure,2,P
kind,2,P
lovely,2,P
honors,2,P
happy,2,P
love,2,P
friendliest,1,P
fantastic,1,P
delicious,1,P
wonderfully,1,P
yummy,1,P
peace,1,P
amazement,1,P
beautiful,1,P
outstanding,1,P
awesome,1,P
superb,1,P
perfected,1,P
appreciated,1,P
strong,1,P
kudos,1,P
negative,4,N
bad,4,N
fraud,2,N
killing,1,N
drowned,1,N
stench,1,N
