Word,Frq,Category
great,401,P
comfortable,110,P
free,80,P
loved,78,P
best,69,P
perfect,49,P
wonderful,47,P
super,43,P
fun,42,P
excellent,36,P
enjoyed,35,P
amazing,34,P
fantastic,33,P
pleasant,32,P
love,31,P
lovely,22,P
happy,22,P
charming,19,P
kind,18,P
delicious,18,P
awesome,16,P
perfectly,12,P
fabulous,12,P
courteous,7,P
ideal,7,P
luckily,7,P
superb,7,P
positive,6,P
delightful,6,P
appreciated,6,P
yummy,5,P
delight,5,P
beautiful,5,P
won,5,P
brilliant,5,P
outstanding,4,P
pleasure,4,P
gorgeous,4,P
delighted,3,P
winner,3,P
strong,3,P
great:,3,P
impressive,3,P
celebrated,2,P
tops,2,P
justice,2,P
romance,2,P
trust,2,P
peace,2,P
celebrate,2,P
delightfully,2,P
beautifully,2,P
great;,1,P
divine,1,P
bonus,1,P
lover,1,P
delight;,1,P
rich,1,P
perfect;,1,P
praise,1,P
 wow,1,P
positives,1,P
cleverly,1,P
excellence,1,P
gracious,1,P
lovingly,1,P
adore,1,P
"kind""",1,P
enjoying,1,P
enjoyment,1,P
delectable,1,P
hopeful,1,P
"""lovers",1,P
honest,1,P
graciously,1,P
miracle,1,P
gratitude,1,P
wow,1,P
glamorous,1,P
friendliest,1,P
generous,1,P
bonus:,1,P
wowed,1,P
laugh,1,P
appreciates,1,P
fascinating,1,P
magnificent,1,P
pleasing,1,P
cutest,1,P
grandeur,1,P
glorified,1,P
admired,1,P
encourage,1,P
generosity,1,P
superior,1,P
perfect:,1,P
inspiration,1,P
die,27,N
bad,15,N
negative,13,N
war,12,N
worst,8,N
hate,5,N
fired,3,N
disgusting,3,N
horrible,3,N
po',3,N
hell,2,N
lying,2,N
insult,2,N
frustrated,2,N
disappointment,2,N
nasty,2,N
disturbing,2,N
drowned,2,N
terribly,2,N
rob,1,N
depression,1,N
fail,1,N
violated,1,N
spite,1,N
stupid,1,N
negative:,1,N
rejected,1,N
ugliest,1,N
dead,1,N
destroy,1,N
distress,1,N
sick,1,N
wth,1,N
kill,1,N
stressful,1,N
killer,1,N
horrific,1,N
chaos,1,N
furious,1,N
