Word,Frq,Category
great,110,P
free,56,P
comfortable,45,P
excellent,26,P
best,25,P
amazing,23,P
beautiful,23,P
loved,18,P
perfect,16,P
enjoyed,16,P
kind,12,P
love,10,P
wonderful,10,P
lovely,9,P
fantastic,9,P
pleasant,8,P
happy,8,P
fabulous,7,P
superb,6,P
super,6,P
delicious,5,P
impressive,5,P
awesome,5,P
perfectly,5,P
outstanding,5,P
rich,4,P
courteous,3,P
ideal,3,P
beautifully,3,P
bonus,3,P
gorgeous,3,P
charming,3,P
happily,2,P
generous,2,P
pleasure,2,P
fun,2,P
remarkable,2,P
wow,2,P
marvelous,2,P
delightful,1,P
vip,1,P
luckily,1,P
perfect:,1,P
comfortable;,1,P
praise,1,P
rescue,1,P
lovers,1,P
delight-,1,P
excellently,1,P
glamour,1,P
loyalty,1,P
"""happy",1,P
glamorous,1,P
smiled,1,P
cheerful,1,P
award,1,P
positive,1,P
enjoying,1,P
appreciated,1,P
"free""",1,P
lovingly,1,P
brilliant,1,P
appreciative,1,P
celebrated,1,P
gracious,1,P
delighted,1,P
loves,1,P
heaven,1,P
justice,1,P
strong,1,P
greatest,1,P
richer,1,P
fabulous:,1,P
beauty,1,P
positives,1,P
bad,8,N
die,7,N
negative,3,N
worst,2,N
war,2,N
kill,1,N
scam,1,N
ugly:,1,N
horrid,1,N
drown,1,N
hell,1,N
pain,1,N
frustrated,1,N
chaos,1,N
unprofessional,1,N
hate,1,N
ruin,1,N
stressful,1,N
lying,1,N
suffer,1,N
danger,1,N
horrors,1,N
violating,1,N
