Word,Frq,Category
free,166,P
great,115,P
comfortable,39,P
excellent,26,P
super,24,P
best,18,P
loved,16,P
bonus,14,P
happy,13,P
lovely,11,P
wonderful,8,P
pleasant,8,P
perfect,7,P
enjoyed,7,P
kind,6,P
fantastic,6,P
courteous,6,P
perfectly,5,P
positive,4,P
amazing,4,P
awesome,4,P
happier,3,P
fun,3,P
charming,3,P
love,2,P
greatest,2,P
positives,2,P
honest,2,P
beautiful,2,P
appreciated,2,P
ideal,2,P
strong,1,P
happily,1,P
loves,1,P
delight,1,P
fabulous,1,P
enjoying,1,P
appreciates,1,P
great;,1,P
superb,1,P
comfortable-,1,P
luckily,1,P
cheerful,1,P
trust,1,P
friendliest,1,P
survived,1,P
wonderfully,1,P
honoring,1,P
won,1,P
tops,1,P
winner,1,P
joy,1,P
bonuses,1,P
wow,1,P
delicious,1,P
impressive,1,P
praise,1,P
grandeur,1,P
die,216,N
war,129,N
bad,23,N
negative,6,N
worst,5,N
sin,5,N
hell,3,N
disgusting,2,N
horrible,2,N
tard,2,N
poorest,1,N
unhappiness,1,N
pain,1,N
horrendous,1,N
disaster,1,N
terribly,1,N
killed,1,N
drowned,1,N
drown,1,N
dismal,1,N
nasty,1,N
curse,1,N
po',1,N
worst:,1,N
spite,1,N
"""stinking",1,N
fu,1,N
