Word,Frq,Category
great,40,P
free,30,P
comfortable,15,P
excellent,11,P
best,9,P
wonderful,9,P
kind,7,P
super,7,P
perfect,7,P
enjoyed,6,P
pleasant,5,P
amazing,4,P
love,4,P
fantastic,4,P
positive,4,P
loved,4,P
courteous,3,P
ideal,3,P
vip,3,P
happy,2,P
"""vip",2,P
awesome,2,P
fun,1,P
win,1,P
graciousness,1,P
survived,1,P
luckily,1,P
charming,1,P
delighted,1,P
cheering,1,P
happily,1,P
positives,1,P
cheerful,1,P
super;,1,P
sympathetic,1,P
"""free",1,P
strong,1,P
cheery,1,P
appreciated,1,P
enjoying,1,P
bonus,1,P
die,28,N
war,12,N
bad,11,N
worst,3,N
disgusting,2,N
horribly,2,N
crappy,2,N
horrible,2,N
horrific,1,N
wtf,1,N
hell,1,N
horrid,1,N
angry,1,N
disaster,1,N
dead,1,N
terribly,1,N
stealing,1,N
sin,1,N
