Word,Frq,Category
comfortable,22,P
great,18,P
free,17,P
best,10,P
excellent,8,P
pleasant,6,P
enjoyed,4,P
wonderful,4,P
awesome,4,P
courteous,3,P
kind,3,P
praise,2,P
strong,2,P
happy,2,P
love,2,P
perfect,2,P
delicious,2,P
super,2,P
wow,2,P
loved,2,P
peace,1,P
bonus,1,P
fantastic,1,P
outstanding,1,P
honest,1,P
delightfully,1,P
impressive,1,P
pleasure,1,P
funniest,1,P
luckily,1,P
bad,6,N
disgusting,4,N
worst,4,N
nasty,3,N
die,3,N
fraud,1,N
assaulted,1,N
stench,1,N
"""angry",1,N
pissed,1,N
sick,1,N
horrible,1,N
horrendous,1,N
spite,1,N
dead,1,N
kill,1,N
punish,1,N
thief,1,N
threat,1,N
scam,1,N
disgusted,1,N
disappointment,1,N
ass,1,N
illegal,1,N
negative,1,N
ugly,1,N
