Word,Frq,Category
great,36,P
comfortable,12,P
free,11,P
loved,10,P
kind,9,P
beautiful,8,P
excellent,8,P
charming,6,P
happy,6,P
enjoyed,5,P
fun,5,P
perfect,5,P
love,5,P
lovely,5,P
best,5,P
super,5,P
ideal,4,P
strong,3,P
pleasant,3,P
justice,2,P
trust,2,P
amazing,2,P
awesome,2,P
positive,2,P
superior,2,P
honest,1,P
peace,1,P
delightful,1,P
fantastic,1,P
fascinating,1,P
luckily,1,P
"""happy",1,P
celebrate,1,P
appreciated,1,P
perfectly,1,P
war,16,N
die,16,N
bad,14,N
worst,13,N
negative,5,N
hell,3,N
po',3,N
disgusting,2,N
nasty,2,N
lousy,2,N
sick,2,N
horror,2,N
harm,1,N
hurt,1,N
murder,1,N
worst:,1,N
anger,1,N
unhealthy,1,N
ugly,1,N
depressingly,1,N
disaster,1,N
horrendous,1,N
stupid,1,N
horrible,1,N
sin,1,N
fired,1,N
killed,1,N
