Word,Frq,Category
great,523,P
free,399,P
comfortable,161,P
excellent,72,P
perfect,67,P
best,67,P
wonderful,54,P
loved,53,P
bonus,36,P
pleasant,34,P
fantastic,30,P
happy,28,P
enjoyed,28,P
perfectly,21,P
super,20,P
lovely,16,P
kind,16,P
positive,15,P
love,15,P
ideal,15,P
amazing,11,P
beautiful,11,P
fabulous,10,P
awesome,8,P
fun,7,P
outstanding,6,P
courteous,6,P
happily,5,P
justice,5,P
generous,4,P
delightful,4,P
superb,4,P
appreciated,4,P
delicious,3,P
pleasure,3,P
happier,3,P
wonderfully,3,P
honest,2,P
loves,2,P
luckily,2,P
brilliant,2,P
wow,2,P
win,2,P
yummy,2,P
lovers,2,P
celebrating,1,P
winning,1,P
charming,1,P
delighted,1,P
excellently,1,P
won,1,P
free:,1,P
comfortable:,1,P
wd,1,P
beautifully,1,P
wonderful;,1,P
miracle,1,P
romance,1,P
brilliantly,1,P
free-,1,P
excellent:,1,P
celebrate,1,P
honored,1,P
"""free",1,P
praise,1,P
gracious,1,P
strong,1,P
positively,1,P
adore,1,P
trust,1,P
wowed,1,P
encourage,1,P
thankful,1,P
divine,1,P
glorious,1,P
inspire,1,P
confidence,1,P
cheerful,1,P
delight,1,P
bliss,1,P
glamour,1,P
die,86,N
war,38,N
bad,24,N
negative,13,N
worst,3,N
stinking,3,N
horrible,2,N
pain,2,N
tard,2,N
sin,2,N
enemy,1,N
negative:,1,N
weakest,1,N
horrendous,1,N
hurt,1,N
horribly,1,N
crappy,1,N
neglected,1,N
pita,1,N
saddened,1,N
nasty,1,N
idiot,1,N
terribly,1,N
disgusted,1,N
lying,1,N
disappointment,1,N
failing,1,N
failed,1,N
fail,1,N
