Word,Frq,Category
great,115,P
free,89,P
comfortable,28,P
best,23,P
excellent,14,P
super,12,P
pleasant,11,P
kind,11,P
fantastic,10,P
perfect,9,P
happy,7,P
beautiful,7,P
love,7,P
awesome,6,P
positive,6,P
bonus,5,P
loved,5,P
amazing,4,P
ideal,4,P
enjoyed,4,P
delicious,4,P
laugh,3,P
luckily,3,P
courteous,3,P
fun,3,P
fabulous,2,P
beauty,2,P
honest,2,P
honored,2,P
pleasure,2,P
outstanding,2,P
superb,2,P
charming,1,P
yummy,1,P
strong,1,P
positives,1,P
great;,1,P
celebrate,1,P
wonderful,1,P
enjoyment,1,P
greatest,1,P
enjoying,1,P
marvelous,1,P
gorgeous,1,P
cheerful,1,P
perfectly,1,P
peace,1,P
pleasing,1,P
glamour,1,P
appreciated,1,P
celebrated,1,P
survived,1,P
war,38,N
die,33,N
bad,26,N
horrible,6,N
worst,5,N
negative,4,N
stench,3,N
disgusting,3,N
horrendous,2,N
lying,2,N
terrified,1,N
disgustingly,1,N
killed,1,N
dismal,1,N
devil,1,N
nasty,1,N
murder,1,N
stressful,1,N
bad:,1,N
crisis,1,N
killing,1,N
vile,1,N
horror,1,N
tragedy,1,N
angry,1,N
insulted,1,N
lousy,1,N
criminal,1,N
hate,1,N
insult,1,N
horribly,1,N
stupid,1,N
crime,1,N
unprofessional,1,N
ruin,1,N
drown,1,N
po',1,N
wars,1,N
