Word,Frq,Category
great,177,P
comfortable,32,P
best,31,P
free,27,P
perfect,25,P
enjoyed,22,P
excellent,17,P
wonderful,16,P
loved,16,P
fun,15,P
fantastic,15,P
love,12,P
kind,11,P
lovely,11,P
super,10,P
charming,10,P
beautiful,9,P
bonus,6,P
pleasant,6,P
fabulous,6,P
delicious,6,P
happy,6,P
amazing,5,P
positive,5,P
perfectly,5,P
awesome,4,P
courteous,4,P
wow,3,P
luckily,2,P
delightful,2,P
precious,2,P
ideal,2,P
delight,2,P
yummy,2,P
glorious,1,P
win,1,P
magnificent,1,P
honest,1,P
blessed,1,P
friendliest,1,P
cutest,1,P
wonderfully,1,P
great:,1,P
happily,1,P
"happy""",1,P
positive-,1,P
fascinating,1,P
won,1,P
cheerful,1,P
"""best",1,P
bad,16,N
negative,11,N
war,8,N
die,7,N
horrible,6,N
horribly,4,N
liar,3,N
failed,3,N
po',3,N
pain,2,N
angry,2,N
abuse,2,N
prison,1,N
neglected,1,N
horrific,1,N
frustrated,1,N
dead,1,N
disappointment,1,N
curse,1,N
goddam,1,N
horrifying,1,N
rudest,1,N
violated,1,N
hated,1,N
nasty,1,N
danger,1,N
disaster,1,N
worst,1,N
traumatic,1,N
"""pissed",1,N
pathetic,1,N
irate,1,N
lying,1,N
insult,1,N
suffer,1,N
spite,1,N
lousy,1,N
ugly,1,N
hate,1,N
assaulted,1,N
