Word,Frq,Category
great,51,P
comfortable,27,P
free,21,P
best,17,P
happy,10,P
loved,8,P
pleasant,7,P
super,5,P
awesome,5,P
perfect,5,P
excellent,5,P
amazing,4,P
positive,4,P
enjoyed,4,P
bonus,3,P
kind,3,P
wonderful,3,P
courteous,3,P
appreciated,2,P
perfectly,2,P
tops,2,P
luckily,2,P
trust,1,P
wow,1,P
vip,1,P
:d,1,P
happily,1,P
celebrating,1,P
enjoyment,1,P
fantastic,1,P
peace,1,P
strong,1,P
love,1,P
wonderfully,1,P
beautiful,1,P
xd,1,P
paradise,1,P
liberty,1,P
greatest,1,P
splendid,1,P
yay,1,P
fun,1,P
bad,32,N
war,17,N
die,11,N
horrible,10,N
worst,8,N
disgusting,5,N
dead,3,N
negative,3,N
hate,2,N
horrified,2,N
prison,2,N
idiot,2,N
lying,1,N
death,1,N
nasty,1,N
crappy,1,N
cancer,1,N
horribly,1,N
crime,1,N
furious,1,N
hated,1,N
stressful,1,N
horrid,1,N
killed,1,N
murder,1,N
stupid,1,N
rejected,1,N
enemy,1,N
pain,1,N
"cancer""",1,N
catastrophe,1,N
disgusted,1,N
nastiest,1,N
sin,1,N
stinking,1,N
war:,1,N
po',1,N
