Word,Frq,Category
great,40,P
free,24,P
comfortable,15,P
best,11,P
pleasant,6,P
excellent,6,P
super,5,P
perfect,4,P
fantastic,4,P
wonderful,3,P
happy,3,P
love,2,P
awesome,2,P
fun,2,P
positives:,2,P
honest,1,P
kind,1,P
rich,1,P
enjoying,1,P
courteous,1,P
superb,1,P
loved,1,P
strong,1,P
greatest,1,P
perfectly,1,P
outstanding,1,P
excellent:,1,P
trust,1,P
laugh,1,P
superior,1,P
die,8,N
horrible,5,N
war,5,N
bad,3,N
po',3,N
hurt,1,N
nasty,1,N
thieves,1,N
unprofessional,1,N
worst,1,N
spite,1,N
negative,1,N
