Word,Frq,Category
great,588,P
beautiful,262,P
free,149,P
lovely,128,P
wonderful,128,P
comfortable,125,P
loved,115,P
best,101,P
enjoyed,101,P
excellent,92,P
perfect,85,P
happy,76,P
amazing,54,P
fun,52,P
fantastic,51,P
love,50,P
pleasant,46,P
gorgeous,36,P
kind,34,P
fabulous,29,P
super,26,P
awesome,25,P
enjoying,19,P
beautifully,19,P
positive,18,P
outstanding,18,P
bonus,14,P
paradise,14,P
superb,13,P
pleasure,11,P
delicious,11,P
ideal,11,P
peace,9,P
wow,9,P
perfectly,9,P
celebrating,8,P
tops,8,P
celebrate,7,P
relaxation,6,P
delightful,6,P
appreciated,6,P
courteous,6,P
delighted,6,P
charming,5,P
wonderfully,5,P
impressive,5,P
superior,5,P
luckily,4,P
cheerful,4,P
strong,4,P
happier,4,P
splendid,4,P
marvelous,4,P
gracious,4,P
greatest,4,P
honest,3,P
brilliant,3,P
yummy,3,P
vip,3,P
remarkable,3,P
happily,3,P
winner,3,P
heavenly,2,P
celebrated,2,P
graciously,2,P
great;,2,P
heaven,2,P
successful,2,P
enjoyment,2,P
yay,2,P
kudos,2,P
bliss,2,P
enjoys,2,P
award,2,P
success,2,P
lovers,2,P
excellent-,2,P
generous,2,P
positives,1,P
encourage,1,P
 free,1,P
fabulous-,1,P
liberty,1,P
glorified,1,P
"""happy",1,P
glamorous,1,P
-delicious,1,P
perfection,1,P
excellently,1,P
congratulations,1,P
beloved;,1,P
divine,1,P
'happy,1,P
;great,1,P
r&r,1,P
beautiful:,1,P
joy,1,P
magnificent,1,P
"""wonderful",1,P
amazement,1,P
die,63,N
bad,53,N
war,31,N
negative,27,N
horrible,11,N
worst,10,N
disappointment,7,N
terribly,6,N
pain,3,N
stupid,3,N
hell,2,N
unprofessional,2,N
failed,2,N
angry,2,N
hate,2,N
disgusting,2,N
ruin,2,N
po',2,N
bad;,1,N
bad:,1,N
illegal,1,N
spite,1,N
riot,1,N
curse,1,N
grim,1,N
sick,1,N
hated,1,N
killing,1,N
horrific,1,N
insult,1,N
lying,1,N
dumb,1,N
neglected,1,N
killer,1,N
dearth,1,N
ugly,1,N
kill,1,N
lousy,1,N
dead,1,N
frustrated,1,N
horrid,1,N
disturbing,1,N
suffer,1,N
