Word,Frq,Category
free,54,P
great,46,P
comfortable,40,P
best,9,P
super,6,P
pleasant,6,P
ideal,5,P
happy,5,P
excellent,4,P
fantastic,4,P
wonderful,4,P
perfect,4,P
enjoyed,3,P
loved,3,P
kind,3,P
positive,3,P
cheerful,3,P
appreciated,3,P
outstanding,3,P
enjoying,2,P
love,2,P
beautiful,2,P
lovely,2,P
impressive,2,P
courteous,2,P
fabulous,1,P
happily,1,P
delicious,1,P
cheery,1,P
precious,1,P
gracious,1,P
perfectly,1,P
positives,1,P
awesome,1,P
luckily,1,P
superb,1,P
amazing,1,P
strong,1,P
superior,1,P
praise,1,P
bad,6,N
die,5,N
war,5,N
died,1,N
failed,1,N
stressful,1,N
worst,1,N
negative,1,N
horrible,1,N
rudest,1,N
