Word,Frq,Category
great,42,P
free,12,P
kind,12,P
comfortable,10,P
fun,8,P
perfect,7,P
best,7,P
super,6,P
wonderful,6,P
excellent,4,P
enjoyed,3,P
positive,2,P
fabulous,2,P
perfectly,2,P
ideal,2,P
trust,2,P
amazing,2,P
sophisticated,2,P
vip,2,P
appreciated,2,P
impressive,2,P
pleasant,1,P
fantastic,1,P
sexy,1,P
kudos,1,P
beautifully,1,P
honest,1,P
loved,1,P
superb,1,P
love,1,P
outstanding,1,P
glamorous,1,P
smiled,1,P
thankful,1,P
laugh,1,P
awesome,1,P
pleasure,1,P
encourage,1,P
peace,1,P
happy,1,P
wowed,1,P
happier,1,P
gracious,1,P
bad,9,N
worst,8,N
horrible,6,N
terrified,2,N
ugly,2,N
disgusting,2,N
failed,2,N
pissed,2,N
rotten,1,N
killer,1,N
horrendous,1,N
illegal,1,N
hated,1,N
racist,1,N
idiot,1,N
drown,1,N
frustrated,1,N
disappointment,1,N
negative,1,N
sucker,1,N
crappy,1,N
unprofessional,1,N
threat,1,N
irate,1,N
hate,1,N
