Word,Frq,Category
great,480,P
comfortable,172,P
excellent,153,P
free,136,P
best,85,P
wonderful,80,P
perfect,78,P
beautiful,75,P
amazing,72,P
loved,69,P
fantastic,59,P
enjoyed,57,P
happy,49,P
love,46,P
lovely,45,P
awesome,39,P
super,38,P
pleasant,27,P
outstanding,25,P
fabulous,24,P
delicious,23,P
kind,23,P
appreciated,17,P
fun,17,P
perfectly,15,P
beautifully,13,P
gorgeous,12,P
wow,11,P
superb,10,P
generous,8,P
positive,7,P
celebrate,7,P
courteous,7,P
kudos,6,P
pleasure,6,P
celebrating,5,P
tops,5,P
superior,4,P
strong,4,P
success,4,P
bonus,4,P
ideal,4,P
award,3,P
loyalty,3,P
relaxation,3,P
impressive,3,P
vibrant,2,P
happier,2,P
prize,2,P
wowed,2,P
appreciation,2,P
heavenly,2,P
positives,2,P
delightful,2,P
delight,2,P
brilliant,2,P
honest,2,P
excellent;,2,P
yummy,2,P
happily,2,P
confidence,2,P
winning,2,P
won,2,P
enjoying,2,P
gracious,2,P
excellent:,2,P
glamorous,2,P
cheerful,2,P
vip,2,P
beauty,2,P
"""best",1,P
"award""",1,P
excels,1,P
marvelous,1,P
laugh,1,P
wonderfully,1,P
romance,1,P
hopeful,1,P
amaze,1,P
reward,1,P
bliss,1,P
delighted,1,P
great:,1,P
greatest,1,P
precious,1,P
heaven,1,P
encourage,1,P
beautiful;,1,P
gratitude,1,P
splendid,1,P
hooray,1,P
glorious,1,P
"""free",1,P
great;,1,P
paradise,1,P
friendliest,1,P
sexy,1,P
loves,1,P
enjoyment,1,P
darling,1,P
die,26,N
bad,25,N
negative,21,N
war,11,N
worst,3,N
sick,3,N
disaster,2,N
disappointment,2,N
pain,2,N
hate,2,N
unjust,2,N
obnoxiously,1,N
spite,1,N
unhealthy,1,N
violating,1,N
hated,1,N
idiot,1,N
lousy,1,N
stupid,1,N
hell,1,N
weakest,1,N
damaging,1,N
frustrated,1,N
horrible,1,N
horribly,1,N
horrified,1,N
rotten,1,N
hurt,1,N
poisoning,1,N
terribly,1,N
