Word,Frq,Category
great,80,P
comfortable,39,P
free,23,P
excellent,16,P
wonderful,14,P
enjoyed,10,P
beautiful,10,P
pleasant,9,P
perfect,9,P
outstanding,8,P
super,8,P
best,7,P
fantastic,6,P
awesome,5,P
courteous,5,P
kind,3,P
amazing,3,P
love,3,P
cheerful,2,P
honors,2,P
delicious,2,P
bonus,2,P
wonderfully,2,P
lovely,2,P
beautifully,2,P
proudly,1,P
pleasure,1,P
praise,1,P
"""wow",1,P
fun,1,P
superb,1,P
impressive,1,P
pleasing,1,P
appreciated,1,P
greatest,1,P
perfectly,1,P
tops,1,P
positive,1,P
wow,1,P
kudos,1,P
loved,1,P
pleasurable,1,P
gorgeous,1,P
enjoying,1,P
fabulous,1,P
happiest,1,P
happy,1,P
die,4,N
war,3,N
negative,2,N
bad,2,N
killed,2,N
pain,1,N
hate,1,N
horrible,1,N
evil,1,N
disappointment,1,N
nasty,1,N
dead,1,N
irritation,1,N
dishonest,1,N
terribly,1,N
stressful,1,N
sick,1,N
