Word,Frq,Category
great,44,P
comfortable,28,P
best,14,P
free,9,P
excellent,9,P
wonderful,5,P
courteous,4,P
perfect,4,P
happy,4,P
super,4,P
pleasure,3,P
kind,3,P
love,3,P
pleasant,3,P
superior,2,P
congratulations,2,P
fantastic,2,P
pleasing,2,P
loved,2,P
enjoyed,2,P
appreciated,2,P
strong,1,P
trust,1,P
honest,1,P
outstanding,1,P
complimenting,1,P
graciousness,1,P
positive,1,P
flawless,1,P
kudos,1,P
excellent;,1,P
luckily,1,P
vip,1,P
fun,1,P
honors,1,P
won,1,P
fabulous,1,P
cheery,1,P
bad,3,N
sick,1,N
fail,1,N
hate,1,N
horror,1,N
bad;,1,N
failed,1,N
nasty-,1,N
war,1,N
die,1,N
