Word,Frq,Category
comfortable,17,P
great,13,P
free,9,P
super,6,P
happy,5,P
excellent,3,P
best,3,P
pleasant,3,P
beautiful,2,P
wonderful,2,P
perfect,2,P
laugh,2,P
enjoys,1,P
loved,1,P
love,1,P
wins,1,P
gracious,1,P
wonderfully,1,P
'free,1,P
positive,1,P
fantastic,1,P
enjoyed,1,P
impressive,1,P
courteous,1,P
appreciated,1,P
generous,1,P
greatest,1,P
bad,14,N
horrible,4,N
war,4,N
worst,2,N
negative,2,N
hurt,1,N
disgusting,1,N
drown,1,N
disappointment,1,N
hated,1,N
wtf,1,N
hell,1,N
failed,1,N
dead,1,N
die,1,N
