Word,Frq,Category
great,23,P
best,12,P
kind,11,P
amazing,11,P
love,10,P
fun,10,P
loved,8,P
comfortable,8,P
wonderful,7,P
gracious,4,P
beautiful,4,P
free,4,P
excellent,4,P
wonderfully,3,P
perfect,3,P
awesome,3,P
pleasure,3,P
delightful,2,P
positive,2,P
freedom,2,P
peace,2,P
magnificent,2,P
fascinating,2,P
talented,1,P
inspirational,1,P
strong,1,P
generous,1,P
charming,1,P
trust,1,P
wow,1,P
confidence,1,P
positives,1,P
happier,1,P
perfectly,1,P
r&r,1,P
impressive,1,P
glorious,1,P
delicious,1,P
beautifully,1,P
appreciated,1,P
luckily,1,P
perfection,1,P
heaven,1,P
positively,1,P
masterpiece,1,P
relaxation,1,P
war,1,N
disturbing,1,N
sick,1,N
terribly,1,N
disgusting,1,N
bad,1,N
horrible,1,N
liar,1,N
nasty,1,N
die,1,N
negative,1,N
hate,1,N
