Word,Frq,Category
great,83,P
comfortable,34,P
free,23,P
charming,23,P
excellent,22,P
love,20,P
loved,19,P
lovely,17,P
wonderful,17,P
enjoyed,15,P
best,15,P
perfect,12,P
fantastic,12,P
fun,9,P
amazing,8,P
beautiful,8,P
delicious,7,P
delightful,6,P
outstanding,6,P
happy,6,P
pleasant,6,P
pleasure,5,P
kind,5,P
gorgeous,4,P
fabulous,3,P
courteous,3,P
rich,2,P
appreciated,2,P
thankful,2,P
beautifully,2,P
sophisticated,2,P
romance,2,P
positive,2,P
wow,2,P
impressive,2,P
sympathetic,2,P
super,1,P
happier,1,P
wonderfully,1,P
gracious,1,P
perfectly,1,P
bonus,1,P
liberty,1,P
appreciates,1,P
luckily,1,P
delightfully,1,P
enjoying,1,P
honors,1,P
celebrated,1,P
peace,1,P
glorious,1,P
tops,1,P
delighted,1,P
delight,1,P
graciously,1,P
encourage,1,P
confidence,1,P
bad,12,N
die,12,N
war,6,N
negative,5,N
horrible,5,N
worst,4,N
hated,2,N
pain,2,N
hate,2,N
destroy,1,N
sucker,1,N
killer,1,N
dead,1,N
drown,1,N
crappy,1,N
contempt,1,N
disappointment,1,N
failed,1,N
