Word,Frq,Category
great,53,P
comfortable,29,P
free,13,P
best,13,P
beautiful,11,P
excellent,11,P
charming,9,P
happy,9,P
pleasant,9,P
wonderful,9,P
kind,8,P
enjoyed,8,P
perfect,7,P
lovely,6,P
loved,4,P
super,3,P
love,2,P
fantastic,2,P
fun,2,P
perfectly,2,P
pleasure,2,P
gorgeous,2,P
positive,2,P
amazing,2,P
vibrant,2,P
awesome,1,P
graciously,1,P
perfection,1,P
perfect:,1,P
fascinating,1,P
pleasing,1,P
win,1,P
strong,1,P
courteous,1,P
ideal,1,P
enjoying,1,P
impressive,1,P
gain,1,P
celebrating,1,P
marvelous,1,P
rewarding,1,P
rich,1,P
luckily,1,P
lovers,1,P
appreciated,1,P
congratulations,1,P
fabulous,1,P
remarkable,1,P
magnificent,1,P
freedom,1,P
honoring,1,P
superb,1,P
die,14,N
bad,11,N
war,11,N
negative,5,N
worst,4,N
disgusting,4,N
dead,2,N
horror,2,N
po',2,N
lying,1,N
disturbing,1,N
unprofessional,1,N
horrible,1,N
dirtiest,1,N
insult,1,N
bad:,1,N
ugly:,1,N
kill,1,N
dreadfully,1,N
pain,1,N
hell,1,N
scam,1,N
