Word,Frq,Category
free,165,P
great,151,P
comfortable,60,P
best,54,P
excellent,28,P
pleasant,22,P
wonderful,19,P
enjoyed,17,P
happy,12,P
perfect,11,P
super,9,P
delicious,8,P
lovely,7,P
amazing,7,P
fantastic,6,P
perfectly,6,P
courteous,5,P
love,5,P
positive,5,P
bonus,5,P
ideal,5,P
freedom,4,P
awesome,4,P
fun,4,P
kind,4,P
loved,4,P
cheerful,3,P
strong,3,P
happily,3,P
beautiful,3,P
celebrate,2,P
rich,2,P
peace,2,P
reward,2,P
honest,2,P
fabulous,2,P
greatest,2,P
outstanding,2,P
celebrated,1,P
generous,1,P
"""free",1,P
great;,1,P
enjoying,1,P
appreciation,1,P
pleasing,1,P
tops,1,P
yummy,1,P
gorgeous,1,P
friendliest,1,P
charming,1,P
joy,1,P
praise,1,P
prettiest,1,P
appreciated,1,P
brilliant,1,P
comfortable-,1,P
positives,1,P
superb,1,P
honored,1,P
super:,1,P
die,54,N
bad,25,N
war,20,N
negative,8,N
worst,5,N
dead,5,N
pain,2,N
horrible,2,N
ugly,2,N
nasty,2,N
disgusting,1,N
threat,1,N
disaster,1,N
terribly,1,N
rotten,1,N
stench,1,N
disappointment,1,N
wtf,1,N
kill,1,N
hate,1,N
danger,1,N
pissed,1,N
failed,1,N
shitty,1,N
disturbing,1,N
angry,1,N
chaos,1,N
crime,1,N
hell,1,N
horrid,1,N
po,1,N
po',1,N
