Word,Frq,Category
great,43,P
comfortable,33,P
free,29,P
best,19,P
perfect,15,P
excellent,13,P
super,9,P
pleasant,9,P
enjoyed,8,P
perfectly,8,P
loved,8,P
kind,7,P
positive,6,P
wonderful,6,P
lovely,6,P
fun,5,P
charming,4,P
love,4,P
ideal,4,P
awesome,3,P
beautiful,3,P
happy,3,P
honest,3,P
courteous,3,P
heaven,2,P
luckily,2,P
won,2,P
generous,2,P
outstanding,2,P
"""charming",2,P
laugh,2,P
positively,1,P
beauty,1,P
cheerful,1,P
appreciated,1,P
delicious,1,P
"""free",1,P
smiled,1,P
hahaha,1,P
gracious,1,P
liberty,1,P
trust,1,P
delightful;,1,P
excellent;,1,P
positives:,1,P
bonus,1,P
fascinating,1,P
wonderfully,1,P
positives,1,P
tops,1,P
grandeur,1,P
bad,43,N
die,30,N
war,30,N
worst,19,N
disgusting,10,N
horrible,9,N
hell,5,N
negative,5,N
rotten,5,N
disgusted,3,N
dead,3,N
nasty,3,N
crappy,3,N
po',3,N
tard,3,N
pathetic,2,N
pain,2,N
kill,2,N
prison,2,N
lying,2,N
ugly,2,N
horrified,2,N
rudest,1,N
angry,1,N
hate,1,N
failed,1,N
disappointment,1,N
unhealthy,1,N
lousy,1,N
killed,1,N
dumb,1,N
stupid,1,N
"bad""",1,N
stench,1,N
steals,1,N
suffer,1,N
dirtiest,1,N
panic,1,N
dearth,1,N
hated,1,N
tortured,1,N
horribly,1,N
horror,1,N
disturbing,1,N
fraud,1,N
sin,1,N
