Word,Frq,Category
great,59,P
comfortable,26,P
free,25,P
pleasant,15,P
loved,10,P
perfect,10,P
excellent,10,P
super,10,P
best,9,P
lovely,8,P
wonderful,7,P
perfectly,5,P
fantastic,5,P
happy,5,P
enjoyed,4,P
courteous,4,P
kind,4,P
awesome,3,P
beautiful,3,P
bonus,3,P
luckily,2,P
delightful,2,P
amazing,2,P
kudos,1,P
happier,1,P
fun,1,P
fabulous,1,P
love,1,P
positives,1,P
greatest,1,P
strong,1,P
precious,1,P
happily,1,P
brilliant,1,P
enjoying,1,P
bliss,1,P
pleasure,1,P
honored,1,P
trust,1,P
yummy,1,P
appreciated,1,P
reward,1,P
"""free",1,P
great:,1,P
positive,1,P
ideal,1,P
impressive,1,P
wonderfully,1,P
die,26,N
war,20,N
bad,19,N
horrible,7,N
unprofessional,3,N
worst,2,N
disgusting,2,N
crappy,1,N
panic,1,N
vile,1,N
lousy,1,N
pissed,1,N
failed,1,N
disaster,1,N
lousy:,1,N
horrified,1,N
threatening,1,N
died,1,N
pain,1,N
frustrated,1,N
ruin,1,N
fiasco,1,N
stressful,1,N
nasty,1,N
negative,1,N
sin,1,N
po',1,N
