Word,Frq,Category
great,650,P
amazing,190,P
best,152,P
comfortable,146,P
loved,106,P
fantastic,105,P
fun,89,P
super,88,P
beautiful,81,P
love,76,P
excellent,71,P
perfect,71,P
enjoyed,61,P
wonderful,58,P
free,50,P
liberty,47,P
awesome,47,P
kind,45,P
fabulous,42,P
lovely,40,P
gorgeous,25,P
pleasant,25,P
happy,24,P
superior,20,P
delicious,20,P
sexy,20,P
superb,18,P
outstanding,15,P
pleasure,13,P
appreciated,13,P
enjoying,11,P
wow,11,P
perfectly,11,P
impressive,10,P
brilliant,10,P
courteous,10,P
vibrant,9,P
celebrate,9,P
generous,9,P
magnificent,9,P
beautifully,8,P
positive,7,P
freedom,6,P
cleverly,5,P
glamorous,5,P
ideal,5,P
gracious,5,P
strong,4,P
bonus,4,P
happier,4,P
charming,4,P
delightful,4,P
heaven,4,P
vip,3,P
beauty,3,P
kissing,3,P
appreciative,3,P
yummy,3,P
glamour,3,P
delighted,3,P
success,3,P
won,3,P
joy,3,P
marvelous,3,P
perfection,3,P
precious,2,P
kudos,2,P
celebrating,2,P
wonderfully,2,P
divine,2,P
peace,2,P
flawless,2,P
pleasing,2,P
luckily,2,P
positives-,2,P
delight,2,P
sympathetic,2,P
great;,2,P
sophisticated,2,P
positively,2,P
heavenly,2,P
gain,2,P
remarkable,2,P
friendliest,2,P
loves,1,P
cheerful,1,P
loving,1,P
honest:,1,P
graciousness,1,P
perfect:,1,P
supremely,1,P
successful,1,P
honest,1,P
cheery,1,P
amazing:,1,P
inspirational,1,P
funnest,1,P
lover,1,P
kind',1,P
smiled,1,P
die,59,N
bad,55,N
negative,13,N
war,12,N
disappointment,10,N
bad:,10,N
hell,9,N
worst,8,N
horrible,7,N
fail,4,N
dead,4,N
sick,4,N
hated,4,N
pain,4,N
irritation,3,N
insult,3,N
nasty,3,N
lousy,3,N
terribly,3,N
ugly,3,N
sin,3,N
killer,3,N
hate,2,N
suffer,2,N
brutal,2,N
dumb,2,N
stupid,2,N
disturbing,2,N
unprofessional,2,N
painfully,2,N
stressful,2,N
failed,2,N
ruin,2,N
drown,2,N
po',2,N
trapped,1,N
"angry""",1,N
humiliation,1,N
disaster,1,N
disgust,1,N
suicide,1,N
horribly,1,N
insulted,1,N
died,1,N
pissed,1,N
abused,1,N
revenge,1,N
abuse,1,N
lying,1,N
disappointment-,1,N
insult-,1,N
disgusting,1,N
unhealthy,1,N
"hell""",1,N
harassed,1,N
idiot,1,N
horror,1,N
arrogance,1,N
idiotic,1,N
pollute,1,N
killing,1,N
fuming,1,N
agonizing,1,N
neglected,1,N
livid,1,N
failing,1,N
devil,1,N
sucker,1,N
rudest,1,N
depressed,1,N
criminal,1,N
hell',1,N
negative:,1,N
