Word,Frq,Category
great,14,P
free,8,P
perfect,8,P
comfortable,7,P
fabulous,3,P
lovely,3,P
excellent,3,P
happy,3,P
fantastic,2,P
pleasure,2,P
perfectly,2,P
enjoyed,2,P
beautiful,1,P
praise,1,P
:d,1,P
delightful,1,P
amazing,1,P
ecstatic,1,P
wonderfully,1,P
delight,1,P
loved,1,P
best,1,P
pleasant,1,P
beautifully,1,P
happier,1,P
awesome,1,P
kind,1,P
delicious,1,P
ideal,1,P
super,1,P
bonus,1,P
negative,2,N
bad,2,N
ugly,1,N
po,1,N
grim,1,N
disappointment,1,N
worst,1,N
