Word,Frq,Category
great,540,P
free,242,P
comfortable,186,P
excellent,177,P
fantastic,100,P
lovely,87,P
best,85,P
perfect,79,P
wonderful,52,P
loved,41,P
pleasant,39,P
happy,37,P
ideal,37,P
amazing,35,P
super,34,P
enjoyed,33,P
bonus,33,P
perfectly,28,P
brilliant,27,P
liberty,23,P
fabulous,22,P
love,19,P
courteous,17,P
superb,16,P
beautiful,15,P
delicious,13,P
honest,12,P
positive,12,P
kind,11,P
fun,10,P
appreciated,9,P
awesome,7,P
wow,7,P
charming,7,P
gorgeous,6,P
superior,6,P
strong,5,P
cheerful,5,P
luckily,5,P
yummy,5,P
friendliest,4,P
celebrate,4,P
impressive,4,P
delighted,4,P
tops,4,P
pleasure,3,P
happily,3,P
outstanding,3,P
wonderfully,3,P
generous,3,P
heaven,3,P
positives,3,P
trust,3,P
greatest,3,P
delightful,3,P
award,3,P
laugh,2,P
praise,2,P
enjoying,2,P
beautifully,2,P
celebrating,2,P
enjoys,2,P
peace,2,P
divine,2,P
gracious,2,P
rich,2,P
gain,2,P
kudos,2,P
win,2,P
great;,1,P
happier,1,P
"""great",1,P
marvelous,1,P
vip,1,P
positively,1,P
smiled,1,P
:d,1,P
godsend,1,P
lifesaver,1,P
great-,1,P
pleasing,1,P
cheery,1,P
comfortable-,1,P
:free,1,P
'celebrate,1,P
jolliest,1,P
justice,1,P
helpfully,1,P
magnificent,1,P
reward,1,P
success,1,P
precious,1,P
wonderful-,1,P
glorious,1,P
positives-,1,P
loverly,1,P
enjoyment,1,P
delight,1,P
won,1,P
grandest,1,P
bad,61,N
die,24,N
worst,19,N
negative,19,N
war,8,N
pain,7,N
sin,6,N
dead,4,N
disgusting,4,N
failed,3,N
disappointment,3,N
ruin,3,N
hell,3,N
po',3,N
horrible,2,N
nasty,2,N
disturbing,2,N
horrid,2,N
wicked,2,N
lying,2,N
irritation,1,N
drown,1,N
died,1,N
threat,1,N
stupid,1,N
traumatised,1,N
hate,1,N
hated,1,N
painfully,1,N
ugly,1,N
hurt,1,N
terribly,1,N
angry,1,N
rotten,1,N
insult,1,N
drowned,1,N
disgusted,1,N
kill,1,N
stench,1,N
nastiest,1,N
outraged,1,N
murder,1,N
vile,1,N
