Word,Frq,Category
free,42,P
great,36,P
comfortable,13,P
kind,9,P
pleasant,9,P
excellent,8,P
enjoyed,4,P
best,4,P
wonderful,3,P
positive,3,P
appreciated,3,P
enjoying,2,P
perfectly,2,P
amazing,2,P
luckily,2,P
gratitude,1,P
honored,1,P
delightful,1,P
cheerful,1,P
fabulous,1,P
"joy""",1,P
strong,1,P
laugh,1,P
super,1,P
congratulations,1,P
happy,1,P
peace,1,P
perfect,1,P
beauty,1,P
"""free",1,P
lovely,1,P
outstanding,1,P
pleasure,1,P
courteous,1,P
awesome,1,P
happiest,1,P
love,1,P
bad,13,N
die,7,N
war,7,N
horrible,5,N
worst,3,N
disappointment,2,N
stupid,2,N
disgusting,2,N
misery,1,N
spite,1,N
frustrated,1,N
pathetic,1,N
failing,1,N
harassed,1,N
disturbing,1,N
failure,1,N
nasty,1,N
killing,1,N
fatal,1,N
crappy,1,N
trapped,1,N
stench,1,N
sick,1,N
terribly,1,N
irate,1,N
