Word,Frq,Category
great,294,P
excellent,94,P
comfortable,85,P
free,54,P
perfect,52,P
best,41,P
super,41,P
ideal,32,P
lovely,24,P
enjoyed,24,P
fantastic,24,P
pleasant,20,P
amazing,19,P
happy,18,P
loved,17,P
brilliant,16,P
positive,15,P
perfectly,10,P
kind,10,P
liberty,9,P
wonderful,8,P
love,6,P
honest,5,P
bonus,5,P
happy-,5,P
luckily,4,P
awesome,4,P
fun,4,P
positives,3,P
happily,3,P
fabulous,3,P
superb,3,P
appreciated,3,P
courteous,3,P
strong,2,P
praise,2,P
trust,2,P
excellent;,2,P
magnificent,2,P
beautiful,2,P
impressive,2,P
perfection,1,P
great;,1,P
bliss,1,P
success,1,P
free-,1,P
lovers,1,P
pleasurable,1,P
yummy,1,P
excellently,1,P
gloriously,1,P
delicious,1,P
beautifully,1,P
joy,1,P
generous,1,P
rewarding,1,P
justice,1,P
pleasure,1,P
won,1,P
tops,1,P
friendliest,1,P
greatest,1,P
wow,1,P
gracious,1,P
hopeful,1,P
"""beautiful",1,P
smiled,1,P
cheery,1,P
peace,1,P
delight,1,P
celebrate,1,P
cheerful,1,P
glamorous,1,P
glorious,1,P
wins,1,P
outstanding,1,P
kudos,1,P
comfortable;,1,P
happier,1,P
positively,1,P
positive:,1,P
die,235,N
war,122,N
bad,74,N
sin,18,N
negative,12,N
po',10,N
worst,5,N
horrible,5,N
ugly,3,N
dead,3,N
disappointment,2,N
hell,2,N
stressful,1,N
painfully,1,N
rejected,1,N
pain,1,N
crime,1,N
horrid,1,N
failed,1,N
pathetic,1,N
killer-,1,N
brutal,1,N
liar,1,N
horror,1,N
scam,1,N
ruin,1,N
fail,1,N
bad:,1,N
terribly,1,N
hurt,1,N
suffer,1,N
disgust,1,N
obscene,1,N
steals,1,N
lying,1,N
lousy,1,N
neglected,1,N
-war,1,N
"""die",1,N
