Word,Frq,Category
great,846,P
comfortable,250,P
wonderful,189,P
perfect,172,P
excellent,168,P
best,159,P
loved,154,P
lovely,128,P
free,122,P
fantastic,109,P
love,81,P
amazing,78,P
enjoyed,74,P
super,66,P
fun,61,P
charming,58,P
happy,53,P
kind,52,P
pleasant,51,P
delicious,47,P
fabulous,45,P
delightful,37,P
beautiful,33,P
perfectly,31,P
positive,30,P
pleasure,28,P
appreciated,24,P
ideal,24,P
superb,23,P
brilliant,22,P
generous,19,P
outstanding,16,P
awesome,15,P
superior,14,P
yummy,13,P
celebrate,13,P
courteous,13,P
happily,13,P
bonus,11,P
gracious,11,P
wonderfully,11,P
enjoying,10,P
gorgeous,9,P
delighted,8,P
friendliest,8,P
wow,8,P
happier,8,P
beautifully,7,P
enjoyment,7,P
vibrant,6,P
rich,6,P
celebrating,6,P
greatest,6,P
lover,5,P
heaven,5,P
cheerful,4,P
fascinating,4,P
delight,4,P
joy,4,P
peace,4,P
great:,3,P
loves,3,P
encourage,3,P
delightfully,3,P
praise,3,P
luckily,3,P
sophisticated,3,P
strong,3,P
loving,2,P
cheery,2,P
impressive,2,P
graciously,2,P
excels,2,P
kindnesses,2,P
appreciates,2,P
vip,2,P
enjoys,2,P
liberty,2,P
honest,2,P
excellent;,2,P
pleasing,2,P
won,2,P
great-,2,P
tops,2,P
winner,2,P
survived,2,P
darling,2,P
celebrated,2,P
lovers,2,P
rescue,2,P
glorious,2,P
success,2,P
sweetheart,2,P
helpfully,1,P
heartfelt,1,P
pleasure;,1,P
congratulations,1,P
kudos,1,P
superb:,1,P
wonderful-,1,P
die,47,N
war,19,N
bad,16,N
negative,12,N
spite,3,N
worst,3,N
pain,3,N
crisis,3,N
po',3,N
horrible,2,N
terribly,2,N
kill,2,N
sick,2,N
hate,2,N
hell,2,N
scam,2,N
sin,2,N
rob,1,N
hated,1,N
disappointment,1,N
drown,1,N
lying,1,N
fearing,1,N
trapped,1,N
nasty,1,N
wicked,1,N
chaos,1,N
panic,1,N
bad:,1,N
negative:,1,N
disturbing,1,N
angry,1,N
stealing,1,N
danger,1,N
death,1,N
d;,1,N
suffer,1,N
crime,1,N
disgusting,1,N
raging,1,N
horribly,1,N
unprofessional,1,N
