Word,Frq,Category
great,71,P
free,34,P
comfortable,25,P
excellent,13,P
perfect,12,P
pleasant,10,P
best,10,P
happy,9,P
courteous,7,P
wonderful,7,P
enjoyed,6,P
awesome,5,P
kind,5,P
love,3,P
loved,3,P
beautiful,3,P
fantastic,3,P
superior,2,P
lovely,2,P
cheerful,2,P
luckily,2,P
positive,2,P
outstanding,2,P
fabulous,2,P
wonderfully,2,P
winner,1,P
fun,1,P
ideal,1,P
pleasure,1,P
honest,1,P
delightful,1,P
greatest,1,P
beautifully,1,P
amazing,1,P
wow,1,P
sympathetic,1,P
celebrating,1,P
appreciated,1,P
happier,1,P
gain,1,P
superb,1,P
awesome-,1,P
tops,1,P
bad,9,N
disgusting,3,N
disappointment,2,N
worst,2,N
dead,2,N
horrible,2,N
insult,2,N
disastrous,1,N
nasty,1,N
stench,1,N
brutal,1,N
death,1,N
angry,1,N
pain,1,N
horrific,1,N
lying,1,N
