Word,Frq,Category
great,77,P
free,33,P
best,21,P
comfortable,20,P
perfect,16,P
kind,13,P
excellent,12,P
courteous,9,P
wonderful,7,P
happy,7,P
positive,5,P
love,5,P
enjoyed,5,P
pleasant,4,P
trust,4,P
fun,3,P
ideal,3,P
wow,2,P
loved,2,P
honest,2,P
pleasure,2,P
appreciated,2,P
fascinating,2,P
fantastic,2,P
luckily,2,P
bonus,2,P
amazing,2,P
vibrant,2,P
inspire,1,P
confidence,1,P
wins,1,P
awesome,1,P
impressive,1,P
brave,1,P
super,1,P
generous,1,P
precious,1,P
friendliest,1,P
tops,1,P
kudos,1,P
delight,1,P
charming,1,P
delicious,1,P
joy,1,P
"""wow",1,P
thankful,1,P
encourage,1,P
celebrating,1,P
greatest,1,P
splendid,1,P
superb,1,P
beautiful,1,P
strong,1,P
brilliant,1,P
gorgeous,1,P
honored,1,P
superior,1,P
marvelous,1,P
bad,38,N
die,25,N
worst,19,N
horrible,15,N
war,15,N
disgusting,9,N
killed,7,N
negative,5,N
ugly,4,N
hell,3,N
nasty,3,N
failed,3,N
spite,3,N
horribly,3,N
horror,3,N
unprofessional,2,N
lousy,2,N
sin,2,N
dismal,2,N
disgusted,2,N
disappointment,2,N
dead,2,N
lying,2,N
pain,2,N
chaos,1,N
prison,1,N
stupid,1,N
evildoers,1,N
prisoners,1,N
trapped,1,N
hatred,1,N
terribly,1,N
failing,1,N
violent,1,N
insulted,1,N
enemy,1,N
frustrated,1,N
killer,1,N
pissed,1,N
traumatise,1,N
stench,1,N
insult,1,N
suckers,1,N
liars,1,N
disgustingly,1,N
liar,1,N
kills,1,N
depressingly,1,N
unethical,1,N
cancer,1,N
illegal,1,N
fraud,1,N
suicidal,1,N
threat,1,N
disaster,1,N
terrified,1,N
angry,1,N
threatening,1,N
anger,1,N
scam,1,N
"""worst",1,N
dirtiest,1,N
tard,1,N
