Word,Frq,Category
great,118,P
comfortable,51,P
free,25,P
beautiful,21,P
best,19,P
perfect,16,P
loved,16,P
wonderful,15,P
excellent,15,P
happy,10,P
love,9,P
lovely,9,P
fantastic,8,P
super,8,P
pleasant,7,P
awesome,7,P
enjoyed,6,P
amazing,6,P
ideal,6,P
kind,5,P
courteous,4,P
freedom,4,P
perfectly,3,P
pleasure,3,P
gorgeous,3,P
strong,3,P
pleasing,3,P
wow,2,P
appreciated,2,P
comfortable;,2,P
outstanding,2,P
superb,2,P
greatest,2,P
positive,2,P
honored,1,P
impressive,1,P
wonderfully,1,P
luckily,1,P
heaven,1,P
"""super",1,P
delight,1,P
graciously,1,P
gracious,1,P
fun,1,P
rich,1,P
gratitude,1,P
godsend,1,P
paradise,1,P
bonus,1,P
enjoying,1,P
tops,1,P
magnificent,1,P
positively,1,P
bonuses,1,P
amazing;,1,P
beautifully,1,P
fabulous,1,P
bad,22,N
die,12,N
war,9,N
negative,8,N
worst,7,N
horrible,2,N
disaster,2,N
disappointment,2,N
neglected,1,N
dead,1,N
died,1,N
disgusting,1,N
enemy,1,N
hurtful,1,N
nasty,1,N
tortured,1,N
rancid,1,N
disturbing,1,N
