Word,Frq,Category
beautiful,14,P
great,13,P
perfect,12,P
love,11,P
loved,9,P
best,9,P
fun,9,P
amazing,8,P
kind,7,P
lovely,7,P
comfortable,6,P
awesome,6,P
fabulous,6,P
gorgeous,5,P
wonderful,5,P
super,4,P
enjoyed,3,P
superb,2,P
sexy,2,P
delightful,2,P
charming,2,P
delicious,2,P
pleasant,2,P
flawless,2,P
fantastic,2,P
excellent,2,P
sophisticated,1,P
amazing-,1,P
free,1,P
celebrate,1,P
luckily,1,P
perfection,1,P
wow,1,P
brilliant,1,P
generous,1,P
enjoying,1,P
pleasurable,1,P
appreciated,1,P
peace,1,P
ideal,1,P
happy,1,P
relaxation,1,P
masterpiece,1,P
outstanding,1,P
beautifully,1,P
bad,3,N
prison,1,N
sucker,1,N
snafu,1,N
dead,1,N
stressful,1,N
