Word,Frq,Category
great,44,P
free,33,P
comfortable,28,P
wonderful,16,P
excellent,10,P
pleasant,8,P
enjoyed,8,P
kind,7,P
super,6,P
perfect,6,P
rich,6,P
best,5,P
loved,4,P
love,3,P
courteous,3,P
happy,3,P
gracious,2,P
fun,2,P
lovely,2,P
perfectly,1,P
charming,1,P
remarkable,1,P
bonus,1,P
friendliest,1,P
wonderfully,1,P
beautiful,1,P
pleasure,1,P
sophisticated,1,P
amazing,1,P
delight,1,P
precious,1,P
outstanding,1,P
great;,1,P
honest,1,P
gain,1,P
appreciated,1,P
fabulous,1,P
awesome,1,P
fantastic,1,P
bad,4,N
worst,3,N
negative,2,N
failed,1,N
nasty,1,N
horrendous,1,N
stealing,1,N
dumb,1,N
hated,1,N
horrible,1,N
