Word,Frq,Category
great,120,P
comfortable,54,P
free,50,P
wonderful,28,P
best,27,P
excellent,26,P
beautiful,14,P
enjoyed,14,P
fantastic,13,P
pleasant,11,P
perfect,11,P
happy,11,P
super,9,P
kind,8,P
amazing,8,P
loved,8,P
lovely,8,P
courteous,7,P
love,7,P
awesome,6,P
outstanding,6,P
delicious,5,P
pleasure,5,P
honors,3,P
appreciated,3,P
beautifully,3,P
thankful,2,P
friendliest,2,P
reward,2,P
bonus,2,P
ideal,2,P
superior,2,P
superb,2,P
gorgeous,2,P
enjoying,2,P
gracious,2,P
great;,1,P
fabulous,1,P
yummy,1,P
trust,1,P
positive,1,P
inspire,1,P
flawless,1,P
glory,1,P
celebrate,1,P
lifesaver,1,P
perfectly,1,P
darling,1,P
jolly,1,P
win,1,P
celebrated,1,P
praises,1,P
yay,1,P
wow,1,P
confidence,1,P
honest,1,P
kudos,1,P
happily,1,P
brave,1,P
won,1,P
bad,21,N
nasty,4,N
sick,3,N
worst,3,N
horrible,3,N
war,3,N
dead,2,N
negative,2,N
stressful,2,N
failed,2,N
ruin,2,N
panic,2,N
die,2,N
unprofessional,1,N
disaster,1,N
poisoning,1,N
crime,1,N
hate,1,N
bad:,1,N
disgustingly,1,N
fired,1,N
kill,1,N
horror,1,N
lousy,1,N
crappy,1,N
chaos,1,N
wicked,1,N
troubling,1,N
