Word,Frq,Category
free,48,P
great,32,P
comfortable,14,P
best,10,P
kind,8,P
perfect,7,P
pleasant,6,P
fabulous,4,P
happy,3,P
love,3,P
loved,3,P
fun,3,P
beautiful,2,P
strong,2,P
positive,2,P
vibrant,2,P
wonderfully,2,P
fantastic,2,P
excellent,2,P
luckily,1,P
delight;,1,P
honest,1,P
charming,1,P
positives,1,P
impressive,1,P
won,1,P
super,1,P
courteous,1,P
wonderful,1,P
yummy,1,P
outstanding,1,P
ideal,1,P
delightful,1,P
superb,1,P
pleasure,1,P
lovely,1,P
enjoyed,1,P
thankful,1,P
lovingly,1,P
bad,15,N
negative,3,N
worst,3,N
war,2,N
die,2,N
trapped,1,N
stench,1,N
riot,1,N
threatening,1,N
failed,1,N
contempt,1,N
abusive,1,N
drown,1,N
horrified,1,N
stupid,1,N
bad:,1,N
disaster,1,N
violating,1,N
sucker,1,N
sin,1,N
