Word,Frq,Category
great,69,P
free,67,P
best,17,P
comfortable,13,P
perfect,11,P
fantastic,10,P
happy,7,P
loved,7,P
kind,7,P
excellent,7,P
amazing,6,P
love,5,P
enjoyed,5,P
super,4,P
awesome,4,P
pleasant,4,P
magnificent,3,P
fun,3,P
wonderful,3,P
bonus,3,P
delicious,3,P
beautiful,2,P
fabulous,2,P
enjoying,2,P
strong,2,P
delightful,2,P
greatest,2,P
lovely,2,P
happier,1,P
charming,1,P
ideal,1,P
positive,1,P
yummy,1,P
gain,1,P
encourage,1,P
perfectly,1,P
celebrate,1,P
delight,1,P
won,1,P
heaven,1,P
courteous,1,P
wow,1,P
honest,1,P
joyed,1,P
bad,7,N
worst,6,N
negative,3,N
die,2,N
hate,2,N
horrified,1,N
dreading,1,N
death,1,N
furious,1,N
spite,1,N
rudest,1,N
stinking,1,N
terribly,1,N
failed,1,N
drown,1,N
failing,1,N
excruciatingly,1,N
prison,1,N
war,1,N
po',1,N
