Word,Frq,Category
great,147,P
beautiful,86,P
comfortable,76,P
free,45,P
enjoyed,43,P
wonderful,38,P
lovely,34,P
best,28,P
loved,28,P
excellent,24,P
love,22,P
amazing,20,P
fantastic,17,P
pleasant,16,P
kind,15,P
perfect,13,P
delicious,12,P
happy,11,P
courteous,10,P
gorgeous,10,P
fabulous,8,P
awesome,7,P
fun,6,P
pleasure,6,P
super,6,P
enjoying,5,P
yummy,5,P
beautifully,5,P
luckily,5,P
strong,4,P
wonderfully,4,P
superior,4,P
generous,4,P
charming,4,P
wow,4,P
trust,3,P
impressive,3,P
superb,3,P
perfectly,3,P
ideal,3,P
appreciated,3,P
outstanding,3,P
bonus,3,P
delightful,2,P
positive,2,P
relaxation,2,P
gracious,2,P
fascinating,2,P
greatest,2,P
successful,2,P
celebrate,1,P
praise,1,P
cheerful,1,P
"heaven""",1,P
grandeur,1,P
delectable,1,P
magnificent,1,P
success,1,P
encourage,1,P
award,1,P
supreme,1,P
pleasing,1,P
delighted,1,P
loves,1,P
beauty,1,P
enjoyment,1,P
heaven,1,P
marvelous,1,P
delight,1,P
charming;,1,P
peace,1,P
kudos,1,P
friendliest,1,P
splendor,1,P
heavenly,1,P
brave,1,P
happier,1,P
delightful;,1,P
vip,1,P
celebrated,1,P
laugh,1,P
bad,18,N
die,4,N
hate,2,N
unprofessional,2,N
pain,2,N
negative,2,N
po',2,N
disgusting,1,N
stressful,1,N
illegal,1,N
ruin,1,N
nasty,1,N
stupid,1,N
worst,1,N
horrible,1,N
angrier,1,N
disappointment,1,N
arrogance,1,N
enemy,1,N
bad:,1,N
nastiest,1,N
disgust,1,N
angry,1,N
idiot,1,N
crisis,1,N
sick,1,N
