Word,Frq,Category
great,52,P
free,34,P
comfortable,23,P
excellent,17,P
enjoyed,10,P
best,8,P
wonderful,8,P
beautiful,8,P
kind,7,P
honors,7,P
appreciated,6,P
love,6,P
awesome,5,P
delicious,5,P
amazing,4,P
beautifully,4,P
super,4,P
perfect,3,P
fabulous,3,P
impressive,2,P
fantastic,2,P
pleasant,2,P
positive,1,P
prized,1,P
wow,1,P
ideal,1,P
positives;,1,P
success,1,P
prettiest,1,P
lovely,1,P
perfectly,1,P
bliss,1,P
superb,1,P
loved,1,P
outstanding,1,P
yummy,1,P
romance,1,P
bad,3,N
horrible,2,N
war,2,N
thief,1,N
spite,1,N
starved,1,N
disgusted,1,N
negative,1,N
failed,1,N
disgusting,1,N
assault,1,N
sick,1,N
murders,1,N
murder,1,N
crappy,1,N
worst,1,N
dead,1,N
frustrated,1,N
rancid,1,N
lying,1,N
angry,1,N
die,1,N
