Word,Frq,Category
great,145,P
free,63,P
comfortable,59,P
excellent,30,P
loved,30,P
best,26,P
enjoyed,21,P
super,17,P
perfect,17,P
fun,11,P
awesome,10,P
wonderful,10,P
fantastic,9,P
delicious,9,P
pleasant,8,P
appreciated,8,P
kind,8,P
beautiful,7,P
amazing,7,P
love,6,P
perfectly,5,P
courteous,5,P
fabulous,5,P
lovely,5,P
vibrant,5,P
bonus,4,P
luckily,4,P
happy,4,P
wow,2,P
strong,2,P
ideal,2,P
happily,2,P
positive,2,P
superb,2,P
cheerful,2,P
magnificent,1,P
sophisticated,1,P
heaven,1,P
generous,1,P
yummy,1,P
tops,1,P
positives,1,P
delectable,1,P
delightful,1,P
jolly,1,P
won,1,P
smiled,1,P
excellent;,1,P
sexy,1,P
wonderfully,1,P
successful,1,P
flawless,1,P
superior,1,P
honored,1,P
free-,1,P
bad,13,N
die,6,N
horrible,4,N
worst,4,N
negative,3,N
drowned,2,N
hate,2,N
stupid,1,N
hated,1,N
hell,1,N
kill,1,N
failing,1,N
danger,1,N
crappy,1,N
dead,1,N
terribly,1,N
disturbing,1,N
sick,1,N
war,1,N
