Word,Frq,Category
great,217,P
best,171,P
free,168,P
comfortable,104,P
excellent,54,P
pleasant,32,P
kind,24,P
wonderful,24,P
happy,20,P
enjoyed,19,P
super,16,P
perfect,12,P
outstanding,11,P
loved,11,P
appreciated,10,P
courteous,10,P
amazing,9,P
fantastic,9,P
awesome,8,P
lovely,7,P
delicious,6,P
pleasure,5,P
trust,5,P
love,5,P
fun,4,P
impressive,4,P
positive,4,P
perfectly,4,P
ideal,3,P
bonus,3,P
fabulous,3,P
superb,2,P
superior,2,P
excellent;,2,P
luckily,2,P
loves,2,P
happily,2,P
cheerful,2,P
strong,2,P
award,2,P
enthusiastically,1,P
reward,1,P
free;,1,P
wonderfully,1,P
comfortable;,1,P
pleasurable,1,P
friendliest,1,P
positives,1,P
celebrated,1,P
graciously,1,P
merry,1,P
trustworthy,1,P
happier,1,P
gracious,1,P
heavenly,1,P
generous,1,P
delightful,1,P
heaven,1,P
miracle,1,P
wow,1,P
excellence,1,P
flawless,1,P
comfortable-,1,P
"""best",1,P
enjoys,1,P
beautiful,1,P
loyalty,1,P
beautifully,1,P
brave,1,P
success,1,P
bad,22,N
die,22,N
war,18,N
worst,9,N
negative,6,N
hate,4,N
failed,4,N
disgusting,4,N
horrible,2,N
disappointment,2,N
dead,1,N
chaos,1,N
prejudice:,1,N
threatening,1,N
fiasco,1,N
bad:,1,N
spite,1,N
terribly,1,N
disturbing,1,N
death,1,N
fail,1,N
fired,1,N
fraud,1,N
scams,1,N
thieves,1,N
neglected,1,N
murders,1,N
"""worst",1,N
lousy,1,N
panic,1,N
danger,1,N
angry,1,N
drown,1,N
nasty,1,N
rotten,1,N
hated,1,N
regrettable,1,N
