Word,Frq,Category
great,146,P
comfortable,53,P
free,33,P
excellent,30,P
best,21,P
beautiful,18,P
wonderful,16,P
super,16,P
perfect,15,P
happy,15,P
loved,14,P
love,14,P
enjoyed,12,P
pleasant,12,P
amazing,11,P
honors,11,P
fantastic,10,P
courteous,8,P
fun,7,P
fabulous,6,P
perfectly,5,P
kind,5,P
awesome,5,P
outstanding,4,P
lovely,4,P
generous,3,P
impressive,3,P
positive,3,P
pleasure,3,P
enjoying,2,P
superb,2,P
positively,2,P
ideal,2,P
cheerful,2,P
delicious,2,P
charming,2,P
appreciated,2,P
remarkable,1,P
greatest,1,P
superior,1,P
delightfully,1,P
outstanding;,1,P
loves,1,P
great;,1,P
great-,1,P
success,1,P
kudos,1,P
blessed,1,P
gracious,1,P
delight,1,P
happier,1,P
luckily,1,P
brilliant,1,P
honored,1,P
smiled,1,P
talented,1,P
reward,1,P
justice,1,P
-perfect,1,P
sexy,1,P
bonus,1,P
lovers,1,P
encourage,1,P
die,45,N
war,31,N
bad,14,N
negative,4,N
disaster,2,N
scam,2,N
pain,2,N
disappointment,1,N
death,1,N
drowned,1,N
furious,1,N
stealing,1,N
unprofessional,1,N
horrible,1,N
chaos,1,N
irritation,1,N
dead,1,N
ugly,1,N
frustrated,1,N
angry,1,N
wicked,1,N
lying,1,N
suffer,1,N
horrendous,1,N
po',1,N
worst,1,N
