Word,Frq,Category
free,56,P
great,50,P
comfortable,26,P
best,16,P
super,15,P
perfect,11,P
pleasant,8,P
enjoyed,7,P
fantastic,6,P
excellent,6,P
lovely,6,P
kind,5,P
loved,5,P
awesome,5,P
love,4,P
happy,3,P
wonderful,3,P
:d,2,P
beautifully,2,P
charming,2,P
perfectly,2,P
strong,2,P
ideal,2,P
greatest,2,P
tops,1,P
delight,1,P
great-,1,P
appreciated,1,P
amazing,1,P
luckily,1,P
fabulous,1,P
fun,1,P
glory,1,P
courteous,1,P
peace,1,P
gain,1,P
cheerful,1,P
adore,1,P
pleasure,1,P
praise,1,P
gorgeous,1,P
bad,17,N
die,13,N
worst,4,N
war,4,N
po',3,N
nasty,2,N
death,1,N
stupid,1,N
prisoner,1,N
crappy,1,N
enemy,1,N
irritation,1,N
