Word,Frq,Category
great,285,P
comfortable,95,P
excellent,58,P
loved,52,P
perfect,47,P
fantastic,40,P
best,39,P
amazing,34,P
wonderful,32,P
free,30,P
enjoyed,30,P
love,29,P
lovely,28,P
super,23,P
beautiful,23,P
outstanding,19,P
courteous,18,P
pleasant,18,P
awesome,13,P
kind,13,P
perfectly,12,P
fabulous,11,P
superior,11,P
happy,11,P
gorgeous,11,P
appreciated,9,P
cheerful,8,P
brilliant,8,P
pleasure,7,P
superb,7,P
fun,7,P
beautifully,6,P
delicious,6,P
gracious,5,P
bonus,5,P
luckily,4,P
generous,4,P
charming,3,P
sophisticated,3,P
celebrate,2,P
positive,2,P
honest,2,P
delightful,2,P
yummy,2,P
strong,2,P
great:,2,P
kudos,2,P
wonderfully,2,P
happier,2,P
lovely-,2,P
tops,2,P
enjoying,2,P
friendliest,2,P
impressive,2,P
sexy,2,P
brilliant;,1,P
loved:,1,P
ideal,1,P
freedom,1,P
win,1,P
flawless,1,P
fantastic:,1,P
gr8,1,P
positives,1,P
excellent;,1,P
gorgeously,1,P
heartfelt,1,P
delighted,1,P
glamorous,1,P
cheery,1,P
splendid,1,P
divine,1,P
loyalty,1,P
vip,1,P
lovely:,1,P
liberty,1,P
pleasant-,1,P
praise,1,P
delight,1,P
talented,1,P
joy,1,P
'beautiful,1,P
"great""",1,P
glamour,1,P
"""perfect",1,P
wow,1,P
happily,1,P
positively,1,P
rich,1,P
vibrant,1,P
die,20,N
pain,18,N
bad,16,N
negative,9,N
disappointment,4,N
stupid,4,N
worst,4,N
disturbing,3,N
hate,3,N
war,3,N
sin,3,N
failed,2,N
horrible,1,N
irritant,1,N
criminal,1,N
nasty,1,N
neglected,1,N
brutally,1,N
scam,1,N
dead,1,N
tortured,1,N
disastrous,1,N
fraud,1,N
failing,1,N
killer,1,N
lying,1,N
suicidal,1,N
hated,1,N
tragedy,1,N
terribly,1,N
