Word,Frq,Category
great,29,P
comfortable,19,P
free,17,P
amazing,10,P
perfect,9,P
excellent,9,P
pleasant,8,P
best,8,P
lovely,8,P
enjoyed,7,P
wonderful,5,P
kind,5,P
super,5,P
courteous,4,P
loved,3,P
beautiful,3,P
fantastic,3,P
love,3,P
positive,2,P
honors,2,P
brilliant,2,P
vip,2,P
fabulous,1,P
loving,1,P
excellent:,1,P
appreciated,1,P
delicious,1,P
gracious,1,P
gorgeous;,1,P
superb;,1,P
happier,1,P
"""happy",1,P
pleasure,1,P
freedom,1,P
amazement,1,P
trust,1,P
outstanding,1,P
beautifully,1,P
superb,1,P
awesome,1,P
ideal,1,P
die,11,N
negative,3,N
scam,2,N
disappointment,2,N
disgusting,2,N
bad,1,N
pissed,1,N
illegal,1,N
hate,1,N
horrible,1,N
horrific,1,N
irritant,1,N
