Word,Frq,Category
great,46,P
free,22,P
comfortable,15,P
best,15,P
kind,9,P
perfect,6,P
enjoyed,6,P
beautiful,6,P
pleasant,4,P
excellent,4,P
happy,3,P
yummy,2,P
perfectly,2,P
celebrating,2,P
courteous,2,P
awesome,2,P
wonderful,2,P
celebrate,1,P
super,1,P
delicious,1,P
winner,1,P
fabulous,1,P
love,1,P
"""happy",1,P
impressive,1,P
relaxation,1,P
gorgeous,1,P
appreciated,1,P
trustworthy,1,P
wow,1,P
trust,1,P
"great""",1,P
bad,8,N
worst,5,N
pain,2,N
sick,2,N
ugly,1,N
unhappiness,1,N
horrified,1,N
negative,1,N
frustrated,1,N
unprofessional,1,N
liar,1,N
angry,1,N
stench,1,N
harassed,1,N
hell,1,N
dead,1,N
