Word,Frq,Category
great,353,P
beautiful,188,P
comfortable,164,P
free,157,P
loved,79,P
wonderful,79,P
love,75,P
best,72,P
enjoyed,67,P
excellent,66,P
happy,61,P
amazing,48,P
lovely,46,P
gorgeous,46,P
pleasant,44,P
perfect,43,P
super,32,P
fantastic,31,P
fun,31,P
kind,29,P
beautifully,27,P
fabulous,22,P
courteous,21,P
awesome,19,P
delicious,18,P
impressive,16,P
outstanding,16,P
celebrate,13,P
appreciated,12,P
loyalty,11,P
superb,11,P
beauty,11,P
wow,11,P
magnificent,10,P
pleasure,10,P
celebrating,9,P
bonus,9,P
perfectly,7,P
luckily,6,P
positive,6,P
kudos,5,P
generous,5,P
strong,5,P
delighted,5,P
grandeur,4,P
winning,4,P
flawless,4,P
charming,4,P
superior,4,P
ideal,4,P
enjoying,4,P
honest,4,P
praises,4,P
sexy,3,P
loves,3,P
happier,3,P
delightful,3,P
wonderfully,3,P
beloved,3,P
won,3,P
vibrant,3,P
pleasing,3,P
gracious,2,P
excellence,2,P
happily,2,P
"""free",2,P
yummy,2,P
lover,2,P
glory,2,P
enjoyment,2,P
award,2,P
justice,2,P
beautiful;,2,P
loving,2,P
visionary,2,P
smiled,2,P
pleasurable,2,P
graciously,2,P
delightfully,2,P
"""happy",1,P
enthusiastically,1,P
sophisticated,1,P
divine,1,P
celebrated,1,P
loverly,1,P
relaxation,1,P
greatest,1,P
sweetheart,1,P
bonuses,1,P
friendliest,1,P
honour,1,P
encourage,1,P
perfection,1,P
cheerful,1,P
lovers,1,P
marvelous,1,P
great:,1,P
ethical,1,P
vip,1,P
'happy,1,P
bad,30,N
negative,16,N
die,6,N
disappointment,5,N
horrible,5,N
disturbing,3,N
stressful,3,N
hell,3,N
hate,3,N
angry,3,N
worst,3,N
dead,2,N
stench,2,N
failed,2,N
terribly,2,N
sucker,2,N
war,2,N
chaos,1,N
killed,1,N
panic,1,N
disgustingly,1,N
bad:,1,N
crime,1,N
stupid,1,N
kill,1,N
failure,1,N
unprofessional,1,N
crappy,1,N
horrific,1,N
sick,1,N
ruin,1,N
danger,1,N
cancer,1,N
disgusting,1,N
abuse,1,N
hated,1,N
insult,1,N
contempt,1,N
