Word,Frq,Category
great,22,P
comfortable,16,P
free,11,P
perfect,8,P
excellent,7,P
best,6,P
beautiful,4,P
honors,4,P
delicious,3,P
pleasant,3,P
outstanding,3,P
amazing,2,P
lovely,2,P
pleasure,2,P
fabulous,2,P
wonderful,2,P
appreciated,2,P
kindnesses,1,P
super,1,P
beauty,1,P
brilliant,1,P
win,1,P
love,1,P
awesome,1,P
enjoying,1,P
success,1,P
bonus,1,P
praise,1,P
fantastic,1,P
enjoyed,1,P
perfectly,1,P
delightful,1,P
happy,1,P
kind,1,P
joy,1,P
bad,2,N
kill,1,N
ugly,1,N
disappointment,1,N
pain,1,N
negative,1,N
