Word,Frq,Category
great,75,P
comfortable,40,P
free,33,P
excellent,14,P
best,12,P
pleasant,12,P
honors,10,P
happy,10,P
courteous,7,P
loved,7,P
kind,7,P
amazing,6,P
wonderful,6,P
perfect,5,P
love,5,P
lovely,4,P
awesome,4,P
enjoyed,4,P
fantastic,4,P
delicious,3,P
perfectly,3,P
yummy,3,P
delightful,3,P
bonus,3,P
vip,3,P
strong,2,P
positive,2,P
impressive,2,P
winning,2,P
fabulous,2,P
pleasure,2,P
outstanding,2,P
super,2,P
appreciated,2,P
"""happy",1,P
remarkable,1,P
thankful,1,P
smiled,1,P
wonderfully,1,P
reward,1,P
won,1,P
ideal,1,P
tgif,1,P
loves,1,P
fun,1,P
delight,1,P
pleasing,1,P
generous,1,P
comfortable;,1,P
honored,1,P
beautiful,1,P
charming,1,P
appreciation,1,P
friendliest,1,P
"honors""",1,P
luckily,1,P
tops,1,P
hopeful,1,P
wow,1,P
loyalty,1,P
liberty,1,P
bad,19,N
nasty,8,N
horrible,7,N
disappointment,4,N
negative,4,N
horribly,3,N
die,3,N
worst,2,N
pain,2,N
saddened,1,N
irritation,1,N
dreading,1,N
fail,1,N
hate,1,N
angry,1,N
doa,1,N
disgusted,1,N
hell,1,N
hurt,1,N
terrified,1,N
killed,1,N
kill,1,N
disgusting,1,N
thieves,1,N
reek,1,N
brutally,1,N
dreaded,1,N
irate,1,N
ruin,1,N
tard,1,N
lousy,1,N
