Word,Frq,Category
great,58,P
comfortable,32,P
best,20,P
free,20,P
excellent,11,P
pleasant,10,P
perfect,9,P
loved,8,P
wonderful,8,P
enjoyed,6,P
happy,6,P
positive,6,P
beautiful,6,P
lovely,6,P
awesome,5,P
fantastic,5,P
super,5,P
amazing,4,P
love,3,P
delicious,3,P
kind,2,P
cheery,2,P
outstanding,2,P
fun,2,P
appreciative,1,P
wonderfully,1,P
kudos,1,P
generous,1,P
gracious,1,P
pleasure,1,P
magnificent,1,P
perfection,1,P
:d,1,P
appreciated,1,P
smiled,1,P
sympathetic,1,P
delight,1,P
rich,1,P
honest,1,P
strong,1,P
pleasurable,1,P
celebrated,1,P
ideal,1,P
courteous,1,P
bonus,1,P
winner,1,P
sophisticated,1,P
superb,1,P
impressive,1,P
positives,1,P
bad,11,N
negative,4,N
horrible,2,N
ugly,2,N
angry,2,N
hate,1,N
pain,1,N
terribly,1,N
bad:,1,N
ugly:,1,N
prison,1,N
chaos,1,N
horror,1,N
sick,1,N
negative:,1,N
disturbing,1,N
disappointment,1,N
