Word,Frq,Category
great,631,P
free,601,P
comfortable,212,P
best,152,P
loved,140,P
excellent,136,P
amazing,108,P
wonderful,97,P
super,87,P
fantastic,82,P
perfect,78,P
beautiful,77,P
lovely,73,P
love,70,P
enjoyed,69,P
happy,69,P
kind,51,P
pleasant,46,P
liberty,46,P
fun,32,P
fabulous,32,P
appreciated,30,P
superb,29,P
awesome,28,P
delicious,27,P
outstanding,26,P
gorgeous,25,P
pleasure,24,P
positive,18,P
ideal,18,P
courteous,17,P
bonus,17,P
beautifully,15,P
wow,14,P
generous,14,P
perfectly,11,P
sophisticated,8,P
enjoying,8,P
charming,7,P
brilliant,7,P
honest,6,P
happily,6,P
greatest,6,P
impressive,6,P
gracious,5,P
delight,4,P
superior,4,P
positives,4,P
rich,4,P
luckily,4,P
delightful,4,P
strong,4,P
loves,3,P
celebrated,3,P
comfortable-,3,P
praise,3,P
kudos,3,P
pleasurable,3,P
sexy,3,P
yummy,3,P
delighted,3,P
celebrate,3,P
trust,3,P
wonderfully,3,P
won,3,P
passionate,2,P
happier,2,P
justice,2,P
loyalty,2,P
miracle,2,P
heaven,2,P
freedom,2,P
cheerful,2,P
brilliantly,2,P
award,2,P
perfection,2,P
magnificent,2,P
remarkable,2,P
peace,2,P
friendliest,2,P
divine,2,P
celebrating,2,P
honored,2,P
great;,2,P
"""happy",2,P
beauty,2,P
comfortable;,2,P
vibrant,2,P
flawless,2,P
wowed,1,P
cheered,1,P
rescue,1,P
loving,1,P
positives-,1,P
great-,1,P
beloved,1,P
gorgeous-,1,P
delightful:,1,P
encourage,1,P
cutest,1,P
die,233,N
war,81,N
bad,60,N
negative,23,N
sin,12,N
disappointment,7,N
pain,6,N
worst,6,N
hell,5,N
horrible,5,N
hate,3,N
dead,3,N
failed,3,N
stupid,3,N
ugly,2,N
terribly,2,N
disgusting,2,N
bad:,2,N
crappy,2,N
disaster,1,N
wicked,1,N
fearing,1,N
suckers,1,N
chaos,1,N
spite,1,N
drown,1,N
neglected,1,N
stealing,1,N
ban,1,N
terrorists,1,N
retarded,1,N
nasty,1,N
fail,1,N
ruin,1,N
harm,1,N
disgust,1,N
death,1,N
killed,1,N
disasters,1,N
destroy,1,N
hurt,1,N
panic,1,N
rob,1,N
pathetic,1,N
lying,1,N
'dick,1,N
po',1,N
tard,1,N
