Word,Frq,Category
great,308,P
free,137,P
comfortable,98,P
excellent,69,P
perfect,46,P
wonderful,43,P
best,43,P
pleasant,35,P
super,31,P
enjoyed,30,P
happy,30,P
loved,21,P
kind,19,P
amazing,19,P
awesome,18,P
fantastic,17,P
courteous,17,P
lovely,15,P
appreciated,15,P
love,13,P
fun,12,P
delicious,10,P
bonus,8,P
outstanding,7,P
perfectly,7,P
positive,7,P
ideal,7,P
brilliant,6,P
fabulous,6,P
luckily,6,P
superb,5,P
pleasure,5,P
trust,4,P
beautiful,4,P
greatest,4,P
honest,3,P
impressive,3,P
enjoying,3,P
liberty,3,P
generous,3,P
strong,3,P
kudos,2,P
friendliest,2,P
superior,2,P
prettiest,2,P
happily,2,P
honors,2,P
praise,1,P
yummy,1,P
'super,1,P
wonderful:,1,P
great;,1,P
ideal:,1,P
success,1,P
gratitude,1,P
great:,1,P
happier,1,P
loving,1,P
rescue,1,P
great-,1,P
gain,1,P
positive:,1,P
delicious;,1,P
smartest,1,P
heaven,1,P
amazement,1,P
charming,1,P
wow,1,P
gracious,1,P
positives,1,P
cheerful,1,P
thankful,1,P
marvelous,1,P
loyalty,1,P
pleasurable,1,P
godsend,1,P
brilliantly,1,P
superb-,1,P
award,1,P
super:,1,P
delightful,1,P
won,1,P
romance,1,P
delighted,1,P
prized,1,P
enjoyment,1,P
positively,1,P
bonuses,1,P
appreciative,1,P
die,34,N
bad,32,N
war,28,N
sin,11,N
negative,10,N
po',10,N
worst,5,N
pain,4,N
disappointment,3,N
terribly,3,N
stressful,2,N
grim,2,N
killer,2,N
illegal,2,N
disgusted,2,N
disturbing,1,N
dismal,1,N
hurt,1,N
stench,1,N
idiot,1,N
chaos,1,N
died,1,N
hated,1,N
liar,1,N
angry,1,N
liars,1,N
horrible,1,N
infuriating,1,N
lousy,1,N
wicked,1,N
drowned,1,N
"""bad",1,N
violated,1,N
tard,1,N
war:,1,N
po,1,N
dirtiest,1,N
spite,1,N
sick,1,N
ugly,1,N
negative:,1,N
