Word,Frq,Category
great,212,P
free,66,P
comfortable,64,P
best,42,P
excellent,41,P
perfect,37,P
wonderful,28,P
amazing,23,P
pleasant,22,P
super,18,P
loved,17,P
awesome,17,P
fantastic,15,P
enjoyed,15,P
courteous,15,P
fun,15,P
happy,15,P
kind,14,P
beautiful,12,P
lovely,9,P
fabulous,9,P
outstanding,9,P
delicious,8,P
perfectly,8,P
pleasure,6,P
love,5,P
positive,5,P
kudos,4,P
ideal,4,P
appreciated,4,P
impressive,3,P
wow,3,P
superb,3,P
superior,3,P
bonus,3,P
happily,2,P
loves,2,P
excellence,2,P
enjoying,2,P
yummy,2,P
appreciative,2,P
reward,2,P
beautifully,2,P
great-,1,P
luckily,1,P
free-,1,P
gracious,1,P
'happy,1,P
excellently,1,P
godsend,1,P
loving,1,P
appreciation,1,P
funniest,1,P
delightful,1,P
wonderfully,1,P
generous,1,P
blessings,1,P
comfortable;,1,P
"""happy",1,P
celebrate,1,P
friendliest,1,P
celebrated,1,P
delighted,1,P
happier,1,P
heavenly,1,P
tops,1,P
great:,1,P
delight,1,P
delightfully,1,P
bonus:,1,P
vibrant,1,P
cheerful,1,P
prize,1,P
strong,1,P
perfect:,1,P
encourage,1,P
joy,1,P
success,1,P
congratulations,1,P
"""best",1,P
award,1,P
honored,1,P
peace,1,P
gorgeous,1,P
perfect-,1,P
supremely,1,P
celebrating,1,P
bad,11,N
chaos,2,N
bad:,2,N
disaster,2,N
worst,2,N
negative,2,N
liars,2,N
"hell""",1,N
hurt,1,N
sick,1,N
stupid,1,N
worst:,1,N
disappointment,1,N
rotten,1,N
harassing,1,N
disgusting,1,N
"lying""",1,N
threat,1,N
horrible,1,N
cancer,1,N
rudest,1,N
violently,1,N
excruciating,1,N
