Word,Frq,Category
great,1282,P
free,473,P
comfortable,469,P
excellent,324,P
lovely,263,P
perfect,246,P
best,244,P
fantastic,196,P
loved,184,P
wonderful,170,P
amazing,161,P
super,143,P
happy,130,P
enjoyed,121,P
pleasant,92,P
love,81,P
beautiful,70,P
delicious,61,P
perfectly,57,P
fabulous,54,P
kind,51,P
awesome,49,P
appreciated,47,P
brilliant,45,P
courteous,39,P
ideal,38,P
positive,32,P
celebrate,30,P
superb,30,P
fun,28,P
superior,28,P
bonus,27,P
pleasure,24,P
gorgeous,22,P
beautifully,22,P
outstanding,20,P
celebrating,18,P
wow,16,P
liberty,16,P
happily,14,P
yummy,14,P
delighted,13,P
wonderfully,13,P
honest,12,P
generous,12,P
friendliest,11,P
strong,11,P
greatest,11,P
charming,11,P
enjoying,9,P
flawless,9,P
cheerful,8,P
impressive,8,P
praise,8,P
luckily,7,P
delightful,7,P
congratulations,7,P
celebrated,7,P
gracious,7,P
positives,6,P
heavenly,6,P
happier,5,P
heaven,5,P
sophisticated,5,P
won,5,P
trust,5,P
sexy,4,P
divine,4,P
success,3,P
appreciation,3,P
laugh,3,P
delight,3,P
glamorous,3,P
lovers,3,P
tops,3,P
vibrant,3,P
glamour,3,P
great-,3,P
kudos,3,P
comfortable;,3,P
cheery,2,P
excellence,2,P
award,2,P
godsend,2,P
helpfully,2,P
pleasing,2,P
enjoys,2,P
sweetheart,2,P
fascinating,2,P
:d,2,P
"""happy",2,P
honored,2,P
justice,2,P
prettiest,2,P
pleasantness,2,P
encourage,2,P
delectable,1,P
loving,1,P
liberty;,1,P
precious,1,P
die,153,N
bad,97,N
war,76,N
negative,57,N
sin,19,N
worst,7,N
po',7,N
horrible,5,N
ugly,5,N
sick,5,N
pain,5,N
hell,4,N
stressful,3,N
wicked,3,N
spite,3,N
disturbing,3,N
lying,3,N
disappointment,3,N
threatening,2,N
danger,2,N
drowned,2,N
horror,2,N
fail,2,N
stupid,2,N
chaos,2,N
threat,2,N
violent,2,N
po,2,N
devastating,1,N
trapped,1,N
disgusting,1,N
bad:,1,N
angry,1,N
panic,1,N
dirtiest,1,N
hated,1,N
poison,1,N
hurt,1,N
sucker,1,N
hate,1,N
pain',1,N
irritation,1,N
sadder,1,N
bad-,1,N
terribly,1,N
frustrated,1,N
grim,1,N
stealing,1,N
stinking,1,N
nasty,1,N
failed,1,N
dismal,1,N
thieves,1,N
lousy,1,N
stupidest,1,N
"pain""",1,N
dead,1,N
riot,1,N
brutally,1,N
pita,1,N
curse,1,N
died,1,N
ruin,1,N
retard,1,N
