Word,Frq,Category
great,702,P
comfortable,253,P
free,247,P
excellent,155,P
wonderful,141,P
happy,131,P
best,111,P
loved,110,P
perfect,103,P
enjoyed,102,P
beautiful,97,P
love,90,P
amazing,88,P
lovely,77,P
fun,74,P
fantastic,53,P
pleasant,46,P
delicious,45,P
super,37,P
kind,34,P
appreciated,31,P
awesome,30,P
outstanding,26,P
beautifully,24,P
fabulous,24,P
positive,21,P
perfectly,20,P
superb,19,P
gorgeous,17,P
liberty,16,P
loyalty,16,P
celebrate,15,P
courteous,13,P
enjoying,12,P
pleasure,11,P
ideal,11,P
impressive,11,P
bonus,10,P
wow,9,P
vibrant,8,P
delighted,8,P
gracious,7,P
cheerful,7,P
delightful,7,P
sophisticated,6,P
luckily,6,P
honest,6,P
happier,6,P
encourage,6,P
praise,5,P
friendliest,5,P
charming,5,P
happily,5,P
celebrating,5,P
yummy,4,P
kudos,4,P
brilliant,4,P
joy,4,P
graciously,4,P
strong,4,P
marvelous,3,P
delight,3,P
celebrated,3,P
wowed,3,P
cleverly,3,P
wonderfully,3,P
enjoyment,3,P
lovers,3,P
pleasing,3,P
superior,3,P
cutest,2,P
vip,2,P
success,2,P
trust,2,P
won,2,P
happy;,2,P
"""vip",2,P
"vip""",2,P
greatest,2,P
"love""",2,P
delicious;,2,P
heaven,2,P
honored,2,P
divine,2,P
peace,2,P
generous,2,P
delectable,2,P
winner,2,P
admirable,2,P
loves,2,P
lover,2,P
delight:,1,P
wins,1,P
hopeful,1,P
delightful;,1,P
joyous,1,P
admired,1,P
positives,1,P
overjoyed,1,P
magnificent,1,P
bad,31,N
die,21,N
negative,21,N
disappointment,6,N
war,6,N
horrible,5,N
worst,5,N
frustrated,4,N
failed,4,N
dead,3,N
terribly,3,N
hate,3,N
rotten,3,N
crappy,3,N
lousy,2,N
stressful,2,N
snafu,2,N
pain,2,N
killer,2,N
pathetic,2,N
depressed,1,N
depressingly,1,N
angry,1,N
crisis,1,N
disturbing,1,N
kill,1,N
misery,1,N
painfully,1,N
disastrous,1,N
horrendous,1,N
fearing,1,N
sick,1,N
chaos,1,N
disturbing:,1,N
violated,1,N
nasty,1,N
ruin,1,N
neglected,1,N
weakest,1,N
starved,1,N
horrific,1,N
thief,1,N
stupid,1,N
fraud,1,N
brutally,1,N
worsen,1,N
hated,1,N
horror,1,N
disgusted,1,N
disaster,1,N
illegal,1,N
po,1,N
