Word,Frq,Category
great,349,P
comfortable,145,P
excellent,83,P
perfect,74,P
best,74,P
loved,72,P
beautiful,65,P
free,60,P
amazing,55,P
wonderful,50,P
fantastic,44,P
enjoyed,41,P
super,38,P
lovely,36,P
freedom,34,P
love,32,P
fun,31,P
awesome,22,P
fabulous,20,P
pleasant,19,P
happy,19,P
kind,18,P
delicious,18,P
gorgeous,14,P
superb,12,P
appreciated,12,P
positive,12,P
sexy,12,P
perfectly,11,P
outstanding,11,P
superior,10,P
courteous,10,P
pleasure,10,P
ideal,9,P
beautifully,7,P
charming,6,P
brilliant,6,P
strong,5,P
wonderfully,5,P
generous,5,P
celebrate,5,P
impressive,5,P
wow,4,P
pleasing,4,P
luckily,4,P
excellence,3,P
graciously,3,P
trust,3,P
tops,3,P
celebrating,3,P
kudos,3,P
happier,2,P
divine,2,P
won,2,P
smiled,2,P
cheery,2,P
rich,2,P
glorious,2,P
yummy,2,P
sophisticated,2,P
celebrated,2,P
delighted,2,P
beauty,2,P
heaven,2,P
free-,2,P
laugh,2,P
perfection,2,P
flawless,1,P
awesome:,1,P
congratulations,1,P
great:,1,P
honest,1,P
encourage,1,P
fun-,1,P
joy,1,P
prettiest,1,P
comfortable-,1,P
delightful,1,P
marvelous,1,P
vip,1,P
bonuses,1,P
fantastic:,1,P
wonderful-,1,P
lovingly,1,P
appreciated;,1,P
cheerful,1,P
perfectly-,1,P
delicious-,1,P
great;,1,P
winning,1,P
excellently,1,P
hero,1,P
gracious,1,P
praise,1,P
happily,1,P
peace,1,P
heavenly,1,P
masterpiece,1,P
thankful,1,P
remarkable,1,P
die,35,N
bad,24,N
war,17,N
negative,6,N
failed,5,N
death,4,N
disturbing,4,N
worst,4,N
insult,2,N
kill,2,N
sick,2,N
dead,2,N
disaster,2,N
po',2,N
nasty,2,N
dismal,1,N
ugly,1,N
horrible,1,N
unprofessional,1,N
grim,1,N
wth,1,N
bad:,1,N
pain,1,N
suffer,1,N
terribly,1,N
neglected,1,N
tortured,1,N
crappy,1,N
obnoxiously,1,N
prison,1,N
lying,1,N
tragically,1,N
snafu,1,N
wars,1,N
bad;,1,N
drown,1,N
arrogance,1,N
po,1,N
sin,1,N
hate,1,N
angry,1,N
