Word,Frq,Category
great,38,P
free,13,P
comfortable,13,P
excellent,12,P
perfect,10,P
pleasant,10,P
enjoyed,4,P
super,4,P
loved,4,P
tgif,3,P
wonderful,3,P
courteous,2,P
kind,2,P
amazing,2,P
impressive,2,P
outstanding,1,P
kudos,1,P
happy,1,P
love,1,P
fantastic,1,P
luckily,1,P
perfectly,1,P
honest,1,P
best,1,P
great;,1,P
celebrating,1,P
great:,1,P
vibrant,1,P
beautiful,1,P
cleverly,1,P
"pleasure""",1,P
fun,1,P
cheer,1,P
pleasing,1,P
delicious,1,P
champions,1,P
awesome,1,P
ideal,1,P
appreciated,1,P
wonderfully,1,P
worst,3,N
negative,2,N
war,2,N
bad,1,N
disappointment,1,N
suffer,1,N
