Word,Frq,Category
great,73,P
best,28,P
excellent,25,P
comfortable,24,P
amazing,21,P
beautiful,21,P
wonderful,16,P
fantastic,13,P
enjoyed,13,P
lovely,13,P
loved,13,P
free,12,P
love,11,P
perfect,11,P
delicious,9,P
fabulous,8,P
super,7,P
outstanding,6,P
awesome,5,P
superb,5,P
pleasant,5,P
fun,5,P
courteous,5,P
gracious,4,P
gorgeous,4,P
impressive,4,P
kind,4,P
beautifully,3,P
yummy,3,P
wonderfully,3,P
ideal,3,P
brilliant,2,P
delightful,2,P
divine,2,P
magnificent,2,P
pleasure,2,P
friendliest,2,P
excels,1,P
best:,1,P
beautiful;,1,P
laugh,1,P
perfectly,1,P
remarkable,1,P
treasured,1,P
proudly,1,P
luckily,1,P
heaven,1,P
wins,1,P
won,1,P
happily,1,P
r&r,1,P
trust,1,P
enjoying,1,P
positive,1,P
-beautiful,1,P
happy,1,P
heavenly,1,P
heartfelt,1,P
loving,1,P
positives,1,P
cleverly,1,P
fascinating,1,P
celebrate,1,P
delight,1,P
pleasing,1,P
charming,1,P
relaxation,1,P
bad,6,N
negative,5,N
die,5,N
sick,4,N
war,3,N
killer,1,N
harassed,1,N
failed,1,N
killing,1,N
horrible,1,N
failure,1,N
disappointment,1,N
dead,1,N
angry,1,N
spite,1,N
hell,1,N
