Word,Frq,Category
great,148,P
comfortable,50,P
best,41,P
excellent,31,P
fantastic,29,P
loved,26,P
love,24,P
wonderful,22,P
amazing,21,P
perfect,20,P
free,20,P
fabulous,17,P
super,13,P
enjoyed,12,P
lovely,12,P
fun,11,P
happy,10,P
awesome,10,P
kind,9,P
beautiful,8,P
pleasant,7,P
superb,5,P
pleasure,5,P
ideal,5,P
perfectly,4,P
charming,4,P
delicious,4,P
bonus,4,P
appreciated,4,P
courteous,4,P
strong,3,P
positive,2,P
brilliant,2,P
gorgeous,2,P
impressive,2,P
beautifully,2,P
generous,2,P
delighted,2,P
wow,2,P
divine,2,P
pleasurable,1,P
rich,1,P
celebrate,1,P
hopeful,1,P
gracious,1,P
heavenly,1,P
luckily,1,P
bonuses,1,P
affection,1,P
heaven,1,P
enjoyment,1,P
funnest,1,P
honest,1,P
thankful,1,P
happily,1,P
loving,1,P
happier,1,P
prize,1,P
trustworthy,1,P
great;,1,P
positively,1,P
encourage,1,P
cheerful,1,P
sophisticated,1,P
blissful,1,P
delightful,1,P
outstanding,1,P
remarkable,1,P
:d,1,P
super-,1,P
superior,1,P
die,47,N
war,19,N
bad,9,N
negative,8,N
disappointment,3,N
worst,2,N
terribly,2,N
horrible,2,N
havoc,1,N
fearing,1,N
dead,1,N
stupid,1,N
sick,1,N
hate,1,N
death,1,N
nasty,1,N
spite,1,N
kills,1,N
wicked,1,N
neglected,1,N
fiasco,1,N
ruin,1,N
sin,1,N
po,1,N
po',1,N
tard,1,N
