Word,Frq,Category
great,191,P
beautiful,69,P
comfortable,63,P
wonderful,54,P
perfect,52,P
loved,52,P
best,52,P
excellent,51,P
amazing,46,P
lovely,42,P
love,39,P
fantastic,37,P
beautifully,28,P
enjoyed,24,P
gorgeous,20,P
superb,18,P
delicious,17,P
fabulous,16,P
free,14,P
perfectly,14,P
kind,14,P
fun,14,P
pleasant,13,P
outstanding,12,P
pleasure,12,P
super,12,P
happy,9,P
charming,8,P
positive,7,P
impressive,7,P
delightful,6,P
ideal,6,P
brilliant,5,P
vibrant,5,P
celebrate,5,P
courteous,5,P
sophisticated,4,P
strong,4,P
divine,4,P
peace,4,P
perfection,3,P
cheery,3,P
wow,3,P
gracious,3,P
cheerful,3,P
flawless,3,P
beauty,3,P
heavenly,3,P
delight,3,P
bonus,3,P
awesome,3,P
joy,3,P
delighted,3,P
appreciated,3,P
magnificent,2,P
cleverly,2,P
relaxation,2,P
remarkable,2,P
thankful,2,P
celebrating,2,P
praise,2,P
honour,2,P
encourage,2,P
amaze,2,P
wonderfully,2,P
superior,2,P
adore,2,P
tops,2,P
winner,2,P
trust,2,P
heaven,2,P
lover,1,P
ideal:,1,P
brilliantly,1,P
treasured,1,P
"excellent""",1,P
passionate,1,P
glamour,1,P
great;,1,P
miracle,1,P
joyful,1,P
cheer,1,P
great:,1,P
bonus:,1,P
amazing;,1,P
precious,1,P
successful,1,P
perfect;,1,P
enjoying,1,P
great  minus:-      ,1,P
ly,1,P
"""happy",1,P
kudos,1,P
appreciated:,1,P
loving,1,P
yummy,1,P
bliss,1,P
splendid,1,P
glamorous,1,P
splendor,1,P
die,18,N
bad,11,N
disappointment,5,N
negative,3,N
horrible,3,N
failed,3,N
hated,2,N
war,2,N
devastating,1,N
prison,1,N
bad:,1,N
painfully,1,N
sick,1,N
died,1,N
horribly,1,N
hate,1,N
snafu,1,N
rejected,1,N
ugly,1,N
sucker,1,N
chaos,1,N
horrendous,1,N
poisoning,1,N
fail,1,N
hell,1,N
