Word,Frq,Category
free,107,P
great,86,P
comfortable,37,P
happy,20,P
excellent,20,P
best,15,P
loved,12,P
wonderful,10,P
enjoyed,9,P
bonus,8,P
delicious,8,P
perfect,7,P
beautiful,7,P
pleasant,6,P
perfectly,5,P
fantastic,5,P
super,4,P
amazing,3,P
love,3,P
ideal,2,P
fun,2,P
courteous,2,P
appreciated,2,P
pleasure,2,P
graciously,2,P
lovely,2,P
'happy,1,P
happily,1,P
heaven,1,P
positive,1,P
awesome,1,P
smiled,1,P
yummy,1,P
kind,1,P
beautifully,1,P
paradise,1,P
wow,1,P
generous,1,P
outstanding,1,P
impressive,1,P
superb,1,P
tops,1,P
bad,4,N
negative,4,N
die,3,N
disappointment,2,N
horrible,1,N
died,1,N
troublesome,1,N
stench,1,N
ugly,1,N
