Word,Frq,Category
great,8,P
free,5,P
comfortable,5,P
kind,3,P
happy,2,P
best,2,P
beautiful,2,P
perfect,2,P
generous,1,P
laugh,1,P
ideal,1,P
fantastic,1,P
outstanding,1,P
enjoyed,1,P
strong,1,P
bad,18,N
worst,10,N
horrible,5,N
dead,4,N
disgusting,3,N
nasty,3,N
killed,2,N
hell,2,N
horribly,2,N
nastiest,1,N
wtf,1,N
disgusted,1,N
disaster,1,N
poorest,1,N
disturbing,1,N
disappointment,1,N
crime,1,N
criminal,1,N
stupid,1,N
disgust,1,N
stealing,1,N
abuse,1,N
horrific,1,N
war,1,N
die,1,N
hate,1,N
