Word,Frq,Category
great,898,P
comfortable,312,P
excellent,207,P
best,161,P
perfect,153,P
free,140,P
fantastic,126,P
amazing,125,P
lovely,115,P
beautiful,112,P
loved,103,P
wonderful,91,P
enjoyed,80,P
super,79,P
happy,61,P
pleasant,59,P
love,56,P
outstanding,39,P
courteous,38,P
superb,37,P
delicious,34,P
kind,32,P
awesome,32,P
fabulous,30,P
ideal,28,P
celebrate,26,P
gorgeous,24,P
beautifully,23,P
positive,19,P
bonus,17,P
wow,16,P
superior,16,P
fun,16,P
brilliant,15,P
perfectly,15,P
pleasure,13,P
appreciated,13,P
celebrating,12,P
impressive,12,P
generous,11,P
honest,9,P
heavenly,8,P
loyalty,8,P
magnificent,7,P
happily,7,P
gracious,7,P
charming,6,P
kudos,6,P
celebrated,5,P
greatest,5,P
liberty,5,P
luckily,5,P
tops,5,P
delighted,4,P
sophisticated,4,P
yummy,4,P
wonderfully,4,P
reward,4,P
positives,4,P
trust,3,P
excellence,3,P
congratulations,3,P
enjoying,3,P
peace,3,P
award,3,P
won,3,P
winning,3,P
glee,3,P
perfection,2,P
supremely,2,P
encourage,2,P
happier,2,P
precious,2,P
laugh,2,P
congrats,2,P
great;,2,P
success,2,P
delight,2,P
amazement,2,P
praise,2,P
"""best",2,P
"""happy",2,P
winner,2,P
graciously,2,P
heaven,2,P
prize,2,P
delightful,2,P
supreme,2,P
pleasing,2,P
rescue,2,P
honored,1,P
successful,1,P
masterpiece,1,P
divine,1,P
comfortable-,1,P
relaxation,1,P
excitedly,1,P
free:,1,P
fascinating,1,P
godsend,1,P
die,148,N
war,78,N
bad,72,N
negative,37,N
sin,20,N
disappointment,14,N
worst,9,N
chaos,9,N
horrible,7,N
pain,6,N
lousy,4,N
hell,4,N
failed,4,N
ugly,4,N
bad:,3,N
ruin,3,N
wicked,3,N
stupid,3,N
hated,3,N
frustrated,3,N
unprofessional,3,N
scam,3,N
crappy,3,N
po',3,N
pissed,2,N
drown,2,N
lying,2,N
furious,2,N
dead,2,N
hurt,2,N
murder,2,N
idiot,2,N
illegal,1,N
rudest,1,N
insult,1,N
livid,1,N
angry,1,N
arrogance,1,N
contempt,1,N
brutal,1,N
fired,1,N
fiasco,1,N
alarmingly,1,N
horrors,1,N
insulted,1,N
dreaded,1,N
dumb,1,N
killer,1,N
cheated,1,N
suffer,1,N
crime,1,N
torture,1,N
hate,1,N
troubling,1,N
wtf,1,N
irritation,1,N
nasty,1,N
dismal,1,N
horrified,1,N
obnoxiously,1,N
tard,1,N
sick,1,N
horror,1,N
