Word,Frq,Category
great,66,P
comfortable,42,P
free,41,P
excellent,15,P
best,9,P
beautiful,9,P
pleasant,8,P
super,7,P
perfect,6,P
happy,6,P
lovely,6,P
fantastic,5,P
courteous,5,P
wonderful,4,P
enjoyed,4,P
love,4,P
appreciated,4,P
awesome,4,P
ideal,3,P
kind,3,P
143,3,P
amazing,3,P
positive,2,P
perfectly,2,P
honored,2,P
pleasure,2,P
loved,2,P
delicious,2,P
fabulous,2,P
wow,2,P
bonus,1,P
fun,1,P
generous,1,P
kudos,1,P
outstanding,1,P
loves,1,P
honour,1,P
free;,1,P
charming,1,P
happily,1,P
splendid,1,P
gorgeous,1,P
excellent;,1,P
comfortable;,1,P
delicious;,1,P
superb,1,P
negative,3,N
bad,3,N
stressful,2,N
crappy,2,N
die,2,N
frustrated,1,N
worst,1,N
lousy,1,N
hate,1,N
kills,1,N
insult,1,N
