Word,Frq,Category
great,66,P
comfortable,29,P
free,22,P
best,17,P
excellent,10,P
wonderful,8,P
loved,8,P
super,8,P
beautiful,8,P
enjoyed,7,P
pleasant,6,P
perfect,5,P
love,5,P
amazing,5,P
bonus,3,P
awesome,3,P
kind,3,P
delicious,3,P
happy,3,P
fun,2,P
courteous,2,P
superb,2,P
fantastic,2,P
fabulous,2,P
positive,1,P
superior,1,P
gracious,1,P
award,1,P
enjoying,1,P
ideal,1,P
reward,1,P
positives,1,P
strong,1,P
kudos,1,P
appreciated,1,P
friendliest,1,P
impressive,1,P
excellence,1,P
outstanding,1,P
wow,1,P
heaven,1,P
courteous;,1,P
die,6,N
negative,3,N
bad,3,N
losers,1,N
hated,1,N
ruin,1,N
rotten,1,N
death,1,N
horribly,1,N
horrible,1,N
illegal,1,N
killing,1,N
worst,1,N
rudest,1,N
failed,1,N
war,1,N
