Word,Frq,Category
great,129,P
free,103,P
comfortable,47,P
beautiful,44,P
enjoyed,37,P
wonderful,34,P
lovely,32,P
loved,27,P
best,25,P
pleasant,24,P
excellent,24,P
perfect,19,P
kind,15,P
courteous,15,P
amazing,15,P
charming,14,P
love,9,P
fabulous,9,P
beautifully,9,P
fantastic,8,P
happy,8,P
awesome,7,P
outstanding,6,P
bonus,5,P
gorgeous,5,P
fun,5,P
superb,5,P
appreciated,5,P
perfectly,4,P
gracious,4,P
pleasure,4,P
delightful,4,P
superior,3,P
lovingly,3,P
ideal,3,P
beauty,2,P
luckily,2,P
"""free",2,P
trust,2,P
remarkable,2,P
wow,2,P
super,2,P
wonderfully,2,P
delicious,2,P
rich,2,P
positive,2,P
delighted,2,P
amazement,1,P
magnificent,1,P
successful,1,P
impressive-,1,P
tops,1,P
kindnesses,1,P
greatest,1,P
fantastic;,1,P
visionary,1,P
rescue,1,P
amaze,1,P
bonus:,1,P
delightfully,1,P
happily,1,P
sophisticated,1,P
cheerful;,1,P
kudos,1,P
impressive,1,P
bliss,1,P
appreciative,1,P
comfortable;,1,P
encouraging,1,P
excellence,1,P
vibrant,1,P
excellent:,1,P
entertainments,1,P
loves,1,P
cheery,1,P
die,12,N
bad,9,N
negative,5,N
worst,4,N
war,4,N
scam,2,N
unprofessional,1,N
fraud,1,N
"fraud""",1,N
disgusting,1,N
dishonest,1,N
frustrated,1,N
died,1,N
dick,1,N
kill,1,N
sucker,1,N
pain,1,N
grim,1,N
crime,1,N
failed,1,N
horribly,1,N
hate,1,N
chaos,1,N
disgusted,1,N
stressful,1,N
sorrowfully,1,N
