Word,Frq,Category
super,36,P
great,31,P
comfortable,28,P
free,26,P
pleasant,7,P
excellent,5,P
best,5,P
enjoyed,4,P
perfect,3,P
wonderful,3,P
courteous,3,P
happy,2,P
fantastic,2,P
loved,2,P
appreciated,2,P
excellence,1,P
kind,1,P
appreciative,1,P
perfect:,1,P
gracious,1,P
success,1,P
fabulous,1,P
friendliest,1,P
wowed,1,P
delicious,1,P
bad,6,N
war,4,N
horrible,3,N
stressful,2,N
horrific,1,N
angry,1,N
illegal,1,N
fraud,1,N
hell,1,N
negative,1,N
nasty,1,N
po',1,N
