Word,Frq,Category
great,391,P
comfortable,134,P
free,126,P
best,66,P
amazing,49,P
excellent,48,P
fantastic,41,P
perfect,41,P
pleasant,38,P
wonderful,37,P
super,35,P
enjoyed,26,P
happy,22,P
kind,21,P
love,19,P
fun,18,P
beautiful,17,P
loved,17,P
lovely,13,P
outstanding,13,P
pleasure,11,P
ideal,11,P
perfectly,11,P
fabulous,10,P
loyalty,9,P
awesome,8,P
happily,7,P
celebrate,7,P
courteous,7,P
positive,6,P
charming,5,P
superb,5,P
honest,4,P
delicious,4,P
trust,4,P
appreciated,4,P
impressive,4,P
gracious,4,P
bonus,4,P
brilliant,4,P
wonderfully,3,P
gorgeous,3,P
wow,3,P
delightful,3,P
trustworthy,3,P
luckily,2,P
liberty,2,P
comfortable-,2,P
vip,2,P
superior,2,P
positives,2,P
sophisticated,2,P
glamorous,2,P
cheerful,2,P
sympathetic,2,P
flawless,2,P
kudos,2,P
rewarding,1,P
vibrant,1,P
strong,1,P
remarkable,1,P
fantastic;,1,P
laugh,1,P
honored,1,P
congratulations,1,P
freedom,1,P
winning,1,P
comfortable;,1,P
marvelous,1,P
wonderful-,1,P
positively,1,P
pleasing,1,P
brilliantly,1,P
positives:,1,P
positive:,1,P
winner,1,P
celebrated,1,P
wowed,1,P
enjoying,1,P
best-,1,P
thankful,1,P
excellent-,1,P
prettiest,1,P
wins,1,P
"""free",1,P
greatest,1,P
fascinating,1,P
gain,1,P
success,1,P
magnificent,1,P
glorious,1,P
lover,1,P
pleasurable,1,P
win,1,P
bonuses,1,P
jolly,1,P
honest-,1,P
friendliest,1,P
cheer,1,P
yay,1,P
die,53,N
bad,41,N
negative,15,N
war,12,N
horrible,7,N
worst,6,N
pain,5,N
hate,5,N
disaster,5,N
dead,4,N
ugly,3,N
threat,3,N
nasty,3,N
sin,3,N
frustrated,2,N
fraud,2,N
disappointment,2,N
prison,2,N
abusive,1,N
obnoxiously,1,N
havoc,1,N
lousy,1,N
disgusting,1,N
ugliest,1,N
disgusted,1,N
chaos,1,N
dearth,1,N
dismal,1,N
insult,1,N
disturbing,1,N
harassment,1,N
crisis,1,N
horribly,1,N
offending,1,N
neglected,1,N
unprofessional,1,N
drown,1,N
scam,1,N
rejected,1,N
felony,1,N
died,1,N
killer,1,N
crappy,1,N
po',1,N
worst;,1,N
horrifying,1,N
hurt,1,N
wars,1,N
