Word,Frq,Category
great,283,P
amazing,81,P
beautiful,78,P
comfortable,78,P
lovely,54,P
free,53,P
loved,48,P
perfect,46,P
best,45,P
excellent,44,P
super,43,P
fantastic,32,P
wonderful,25,P
enjoyed,25,P
love,25,P
fun,20,P
pleasant,18,P
gorgeous,17,P
awesome,15,P
kind,14,P
fabulous,12,P
beautifully,12,P
superior,12,P
delicious,8,P
ideal,8,P
outstanding,8,P
delighted,8,P
happy,8,P
brilliant,7,P
beauty,7,P
charming,6,P
glamour,6,P
pleasure,6,P
greatest,6,P
perfectly,6,P
appreciated,5,P
positive,5,P
celebrate,4,P
courteous,4,P
strong,4,P
wow,4,P
wonderfully,4,P
bonus,3,P
splendid,3,P
honest,3,P
delight,3,P
gracious,3,P
heavenly,2,P
luckily,2,P
peace,2,P
sexy,2,P
superb,2,P
celebrated,2,P
congrats,2,P
kudos,2,P
vibrant,2,P
flawless,2,P
marvelous,2,P
prize,2,P
divine,1,P
vip,1,P
freedom,1,P
enjoying,1,P
inspirational,1,P
joy,1,P
rich,1,P
heaven,1,P
romance,1,P
godsend,1,P
funniest,1,P
sophisticated,1,P
happily,1,P
cheer,1,P
gain,1,P
positives,1,P
perfect-,1,P
bonuses,1,P
friendliest,1,P
magnificent,1,P
perfection,1,P
delightful,1,P
cheery,1,P
positive:,1,P
winner,1,P
praise,1,P
impressive,1,P
tops,1,P
excels,1,P
cheerful,1,P
"""kind",1,P
happiness,1,P
graciously,1,P
precious,1,P
bliss,1,P
perfected,1,P
congratulations,1,P
-super,1,P
die,21,N
bad,14,N
war,10,N
negative,6,N
disappointment,5,N
po',5,N
unprofessional,4,N
hated,4,N
sin,4,N
pain,3,N
worst,3,N
scam,2,N
failing,2,N
hate,2,N
sick,2,N
horrible,2,N
stealing,1,N
kill,1,N
spite,1,N
neglected,1,N
fail,1,N
disturbing,1,N
rotten,1,N
sucker,1,N
anger,1,N
idiot,1,N
fired,1,N
crappy,1,N
failed,1,N
stench,1,N
painfully,1,N
livid,1,N
lying,1,N
failure-,1,N
tard,1,N
