Word,Frq,Category
great,311,P
comfortable,142,P
perfect,81,P
best,75,P
excellent,74,P
free,70,P
super,46,P
loved,44,P
amazing,43,P
wonderful,33,P
fantastic,32,P
lovely,29,P
beautiful,25,P
awesome,22,P
happy,21,P
kind,21,P
pleasant,21,P
courteous,17,P
enjoyed,17,P
outstanding,12,P
fabulous,10,P
love,10,P
superb,10,P
perfectly,9,P
ideal,9,P
celebrating,7,P
pleasure,7,P
celebrate,7,P
delicious,7,P
happier,6,P
positive,6,P
fun,5,P
beautifully,5,P
impressive,4,P
wonderfully,4,P
smiled,4,P
appreciated,3,P
cheerful,3,P
superior,3,P
brilliant,3,P
gorgeous,3,P
wow,3,P
luckily,3,P
happily,3,P
delighted,3,P
rich,2,P
strong,2,P
honest,2,P
generous,2,P
thankful,2,P
gracious,2,P
divine,2,P
liberty,2,P
delightful,2,P
delight,2,P
perfection,2,P
heavenly,2,P
won,2,P
helpfully,2,P
laugh,2,P
remarkable,1,P
perfect:,1,P
peacefully,1,P
tops,1,P
enjoying,1,P
kudos,1,P
hopeful,1,P
justice,1,P
sophisticated,1,P
beauty,1,P
cheery,1,P
"""superior",1,P
gorgeously,1,P
bonus,1,P
friendliest,1,P
miracle,1,P
congrats,1,P
cheerily,1,P
sexy,1,P
pleasing,1,P
excels,1,P
"""best",1,P
relaxation,1,P
charming,1,P
riches,1,P
excellent:,1,P
winner,1,P
grandeur,1,P
:d,1,P
praise,1,P
vibrant,1,P
glorious,1,P
amazing-,1,P
wonderful-,1,P
yay,1,P
super:,1,P
positive:,1,P
positively,1,P
die,67,N
war,48,N
bad,39,N
negative,14,N
sin,12,N
po',8,N
worst,5,N
hate,4,N
unprofessional,3,N
angry,3,N
wicked,2,N
pain,2,N
terribly,2,N
frustrated,2,N
hell,2,N
po,2,N
horrendous,1,N
sickening,1,N
cheated,1,N
horribly,1,N
threatening,1,N
fearing,1,N
ugly,1,N
hated,1,N
chaos,1,N
"pain""",1,N
"""death",1,N
bad:,1,N
idiotic,1,N
lousy,1,N
killer,1,N
idiot,1,N
failing,1,N
stressful,1,N
troubling,1,N
lying,1,N
ruin,1,N
stupid,1,N
disappointment,1,N
prison,1,N
hurt,1,N
bullshit,1,N
negative:,1,N
horrible,1,N
