Word,Frq,Category
great,148,P
comfortable,74,P
free,64,P
best,37,P
excellent,28,P
wonderful,26,P
super,23,P
awesome,20,P
enjoyed,17,P
loved,17,P
pleasant,16,P
beautiful,14,P
amazing,13,P
perfect,12,P
fantastic,11,P
happy,11,P
courteous,10,P
kind,7,P
delicious,6,P
perfectly,6,P
positive,5,P
bonus,4,P
pleasure,4,P
love,4,P
fun,4,P
impressive,3,P
greatest,3,P
outstanding,3,P
honest,3,P
friendliest,3,P
lovely,2,P
wow,2,P
luckily,2,P
beautifully,2,P
"pleasure""",2,P
ideal,2,P
miracle,1,P
delightful,1,P
delight,1,P
splendid,1,P
bonuses,1,P
delightfully,1,P
glorious,1,P
wonderfully,1,P
yummy,1,P
charming,1,P
appreciated,1,P
cheery,1,P
loyalty,1,P
free-,1,P
happily,1,P
heaven,1,P
peace,1,P
gr8,1,P
trust,1,P
justice,1,P
graciously,1,P
winner,1,P
strong,1,P
celebrate,1,P
heavenly,1,P
celebrated,1,P
superb,1,P
fabulous,1,P
tops,1,P
sympathetic,1,P
encourage,1,P
delighted,1,P
vip,1,P
wonderful-,1,P
fabulous-,1,P
gracious,1,P
beloved,1,P
bad,12,N
cancer,5,N
horrible,4,N
negative,4,N
war,2,N
danger,2,N
spite,2,N
worst,2,N
stressful,2,N
illegal,2,N
die,2,N
painfully,1,N
pain,1,N
terrified,1,N
terrifying,1,N
rejected,1,N
threatening,1,N
liar,1,N
ugly,1,N
abusive,1,N
pathetic,1,N
outrage,1,N
dead,1,N
panic,1,N
incompetence,1,N
harassed,1,N
failing,1,N
hell,1,N
idiot,1,N
ruin,1,N
