Word,Frq,Category
great,248,P
beautiful,87,P
best,74,P
excellent,72,P
comfortable,62,P
wonderful,57,P
amazing,53,P
perfect,48,P
loved,46,P
fantastic,42,P
free,35,P
enjoyed,29,P
gorgeous,24,P
lovely,24,P
fabulous,20,P
love,20,P
outstanding,18,P
super,16,P
delicious,14,P
fun,14,P
superb,13,P
happy,12,P
pleasure,10,P
awesome,10,P
pleasant,10,P
wow,9,P
superior,8,P
courteous,8,P
kind,8,P
beautifully,7,P
relaxation,7,P
impressive,6,P
perfectly,6,P
appreciated,5,P
celebrate,4,P
strong,4,P
delightful,4,P
delight,4,P
happier,3,P
perfection,3,P
positive,3,P
gracious,3,P
happily,3,P
enjoyment,3,P
bonus,2,P
heaven,2,P
delighted,2,P
blissful,2,P
heavenly,2,P
celebrating,2,P
greatest,2,P
cheerful,2,P
won,2,P
awesome;,2,P
sophisticated,2,P
graciously,2,P
wonderfully,2,P
positives:,1,P
ideal,1,P
brilliant,1,P
lover,1,P
r&r,1,P
magnificently,1,P
fabulous:,1,P
flawless,1,P
perfectly:,1,P
rescue,1,P
great-,1,P
glorious,1,P
enjoying,1,P
"free""",1,P
outstanding;,1,P
gain,1,P
masterpieces,1,P
great;,1,P
encourage,1,P
pleasing,1,P
honored,1,P
kudos,1,P
overjoyed,1,P
congrats,1,P
praise,1,P
great my,1,P
celebrated,1,P
divine,1,P
success,1,P
rich,1,P
best',1,P
beauty,1,P
winner,1,P
excellence,1,P
generous,1,P
vip,1,P
enthusiastically,1,P
positives,1,P
admirable,1,P
award,1,P
bad,12,N
negative,6,N
die,4,N
disappointment,3,N
failed,3,N
hate,3,N
ruin,2,N
trapped,2,N
spite,2,N
hated,2,N
suffer,2,N
died,1,N
irritation,1,N
unhealthy,1,N
sick,1,N
fail,1,N
horrible,1,N
disturbingly,1,N
fascist,1,N
steals,1,N
disgusting,1,N
neglected,1,N
horribly,1,N
fiasco,1,N
kill,1,N
destroy,1,N
