Word,Frq,Category
great,177,P
free,68,P
comfortable,67,P
excellent,55,P
best,40,P
liberty,30,P
perfect,25,P
super,22,P
pleasant,18,P
amazing,17,P
wonderful,16,P
lovely,15,P
loved,14,P
kind,14,P
enjoyed,13,P
ideal,12,P
awesome,11,P
beautiful,11,P
delicious,11,P
happy,10,P
fantastic,10,P
love,8,P
freedom,7,P
superb,6,P
courteous,6,P
perfectly,5,P
outstanding,5,P
appreciated,4,P
honors,4,P
yummy,3,P
strong,3,P
luckily,3,P
positive,3,P
bonus,2,P
wow,2,P
"""free",2,P
fun,2,P
impressive,2,P
positives,2,P
gorgeous,2,P
happily,2,P
generous,2,P
won,1,P
brilliantly,1,P
great-,1,P
pleasure,1,P
kudos,1,P
appreciative,1,P
peace,1,P
charming,1,P
appreciation,1,P
heavenly,1,P
rescue,1,P
"""magnificent",1,P
merry,1,P
award,1,P
great;,1,P
greatest,1,P
happier,1,P
honored,1,P
reward,1,P
trust,1,P
precious,1,P
fascinating,1,P
blessed,1,P
graciously,1,P
beautifully,1,P
delightful,1,P
cheerful,1,P
heaven,1,P
rich,1,P
gracious,1,P
encourage,1,P
die,34,N
bad,26,N
war,9,N
pain,8,N
worst,7,N
negative,5,N
po',5,N
dead,4,N
horrible,3,N
ugly,2,N
fail,2,N
frustrated,2,N
disgusting,2,N
failed,2,N
terribly,2,N
unprofessional,2,N
disturbing,2,N
lying,2,N
hate,2,N
hurt,1,N
disappointment,1,N
killer,1,N
disaster,1,N
horrific,1,N
dismal,1,N
spite,1,N
pissed,1,N
angry,1,N
agonizingly,1,N
rejected,1,N
illegal,1,N
stealing,1,N
raging,1,N
suffer,1,N
hell,1,N
"pain""",1,N
sin,1,N
