Word,Frq,Category
great,113,P
free,54,P
comfortable,37,P
happy,22,P
excellent,22,P
beautiful,19,P
wonderful,18,P
enjoyed,15,P
perfect,15,P
best,15,P
amazing,14,P
super,12,P
outstanding,12,P
lovely,8,P
pleasant,8,P
delicious,6,P
awesome,6,P
fantastic,6,P
ideal,6,P
loved,5,P
fun,5,P
appreciated,5,P
fabulous,4,P
love,4,P
courteous,4,P
delightful,3,P
bonus,3,P
positive,2,P
perfectly,2,P
happily,2,P
impressive,2,P
generous,2,P
strong,2,P
winner,2,P
enjoying,2,P
yummy,2,P
gorgeous,2,P
wow,2,P
loves,2,P
vibrant,2,P
kind,1,P
lovers,1,P
won,1,P
excellently,1,P
brilliantly,1,P
beautifully,1,P
fascinating,1,P
flawless,1,P
friendliest,1,P
pleasure,1,P
joy,1,P
wonderfully,1,P
kudos,1,P
perfect:,1,P
celebrate,1,P
gracious,1,P
gain,1,P
loyalty,1,P
enjoys,1,P
peacefully,1,P
tops,1,P
sophisticated,1,P
negative,7,N
horrible,2,N
bad,2,N
worst,2,N
hell,1,N
hated,1,N
stressful,1,N
disappointment,1,N
die,1,N
