Word,Frq,Category
comfortable,34,P
great,32,P
free,29,P
excellent,12,P
perfect,10,P
happy,9,P
loved,8,P
best,6,P
wonderful,6,P
amazing,5,P
super,5,P
pleasant,5,P
kind,5,P
enjoyed,4,P
appreciated,3,P
beautiful,3,P
lovely,3,P
fantastic,3,P
love,2,P
yummy,2,P
courteous,2,P
strong,1,P
bonuses,1,P
generous,1,P
superior,1,P
bonus,1,P
great;,1,P
happier,1,P
superb,1,P
pleasure,1,P
happily,1,P
fabulous,1,P
outstanding,1,P
awesome,1,P
free;,1,P
lovely;,1,P
positives:,1,P
gorgeous,1,P
bonus:,1,P
yay,1,P
perfectly,1,P
bad,4,N
killer,1,N
hate,1,N
disaster,1,N
die,1,N
stench,1,N
casualty,1,N
horrific,1,N
doa,1,N
negative,1,N
