Word,Frq,Category
great,46,P
comfortable,26,P
free,21,P
loved,9,P
fun,9,P
love,8,P
awesome,7,P
kind,7,P
enjoyed,5,P
super,5,P
best,4,P
pleasant,4,P
perfect,4,P
ideal,3,P
happy,3,P
wonderful,3,P
courteous,2,P
bliss,2,P
excellent,2,P
lovely,2,P
fantastic,2,P
beautiful,2,P
amazing,2,P
gracious,1,P
heavenly,1,P
wow,1,P
fun;,1,P
joy,1,P
impressive,1,P
strong,1,P
peace,1,P
sexy,1,P
pleasure,1,P
fabulous,1,P
wonderfully,1,P
yay,1,P
bad,5,N
negative,2,N
hate,2,N
horrible,2,N
rotten,1,N
disgust,1,N
sickening,1,N
nasty,1,N
worst,1,N
terribly,1,N
fired,1,N
wicked,1,N
horrified,1,N
angry,1,N
dead,1,N
"""hate",1,N
violently,1,N
fiasco,1,N
ruin,1,N
