Word,Frq,Category
great,40,P
comfortable,15,P
excellent,14,P
beautiful,11,P
best,10,P
pleasant,7,P
enjoyed,7,P
heavenly,6,P
wonderful,6,P
free,6,P
amazing,5,P
loved,5,P
lovely,5,P
perfect,4,P
kind,4,P
love,3,P
awesome,3,P
super,3,P
happy,3,P
fantastic,2,P
positive,2,P
superb,2,P
courteous,2,P
award,2,P
appreciated,2,P
impressive,1,P
bonus,1,P
wonderfully,1,P
perfectly,1,P
excellently,1,P
excels,1,P
sophisticated,1,P
comfortable;,1,P
divine,1,P
yummy,1,P
impressive;,1,P
cheerful,1,P
ideal,1,P
fabulous,1,P
rich,1,P
winning,1,P
outstanding,1,P
delightful,1,P
celebrating,1,P
pleasing,1,P
enjoys,1,P
horrible,3,N
die,3,N
pain,2,N
bad,2,N
hated,1,N
scam,1,N
worst,1,N
neglected,1,N
hate,1,N
disastrous,1,N
disappointment,1,N
