Word,Frq,Category
great,128,P
comfortable,46,P
excellent,35,P
beautiful,27,P
best,27,P
amazing,23,P
wonderful,22,P
enjoyed,16,P
fantastic,16,P
free,15,P
loved,14,P
heavenly,14,P
pleasant,14,P
perfect,13,P
delicious,10,P
super,9,P
love,8,P
kind,8,P
lovely,8,P
happy,8,P
outstanding,7,P
superb,6,P
courteous,6,P
positive,5,P
beautifully,5,P
gorgeous,5,P
perfectly,4,P
awesome,4,P
appreciated,4,P
delightful,4,P
pleasure,4,P
strong,3,P
fun,2,P
cheerful,2,P
winner,2,P
enjoying,2,P
wow,2,P
fabulous,2,P
delight,2,P
appreciation,2,P
praise,2,P
friendliest,1,P
comfortable-,1,P
supremely,1,P
perfection,1,P
justice,1,P
celebrate,1,P
celebrating,1,P
peace,1,P
magnificent,1,P
impressive,1,P
delighted,1,P
magnificently,1,P
heartfelt,1,P
congratulations,1,P
perfecting,1,P
"""heavenly",1,P
wonderfully,1,P
beauty,1,P
vip,1,P
bonus,1,P
sophisticated,1,P
die,14,N
negative,5,N
bad,5,N
war,4,N
disappointment,2,N
horrendous,2,N
frustrated,2,N
horrible,2,N
po',2,N
fail,1,N
ruin,1,N
cheated,1,N
poisoning,1,N
disaster,1,N
stressful,1,N
failure,1,N
worst,1,N
war:,1,N
