Word,Frq,Category
great,371,P
beautiful,133,P
comfortable,120,P
excellent,99,P
best,85,P
loved,75,P
wonderful,73,P
free,68,P
amazing,60,P
fantastic,56,P
perfect,52,P
enjoyed,44,P
lovely,40,P
awesome,31,P
super,29,P
outstanding,28,P
happy,27,P
gorgeous,25,P
love,24,P
fun,24,P
fabulous,22,P
pleasant,22,P
delicious,20,P
magnificent,18,P
positive,14,P
kind,13,P
appreciated,13,P
beautifully,10,P
courteous,9,P
impressive,8,P
superb,8,P
pleasure,7,P
perfectly,7,P
ideal,6,P
wonderfully,5,P
delightful,5,P
celebrate,4,P
superior,4,P
wowed,4,P
honest,4,P
generous,4,P
brilliant,4,P
strong,4,P
enjoying,4,P
vibrant,4,P
gracious,4,P
graciously,3,P
perfection,3,P
wow,3,P
flawless,3,P
charming,3,P
delight,3,P
divine,3,P
sexy,2,P
sophisticated,2,P
winner,2,P
positively,2,P
won,2,P
tops,2,P
perfect;,2,P
encourage,2,P
bonus,2,P
beauty,2,P
rich,2,P
gain,2,P
bonus:,2,P
delight;,1,P
glory,1,P
elated,1,P
vip,1,P
greatest,1,P
perfect:,1,P
cheer,1,P
cheering,1,P
delighted,1,P
heaven,1,P
pleasing,1,P
celebrated,1,P
great;,1,P
glorious,1,P
:d,1,P
happier,1,P
wins,1,P
"""best",1,P
"bliss""",1,P
masterpiece,1,P
excellent-,1,P
praises,1,P
gloriously,1,P
delightfully,1,P
happily,1,P
honour,1,P
bliss,1,P
kudos,1,P
reward,1,P
excels,1,P
congratulations,1,P
celebrating,1,P
pleasurable,1,P
cheerful,1,P
bad,24,N
die,19,N
negative,6,N
disappointment,4,N
war,3,N
nasty,2,N
pain,2,N
horrible,2,N
failed,2,N
ruin,2,N
crisis,2,N
worst,1,N
disturbing,1,N
tragically,1,N
hated,1,N
lousy,1,N
troublesome,1,N
idiot,1,N
neglected,1,N
frustrated,1,N
died,1,N
dead,1,N
painfully,1,N
hell,1,N
ugly,1,N
hurt,1,N
disaster,1,N
