Word,Frq,Category
great,1097,P
comfortable,396,P
excellent,285,P
perfect,233,P
best,209,P
free,179,P
fantastic,161,P
wonderful,140,P
amazing,111,P
lovely,91,P
pleasant,88,P
super,83,P
loved,81,P
enjoyed,72,P
love,65,P
happy,65,P
courteous,58,P
kind,55,P
awesome,54,P
honors,54,P
beautiful,51,P
fabulous,45,P
fun,42,P
liberty,33,P
outstanding,29,P
perfectly,29,P
ideal,28,P
pleasure,27,P
appreciated,26,P
superb,24,P
positive,23,P
celebrate,20,P
delicious,19,P
brilliant,18,P
wow,13,P
gorgeous,11,P
impressive,11,P
celebrating,9,P
luckily,9,P
happily,8,P
peace,8,P
vip,8,P
praise,8,P
delighted,7,P
strong,7,P
reward,7,P
positives,6,P
gracious,6,P
superior,6,P
bonus,6,P
beautifully,5,P
wonderfully,5,P
kudos,5,P
magnificent,5,P
honored,5,P
smiled,5,P
honest,5,P
pleasurable,4,P
loyalty,4,P
graciously,4,P
marvelous,4,P
generous,4,P
charming,4,P
trust,4,P
divine,4,P
friendliest,4,P
gr8,4,P
win,4,P
joy,3,P
celebrated,3,P
rich,3,P
happier,3,P
wowed,3,P
sympathetic,3,P
tops,3,P
enjoying,3,P
freedom,3,P
cheerful,3,P
delight,3,P
remarkable,3,P
enjoyment,3,P
flawless,3,P
delightful,3,P
gain,3,P
heaven,3,P
rescue,2,P
precious,2,P
sophisticated,2,P
greatest,2,P
miracle,2,P
thankful,2,P
wins,2,P
vibrant,2,P
great-,2,P
award,2,P
winning,2,P
encouraging,2,P
comfortable;,2,P
graciousness,2,P
justice,2,P
die,128,N
bad,75,N
war,51,N
negative,48,N
worst,27,N
horrible,25,N
chaos,10,N
disappointment,9,N
sin,8,N
pain,7,N
po',6,N
disgusting,5,N
disaster,4,N
dead,4,N
ugly,4,N
stench,4,N
stressful,3,N
hell,3,N
failed,3,N
criminal,3,N
killer,3,N
sick,2,N
horribly,2,N
panic,2,N
hate,2,N
frustrated,2,N
fail,2,N
angry,2,N
lying,2,N
horrendous,2,N
wicked,2,N
fraud,2,N
negativity,1,N
incompetence,1,N
spite,1,N
tragedy,1,N
"pain""",1,N
wth,1,N
devils,1,N
terribly,1,N
horror,1,N
dreadfully,1,N
nasty,1,N
disgusted,1,N
hurt,1,N
failing,1,N
fiasco,1,N
stupid,1,N
poisoning,1,N
destroy,1,N
violence,1,N
kill,1,N
rudest,1,N
fired,1,N
disturbing,1,N
rejected,1,N
bad:,1,N
snafu,1,N
lousy,1,N
painfully,1,N
sabotage,1,N
ruin,1,N
conspiracy,1,N
cheated,1,N
fuming,1,N
vile,1,N
