Word,Frq,Category
great,45,P
comfortable,22,P
free,11,P
wonderful,6,P
best,6,P
perfect,6,P
beautiful,5,P
super,4,P
pleasant,4,P
kind,4,P
excellent,4,P
positive,3,P
happy,2,P
awesome,2,P
enjoyed,2,P
love,1,P
strong,1,P
delicious,1,P
fun,1,P
sympathetic,1,P
delightful,1,P
loved,1,P
trust,1,P
amazing,1,P
heavenly,1,P
smiled,1,P
fantastic,1,P
appreciated,1,P
outstanding,1,P
lovely,1,P
gracious,1,P
pleasure,1,P
bad,3,N
horrible,3,N
negative,2,N
thief,1,N
disappointment,1,N
war,1,N
po',1,N
