Word,Frq,Category
great,38,P
comfortable,18,P
free,17,P
excellent,11,P
perfect,7,P
best,6,P
loved,5,P
enjoyed,4,P
amazing,4,P
wonderful,4,P
love,4,P
happy,4,P
pleasant,3,P
beautiful,3,P
pleasure,2,P
courteous,2,P
fabulous,2,P
awesome,2,P
appreciated,1,P
trust,1,P
enjoying,1,P
positive,1,P
kudos,1,P
kind,1,P
superb,1,P
super,1,P
fantastic,1,P
outstanding,1,P
vibrant,1,P
sympathetic,1,P
impressive,1,P
negative,2,N
drown,1,N
idiot,1,N
terribly,1,N
disaster,1,N
bad,1,N
unprofessional,1,N
disturbing,1,N
