Word,Frq,Category
great,58,P
comfortable,22,P
free,15,P
loved,14,P
excellent,11,P
wonderful,9,P
enjoyed,9,P
pleasant,7,P
perfect,7,P
best,5,P
fantastic,5,P
super,5,P
amazing,4,P
kind,4,P
beautiful,4,P
happy,4,P
courteous,3,P
honors,3,P
ideal,2,P
gorgeous,2,P
pleasure,2,P
superb,2,P
magnificent,2,P
perfectly,2,P
beautifully,2,P
awesome,2,P
wow,2,P
love,2,P
yummy,1,P
positive,1,P
celebrate,1,P
comfortable-,1,P
great-,1,P
-free,1,P
honest,1,P
enjoying,1,P
great;,1,P
outstanding,1,P
positively,1,P
heaven,1,P
tops,1,P
wonderfully,1,P
bad,5,N
negative,4,N
pain,2,N
horrible,2,N
bad;,1,N
terrified,1,N
frustrated,1,N
disgusting,1,N
disappointment,1,N
failed,1,N
hate,1,N
worst,1,N
