Word,Frq,Category
great,7,P
comfortable,4,P
free,4,P
kind,2,P
positives,2,P
super,2,P
strong,2,P
best,2,P
delight,1,P
friendliest,1,P
smiled,1,P
trust,1,P
thankful,1,P
beloved,1,P
pleasant,1,P
enjoyed,1,P
honored,1,P
love,1,P
wonderful,1,P
luckily,1,P
bad,10,N
worst,5,N
horrible,3,N
nasty,2,N
hell,2,N
disgusting,2,N
unprofessional,1,N
wtf,1,N
lying,1,N
criminal,1,N
hurt,1,N
negative,1,N
death,1,N
disturbing,1,N
horror,1,N
hate,1,N
crime,1,N
sick,1,N
stinking,1,N
fu,1,N
