Word,Frq,Category
great,442,P
comfortable,134,P
best,118,P
amazing,118,P
beautiful,101,P
fun,82,P
super,77,P
loved,75,P
perfect,66,P
fantastic,64,P
excellent,60,P
love,54,P
wonderful,46,P
awesome,43,P
kind,40,P
enjoyed,39,P
lovely,34,P
happy,30,P
fabulous,22,P
free,21,P
pleasure,21,P
pleasant,20,P
gorgeous,19,P
courteous,17,P
perfectly,14,P
beautifully,12,P
sexy,12,P
delicious,11,P
outstanding,10,P
impressive,8,P
ideal,8,P
charming,8,P
celebrate,8,P
appreciated,7,P
sophisticated,7,P
vip,7,P
wow,7,P
peace,6,P
gracious,6,P
gain,5,P
vibrant,5,P
enjoying,5,P
positive,4,P
strong,4,P
won,4,P
brilliant,4,P
magnificent,4,P
happier,4,P
celebrating,4,P
superior,4,P
laugh,3,P
wonderfully,3,P
glamorous,3,P
beauty,3,P
friendliest,3,P
luckily,3,P
superb,3,P
perfection,2,P
remarkable,2,P
successful,2,P
excellence,2,P
generous,2,P
"""beautiful",2,P
heaven,2,P
heavenly,2,P
relaxation,2,P
happily,2,P
appreciation,2,P
kudos,2,P
greatest,2,P
graciously,2,P
brilliantly,2,P
delighted,2,P
success,2,P
marvelous,2,P
encourage,2,P
cleverly,2,P
loving,2,P
pleasurable,2,P
delightful,2,P
trust,2,P
"""love",1,P
smiled,1,P
admired,1,P
beauties,1,P
glamour,1,P
glamorous-,1,P
godsend,1,P
cutest,1,P
positives,1,P
wonderful;,1,P
great:,1,P
yummy,1,P
tops,1,P
:d,1,P
wowed,1,P
'beautiful,1,P
brightest,1,P
enthusiastically,1,P
gratitude,1,P
bad,34,N
die,20,N
worst,15,N
negative,9,N
horrible,9,N
war,6,N
idiot,5,N
hell,5,N
hurt,4,N
unprofessional,4,N
lying,4,N
disgusting,4,N
prison,3,N
suffer,3,N
horribly,3,N
chaos,3,N
disaster,3,N
po',3,N
po,3,N
failing,2,N
sick,2,N
bad:,2,N
crisis,2,N
horrendous,2,N
ugly,2,N
failed,2,N
frustrated,2,N
sin,2,N
dead,1,N
ruin,1,N
rob,1,N
stressful,1,N
terribly,1,N
criminals,1,N
angry,1,N
bad-,1,N
disappointment,1,N
'negative,1,N
irate,1,N
fail,1,N
fearing,1,N
killed,1,N
painfully,1,N
disturbing,1,N
pain,1,N
killer,1,N
insanity,1,N
disgusted,1,N
troublesome,1,N
kill,1,N
stupidest,1,N
disasters:,1,N
neglected,1,N
furious,1,N
irritation,1,N
assault,1,N
hate,1,N
stupid,1,N
tard,1,N
cheated,1,N
insult,1,N
