Word,Frq,Category
great,311,P
free,195,P
comfortable,140,P
excellent,57,P
pleasant,44,P
liberty,41,P
perfect,39,P
kind,32,P
best,32,P
happy,23,P
super,23,P
enjoyed,19,P
loved,19,P
love,17,P
wonderful,17,P
perfectly,14,P
beautiful,14,P
amazing,13,P
appreciated,13,P
fantastic,10,P
lovely,9,P
ideal,9,P
courteous,9,P
positive,8,P
luckily,8,P
strong,8,P
charming,7,P
outstanding,5,P
awesome,5,P
positives,5,P
delicious,4,P
fabulous,4,P
honest,4,P
bonus,4,P
gorgeous,3,P
superior,3,P
happily,3,P
fun,3,P
pleasure,3,P
beautifully,3,P
superb,3,P
greatest,2,P
brilliant,2,P
gracious,2,P
peace,2,P
impressive,2,P
flawless,2,P
friendliest,2,P
vibrant,2,P
wow,2,P
rich,2,P
positively,2,P
enjoying,2,P
helpfully,2,P
honored,2,P
excellent;,1,P
excellently,1,P
excellence,1,P
kudos,1,P
bottles positive,1,P
free;,1,P
"""free",1,P
reward,1,P
gain,1,P
confidence,1,P
splendid,1,P
encourage,1,P
won,1,P
win,1,P
vip,1,P
pleasing,1,P
relaxation,1,P
generous,1,P
delightful,1,P
enjoyed:,1,P
celebrate,1,P
cheerful,1,P
loves,1,P
success,1,P
positives:,1,P
enjoys,1,P
heavenly,1,P
justice,1,P
yummy,1,P
free:,1,P
pleasant;,1,P
"""won",1,P
"won""",1,P
delight,1,P
heaven,1,P
trust,1,P
great-,1,P
hopeful,1,P
bad,41,N
die,39,N
war,31,N
negative,20,N
worst,13,N
horrible,9,N
terribly,6,N
unprofessional,6,N
sin,4,N
lying,3,N
pain,3,N
disappointment,2,N
crappy,2,N
crime,2,N
death,2,N
angry,2,N
nasty,2,N
ugly,2,N
frustrated,2,N
ruin,2,N
failed,2,N
po,2,N
degrading,1,N
dismal,1,N
kill,1,N
horrors,1,N
obnoxiously,1,N
dumb,1,N
violent,1,N
failure,1,N
terrifying,1,N
threatening,1,N
hated,1,N
disgusting,1,N
riot,1,N
abusive,1,N
enemy,1,N
ugly:,1,N
disturbing,1,N
wars,1,N
hate,1,N
hell,1,N
drowned,1,N
prison,1,N
terror,1,N
dreading,1,N
stupid,1,N
disaster,1,N
travesty,1,N
horribly,1,N
