Word,Frq,Category
great,261,P
free,154,P
comfortable,109,P
best,47,P
perfect,40,P
excellent,39,P
loved,32,P
super,32,P
happy,27,P
kind,26,P
enjoyed,26,P
pleasant,25,P
perfectly,19,P
love,17,P
liberty,17,P
wonderful,16,P
fantastic,16,P
courteous,12,P
awesome,12,P
amazing,10,P
appreciated,9,P
ideal,9,P
fabulous,9,P
lovely,8,P
beautiful,8,P
bonus,8,P
positive,8,P
pleasure,5,P
delicious,5,P
superior,5,P
superb,4,P
brilliant,4,P
fun,3,P
wow,3,P
cheerful,3,P
trust,3,P
happily,3,P
kudos,2,P
graciously,2,P
strong,2,P
wonderfully,2,P
won,2,P
luckily,2,P
honest,2,P
romance,2,P
positives,2,P
yummy,2,P
outstanding,1,P
vibrant,1,P
celebrate,1,P
beautifully,1,P
happier,1,P
charming,1,P
success,1,P
energized,1,P
remarkable,1,P
bonuses:,1,P
glorified,1,P
masterpiece,1,P
heavenly,1,P
sophisticated,1,P
yay,1,P
pleasing,1,P
miracle,1,P
peace,1,P
enjoying,1,P
impressive,1,P
justice,1,P
greatest,1,P
confidence,1,P
supremely,1,P
flawless,1,P
die,56,N
bad,25,N
war,24,N
dead,11,N
horrible,10,N
negative,7,N
pain,4,N
lying,3,N
nasty,3,N
hate,3,N
failed,3,N
disappointment,3,N
disturbing,2,N
crappy,2,N
worst,2,N
horribly,2,N
chaos,2,N
po',2,N
disaster,1,N
spite,1,N
lousy,1,N
ugly-,1,N
painfully,1,N
stressful,1,N
suffer,1,N
horrified,1,N
prison,1,N
troublesome,1,N
fiasco,1,N
neglected,1,N
scam,1,N
fail,1,N
angry,1,N
death,1,N
fired,1,N
murder,1,N
dumb,1,N
terribly,1,N
hated,1,N
po,1,N
wicked,1,N
ban,1,N
violence,1,N
sin,1,N
ugly,1,N
