Word,Frq,Category
great,156,P
excellent,50,P
comfortable,49,P
perfect,41,P
free,40,P
super,35,P
best,30,P
lovely,18,P
ideal,16,P
pleasant,15,P
fantastic,13,P
wonderful,12,P
perfectly,12,P
kind,11,P
happy,11,P
amazing,11,P
beautiful,9,P
loved,8,P
enjoyed,8,P
positive,7,P
love,6,P
bonus,6,P
courteous,5,P
appreciated,4,P
wonderfully,4,P
fun,4,P
superb,4,P
fabulous,4,P
trust,3,P
strong,3,P
brilliant,3,P
enjoying,3,P
liberty,3,P
laugh,3,P
awesome,3,P
reward,2,P
beautifully,2,P
appreciation,2,P
cheerful,2,P
wow,2,P
peace,2,P
great:,2,P
joy,2,P
vibrant,1,P
rich,1,P
overjoyed,1,P
won,1,P
charming,1,P
prize,1,P
excels,1,P
bonuses,1,P
happily,1,P
outstanding,1,P
winner,1,P
gracious,1,P
admired,1,P
yummy,1,P
comfortable-,1,P
tops,1,P
pleasure,1,P
godsend,1,P
gorgeous,1,P
delicious,1,P
generous,1,P
honored,1,P
"""best",1,P
award,1,P
fantastic;,1,P
honour,1,P
adventuring,1,P
honest,1,P
brave,1,P
miracle,1,P
celebrating,1,P
positive:,1,P
heaven,1,P
encourage,1,P
luckily,1,P
die,283,N
war,112,N
bad,70,N
worst,19,N
horrible,11,N
negative,10,N
disgusting,8,N
sin,6,N
nasty,5,N
pain,5,N
killed,5,N
po',5,N
hell,4,N
hated,3,N
sick,3,N
hurt,3,N
dead,3,N
enemy,2,N
stressful,2,N
dishonest,2,N
frustrated,2,N
hate,2,N
terrified,2,N
ruin,2,N
nastiest,2,N
unprofessional,2,N
tard,2,N
poorest,1,N
terribly,1,N
wicked,1,N
unhappiest,1,N
prison,1,N
angry,1,N
failed,1,N
grim,1,N
rudest,1,N
thieves,1,N
incompetence,1,N
pathetic,1,N
offending,1,N
terrifying,1,N
crappy,1,N
dumb,1,N
murder,1,N
stench,1,N
horrified,1,N
ugly,1,N
harming,1,N
disaster,1,N
fuming,1,N
crime,1,N
dreading,1,N
killer,1,N
lying,1,N
