Word,Frq,Category
great,78,P
free,69,P
comfortable,52,P
best,15,P
perfect,12,P
pleasant,10,P
kind,9,P
enjoyed,9,P
wonderful,8,P
excellent,8,P
happy,8,P
courteous,6,P
super,6,P
strong,5,P
positive,5,P
fun,4,P
lovely,4,P
ideal,4,P
appreciated,4,P
amazing,3,P
laugh,2,P
charming,2,P
fabulous,2,P
love,2,P
bonus,2,P
honest,2,P
awesome,2,P
generous,2,P
pleasure,1,P
delightful,1,P
"""best",1,P
friendliest,1,P
positive:,1,P
overjoyed,1,P
fantastic,1,P
happily,1,P
praise,1,P
glamour,1,P
positively,1,P
win,1,P
beauty,1,P
comfortable;,1,P
prettiest,1,P
great-,1,P
cheerful,1,P
yummy,1,P
perfectly,1,P
beautiful,1,P
graciously,1,P
war,22,N
die,20,N
bad,17,N
negative,5,N
disgusting,4,N
horrible,3,N
worst,3,N
nasty,2,N
crappy,2,N
dead,2,N
disaster,1,N
hell,1,N
hurt,1,N
stressful,1,N
drown,1,N
unprofessional,1,N
sick,1,N
dirtiest,1,N
drowned,1,N
horrified,1,N
spite,1,N
failed,1,N
stealing,1,N
