Word,Frq,Category
great,31,P
perfect,10,P
best,10,P
comfortable,8,P
kind,5,P
excellent,5,P
free,4,P
courteous,4,P
fun,3,P
pleasant,3,P
wonderful,3,P
perfectly,2,P
trust,2,P
love,2,P
superior,2,P
brave,2,P
delightful,1,P
super,1,P
wow,1,P
amazing,1,P
encourage,1,P
appreciated,1,P
splendid,1,P
beautiful,1,P
luckily,1,P
honest,1,P
outstanding;,1,P
comfortable;,1,P
happy,1,P
positive,1,P
bad,14,N
die,6,N
horrible,5,N
war,5,N
worst,4,N
dead,3,N
disgusting,3,N
failed,2,N
abused,1,N
lying,1,N
panic,1,N
torture,1,N
unprofessional,1,N
crappy,1,N
horrific,1,N
nasty,1,N
stench,1,N
horrible-,1,N
weakest,1,N
hurt,1,N
hated,1,N
incompetence,1,N
bad:,1,N
disaster,1,N
