Word,Frq,Category
great,150,P
free,113,P
comfortable,75,P
excellent,41,P
best,36,P
enjoyed,22,P
pleasant,22,P
beautiful,22,P
wonderful,20,P
happy,15,P
fun,15,P
perfect,12,P
lovely,12,P
love,10,P
loved,10,P
amazing,10,P
fantastic,10,P
awesome,8,P
courteous,7,P
ideal,6,P
super,6,P
kind,6,P
liberty,6,P
delicious,5,P
appreciated,5,P
kudos,4,P
outstanding,4,P
bonus,4,P
fabulous,4,P
luckily,3,P
impressive,2,P
honored,2,P
pleasure,2,P
gorgeous,2,P
perfectly,2,P
strong,2,P
"free""",2,P
loyalty,1,P
positives,1,P
honour,1,P
admirable,1,P
enjoying,1,P
wow,1,P
reward,1,P
wonderfully,1,P
-awesome,1,P
cheer,1,P
superb,1,P
friendliest,1,P
peace,1,P
honest,1,P
trust,1,P
delight,1,P
heaven;,1,P
heavenly,1,P
woohoo,1,P
praise,1,P
delighted,1,P
beauty,1,P
tops,1,P
enjoys,1,P
brightening,1,P
positive,1,P
superior,1,P
bad,19,N
negative,7,N
die,6,N
worst,5,N
fail,2,N
dead,2,N
disturbing,2,N
hell,2,N
horrible,2,N
angry,2,N
crappy,1,N
rob,1,N
fired,1,N
hated,1,N
spite,1,N
disappointment,1,N
failed,1,N
stealing,1,N
pathetic,1,N
illegal,1,N
criminals,1,N
horribly,1,N
ugly,1,N
disasters,1,N
war,1,N
