Word,Frq,Category
great,387,P
comfortable,184,P
free,161,P
beautiful,109,P
excellent,103,P
best,73,P
wonderful,55,P
lovely,54,P
pleasant,53,P
enjoyed,50,P
loved,47,P
happy,38,P
kind,33,P
fantastic,31,P
perfect,30,P
love,28,P
super,19,P
amazing,18,P
charming,18,P
fun,17,P
positive,16,P
courteous,15,P
appreciated,14,P
perfectly,12,P
awesome,12,P
fabulous,12,P
delicious,11,P
ideal,10,P
outstanding,10,P
gorgeous,9,P
beautifully,9,P
impressive,9,P
strong,7,P
superb,6,P
reward,6,P
pleasure,5,P
superior,5,P
bonus,5,P
wow,5,P
delightful,4,P
happily,4,P
gracious,4,P
sophisticated,4,P
luckily,4,P
cheerful,3,P
relaxation,3,P
generous,3,P
greatest,3,P
kudos,3,P
peace,3,P
thankful,2,P
rescue,2,P
honest,2,P
heavenly,2,P
brilliant,2,P
graciously,2,P
magnificent,2,P
enjoying,2,P
beauty,2,P
honored,2,P
sympathetic,2,P
delighted,2,P
winning,2,P
happier,1,P
elated,1,P
bonus:,1,P
grandeur,1,P
encourage,1,P
loyalty,1,P
humorously,1,P
beautiful;,1,P
cheer,1,P
delight,1,P
admirable,1,P
loves,1,P
blessed,1,P
great;,1,P
excellence,1,P
masterpieces,1,P
pleasing,1,P
tops,1,P
divine,1,P
positives:,1,P
won,1,P
wow-,1,P
best;,1,P
win,1,P
admired,1,P
wonderfully,1,P
vibrant,1,P
paradise,1,P
supremely,1,P
loving,1,P
great-,1,P
darling,1,P
celebrated,1,P
magnificently,1,P
remarkable,1,P
trust,1,P
proudly,1,P
bad,70,N
die,26,N
worst,21,N
negative,15,N
horrible,14,N
disappointment,10,N
war,9,N
terribly,7,N
frustrated,7,N
hate,7,N
sick,6,N
lousy,5,N
pain,4,N
nasty,4,N
disaster,4,N
dead,3,N
disgusting,3,N
angry,3,N
kill,2,N
insult,2,N
furious,2,N
stupid,2,N
irritation,2,N
failed,2,N
pissed,2,N
crappy,2,N
horribly,2,N
chaos,2,N
horrified,2,N
ugly,1,N
curse,1,N
vile,1,N
horrific,1,N
petrified,1,N
irate,1,N
humiliation,1,N
evil,1,N
horrendous,1,N
death,1,N
excruciatingly,1,N
weakest,1,N
depression,1,N
scam,1,N
lying,1,N
drowned,1,N
cancer,1,N
stench,1,N
terrorist,1,N
crime,1,N
brutal,1,N
criminal,1,N
rotten,1,N
rudest,1,N
idiotic,1,N
depressed,1,N
dreaded,1,N
killed,1,N
unhealthy,1,N
drown,1,N
dismal,1,N
stressful,1,N
disturbing,1,N
died,1,N
angered,1,N
agonizing,1,N
panic,1,N
dumb,1,N
snafu,1,N
disgust,1,N
killer,1,N
danger,1,N
terrorists,1,N
violently,1,N
bad:,1,N
sin,1,N
