Word,Frq,Category
free,27,P
great,19,P
beautiful,6,P
comfortable,6,P
best,5,P
excellent,5,P
wonderful,4,P
enjoyed,3,P
bonus,3,P
lovely,2,P
fantastic,2,P
positive,2,P
outstanding,2,P
perfectly,2,P
super,1,P
amazing,1,P
delight,1,P
pleasure,1,P
cheerful,1,P
honest,1,P
appreciation,1,P
appreciated,1,P
happy,1,P
wow,1,P
love,1,P
perfect,1,P
enjoying,1,P
flawless,1,P
courteous,1,P
loyalty,1,P
pleasurable,1,P
impressive,1,P
lifesaver,1,P
pleasant,1,P
bad,2,N
tragedy,1,N
destroy,1,N
suffer,1,N
pathetic,1,N
