Word,Frq,Category
free,64,P
great,56,P
comfortable,38,P
pleasant,13,P
best,12,P
excellent,9,P
kind,8,P
happy,7,P
courteous,5,P
super,5,P
perfect,4,P
positive,4,P
love,4,P
perfectly,3,P
fantastic,3,P
outstanding,2,P
cheery,2,P
wonderful,2,P
strong,2,P
loved,2,P
impressive,2,P
cheerful,2,P
friendliest,2,P
delightful,2,P
amazing,2,P
wow,2,P
lovely,1,P
confidence,1,P
delicious,1,P
positively,1,P
winning,1,P
funniest,1,P
yummy,1,P
enjoyed,1,P
comfortable;,1,P
thankful,1,P
sophisticated,1,P
fun,1,P
luckily,1,P
helpfully,1,P
happily,1,P
happier,1,P
greatest,1,P
bliss,1,P
won,1,P
win,1,P
fabulous,1,P
cheering,1,P
"""free",1,P
appreciated,1,P
bad,20,N
negative,5,N
worst,5,N
horrible,5,N
die,5,N
nasty,3,N
disappointment,3,N
hate,3,N
war,3,N
unprofessional,2,N
neglected,2,N
insult,2,N
distress,1,N
horrified,1,N
disgusting,1,N
kill,1,N
death,1,N
trapped,1,N
terribly,1,N
pathetic,1,N
idiot,1,N
"fail""",1,N
devastating,1,N
fired,1,N
fail,1,N
terrified,1,N
chaos,1,N
crappy,1,N
failing,1,N
killing,1,N
disaster,1,N
fatal,1,N
sick,1,N
frustrated,1,N
disgusted,1,N
liar,1,N
laziest,1,N
painfully,1,N
killed,1,N
