Word,Frq,Category
great,58,P
comfortable,34,P
best,25,P
pleasant,14,P
free,12,P
excellent,12,P
enjoyed,10,P
kind,10,P
perfect,9,P
wonderful,8,P
amazing,6,P
fantastic,4,P
super,4,P
awesome,4,P
courteous,4,P
lovely,3,P
positive,3,P
loved,3,P
happy,3,P
happier,2,P
beautiful,2,P
luckily,2,P
wow,2,P
"""free",2,P
peace,2,P
outstanding,2,P
pleasure,2,P
ideal,2,P
greatest,1,P
celebrate,1,P
appreciative,1,P
precious,1,P
superb,1,P
perfectly,1,P
bonuses,1,P
brilliant,1,P
funniest,1,P
strong,1,P
impressive,1,P
success,1,P
"""best",1,P
jolly,1,P
successful,1,P
love,1,P
complimenting,1,P
bad,29,N
horrible,11,N
worst,11,N
negative,5,N
die,5,N
dead,3,N
lying,3,N
unprofessional,3,N
wtf,2,N
sick,2,N
ugly,2,N
scam,2,N
disgusting,2,N
war,2,N
fail,1,N
enemy,1,N
pain,1,N
horror,1,N
fired,1,N
liar,1,N
fiasco,1,N
nasty,1,N
thieves,1,N
disgusted,1,N
harassing,1,N
frustrated,1,N
hell,1,N
horrified,1,N
crappy,1,N
stench,1,N
disturbing,1,N
failed,1,N
disaster,1,N
disappointment,1,N
