Word,Frq,Category
great,56,P
comfortable,21,P
excellent,19,P
perfect,18,P
best,17,P
wonderful,14,P
pleasant,11,P
enjoyed,10,P
loved,10,P
lovely,10,P
charming,10,P
free,9,P
fabulous,9,P
beautiful,8,P
fantastic,8,P
amazing,5,P
fun,5,P
love,5,P
delicious,5,P
perfectly,5,P
beautifully,4,P
freedom,4,P
delightful,3,P
happy,3,P
super,3,P
liberty,2,P
joy,2,P
bonus,2,P
ideal,2,P
courteous,2,P
excellent:,2,P
heaven,2,P
superb,2,P
happier,1,P
positive,1,P
wisdom,1,P
brilliant,1,P
awesome,1,P
outstanding,1,P
luckily,1,P
kind,1,P
wow,1,P
great-,1,P
lovely-,1,P
cleverly,1,P
prettiest,1,P
marvelous,1,P
pleasure,1,P
enjoying,1,P
gorgeous,1,P
happily,1,P
appreciated,1,P
precious,1,P
splendid,1,P
bad,3,N
horrible,2,N
hate,1,N
negative,1,N
rudest,1,N
sick,1,N
ruin,1,N
crappy,1,N
die,1,N
terribly,1,N
dead,1,N
prison,1,N
