Word,Frq,Category
free,100,P
great,63,P
comfortable,27,P
best,10,P
excellent,9,P
enjoyed,7,P
pleasant,7,P
happy,6,P
wonderful,6,P
ideal,5,P
kind,5,P
fun,5,P
super,5,P
bonus,4,P
delicious,3,P
kudos,3,P
perfectly,3,P
loved,3,P
courteous,3,P
perfect,2,P
amazing,2,P
freedom,2,P
awesome,2,P
lovely,2,P
won,2,P
greatest,2,P
fantastic,2,P
great-,2,P
appreciated,1,P
"""free",1,P
wins,1,P
pleasure,1,P
strong,1,P
cheered,1,P
enjoying,1,P
beautiful,1,P
trust,1,P
praises,1,P
lifesaver,1,P
thankful,1,P
outstanding,1,P
win,1,P
luckily,1,P
cheery,1,P
fabulous,1,P
heavenly,1,P
joy,1,P
yummy,1,P
loves,1,P
positive,1,P
honour,1,P
:d,1,P
brave,1,P
pleasing,1,P
bad,14,N
die,13,N
war,10,N
worst,5,N
pain,3,N
horrible,3,N
po',2,N
poison,1,N
terrifying,1,N
unprofessional,1,N
stressful,1,N
bad:,1,N
ugly:,1,N
negative,1,N
lying,1,N
liar,1,N
thief,1,N
angry,1,N
drowned,1,N
po,1,N
hell,1,N
