Word,Frq,Category
great,604,P
comfortable,262,P
free,220,P
excellent,178,P
lovely,106,P
best,105,P
perfect,93,P
wonderful,83,P
fantastic,70,P
loved,69,P
pleasant,63,P
super,62,P
happy,58,P
enjoyed,52,P
amazing,48,P
beautiful,46,P
courteous,43,P
appreciated,34,P
kind,30,P
perfectly,27,P
ideal,25,P
love,25,P
superior,22,P
positive,21,P
fabulous,19,P
beautifully,19,P
outstanding,17,P
awesome,16,P
brilliant,16,P
fun,15,P
charming,14,P
bonus,12,P
superb,12,P
pleasure,9,P
gorgeous,9,P
impressive,9,P
delightful,9,P
celebrate,8,P
wow,7,P
liberty,7,P
generous,7,P
yummy,7,P
delicious,6,P
positives,5,P
happily,5,P
enjoying,4,P
gracious,4,P
wonderfully,4,P
happier,4,P
cheerful,3,P
strong,3,P
heaven,3,P
brilliantly,3,P
win,3,P
sophisticated,3,P
pleasing,3,P
luckily,3,P
praise,3,P
delighted,3,P
joy,3,P
great-,3,P
greatest,2,P
honest,2,P
kudos,2,P
peace,2,P
delight,2,P
positives:,2,P
laugh,2,P
comfortable;,2,P
winner,2,P
perfection,2,P
heavenly,2,P
lover,2,P
trust,2,P
won,2,P
excellently,2,P
inspire,1,P
flawless,1,P
wonderful:,1,P
-outstanding,1,P
celebrating,1,P
hurrah,1,P
heartfelt,1,P
congratulations,1,P
pleasurable,1,P
fantastic;,1,P
tops,1,P
sexy,1,P
beauty,1,P
marvelous,1,P
wins,1,P
supreme,1,P
positive:,1,P
friendliest,1,P
"""free",1,P
rescue,1,P
"""heavenly",1,P
'super,1,P
'happy,1,P
:awesome,1,P
die,165,N
war,85,N
bad,64,N
negative,24,N
hate,9,N
po',9,N
pain,8,N
sin,8,N
dead,7,N
disappointment,5,N
worst,5,N
unprofessional,4,N
horrible,4,N
ruin,2,N
hated,2,N
sick,2,N
hell,2,N
crisis,2,N
ugly,2,N
disgusting,2,N
terribly,2,N
disaster,1,N
failing,1,N
fiasco,1,N
killer,1,N
drown,1,N
stressful,1,N
disturbing,1,N
horrified,1,N
failure,1,N
doa,1,N
spite,1,N
threat,1,N
enemy,1,N
negativity,1,N
wicked,1,N
horrific,1,N
'dead,1,N
thieves,1,N
harassing,1,N
frustrated,1,N
angers,1,N
horror,1,N
chaos,1,N
killed,1,N
disappointment;,1,N
stupid,1,N
kill,1,N
regrettable,1,N
dick,1,N
po,1,N
