Word,Frq,Category
great,111,P
comfortable,52,P
free,39,P
excellent,24,P
enjoyed,20,P
pleasant,20,P
best,18,P
wonderful,15,P
love,14,P
kind,13,P
perfect,11,P
super,11,P
fun,9,P
awesome,9,P
happy,9,P
lovely,7,P
delicious,7,P
generous,7,P
loved,5,P
beautiful,5,P
amazing,4,P
charming,4,P
perfectly,4,P
fantastic,4,P
outstanding,3,P
cheerful,3,P
courteous,3,P
strong,3,P
ideal,2,P
bonus,2,P
fascinating,2,P
heaven,2,P
gorgeous,2,P
impressive,2,P
happily,2,P
award,1,P
delight,1,P
sophisticated,1,P
delectable,1,P
fantastic-,1,P
happier,1,P
glamorous,1,P
wonderfully,1,P
vibrant,1,P
cheer,1,P
appreciated,1,P
remarkable,1,P
positives,1,P
graciously,1,P
precious,1,P
positive,1,P
revered,1,P
lovers,1,P
loving,1,P
inspire,1,P
positively,1,P
delighted,1,P
gracious,1,P
trustworthy,1,P
won,1,P
win,1,P
paradise,1,P
pleasure,1,P
tops,1,P
lover,1,P
luckily,1,P
wow,1,P
bad,22,N
negative,8,N
worst,6,N
dead,3,N
war,3,N
disappointment,2,N
die,2,N
criminal,1,N
stealing,1,N
bad:,1,N
violations,1,N
illegal,1,N
crappy,1,N
hate,1,N
frustrated,1,N
horrible,1,N
sick,1,N
dreading,1,N
death,1,N
stench,1,N
pain,1,N
drown,1,N
hated,1,N
threatening,1,N
sin,1,N
tard,1,N
