Word,Frq,Category
great,52,P
best,19,P
free,16,P
comfortable,16,P
loved,15,P
lovely,14,P
excellent,11,P
wonderful,10,P
beautiful,9,P
perfect,8,P
gorgeous,8,P
pleasant,7,P
happy,5,P
amazing,4,P
fantastic,4,P
love,4,P
enjoyed,4,P
awesome,3,P
outstanding,2,P
honest,2,P
perfectly,2,P
kind,2,P
glamour,2,P
superior,2,P
strong,2,P
delight,2,P
courteous,2,P
gorgeously,1,P
pleasure,1,P
celebrate,1,P
super,1,P
joy,1,P
ecstatic,1,P
peace,1,P
peacefully,1,P
smiled,1,P
beautifully,1,P
charming,1,P
rescue,1,P
gracious,1,P
trust,1,P
glamorous,1,P
enjoying,1,P
positive,1,P
fabulous,1,P
positives,1,P
justice,1,P
positiver,1,P
bad,8,N
die,5,N
po',4,N
sin,3,N
disappointment,2,N
insulted,2,N
hate,2,N
nasty,1,N
died,1,N
suicide,1,N
crime,1,N
neglected,1,N
irritant,1,N
death,1,N
spite,1,N
drown,1,N
torture,1,N
lousy,1,N
dumb,1,N
negative,1,N
painfully,1,N
dishonest,1,N
ruin,1,N
sick,1,N
pathetic,1,N
worst,1,N
disturbing,1,N
bad;,1,N
war,1,N
