Word,Frq,Category
great,32,P
best,13,P
comfortable,13,P
excellent,11,P
free,10,P
wonderful,4,P
superior,3,P
enjoyed,2,P
appreciated,2,P
super,2,P
happy,2,P
awesome,2,P
strong,2,P
courteous,1,P
perfectly,1,P
amazing,1,P
flawless,1,P
delighted,1,P
fantastic,1,P
pleasant,1,P
vip,1,P
outstanding,1,P
perfect,1,P
delicious,1,P
luckily,1,P
celebrate,1,P
lovely,1,P
tops,1,P
positive,1,P
impressive,1,P
bad,4,N
disgusted,2,N
dead,2,N
sin,2,N
die,2,N
horrible,1,N
devil,1,N
nasty,1,N
pain,1,N
sick,1,N
frustrated,1,N
negative,1,N
disgusting,1,N
failed,1,N
