Word,Frq,Category
great,45,P
free,26,P
comfortable,17,P
best,14,P
excellent,11,P
happy,7,P
wonderful,5,P
perfect,4,P
pleasant,3,P
super,3,P
kind,3,P
loved,3,P
courteous,2,P
honors,2,P
generous,2,P
enjoyed,2,P
love,2,P
pleasure,2,P
"honors""",1,P
delighted,1,P
impressive,1,P
awesome,1,P
fun,1,P
wow,1,P
delicious,1,P
yummy,1,P
heavenly,1,P
divine,1,P
ideal,1,P
bad,7,N
negative,2,N
pain,2,N
worst,2,N
nasty,1,N
dishonest,1,N
disturbing,1,N
crappy,1,N
cancer,1,N
grim,1,N
disappointment,1,N
sin,1,N
