Word,Frq,Category
great,81,P
comfortable,64,P
free,56,P
excellent,16,P
best,14,P
kind,14,P
pleasant,12,P
enjoyed,11,P
appreciated,9,P
super,8,P
happy,8,P
bonus,8,P
awesome,6,P
loved,6,P
fantastic,5,P
fun,4,P
courteous,4,P
lovely,4,P
perfectly,4,P
wonderful,3,P
perfect,3,P
fabulous,3,P
vip,2,P
amazing,2,P
love,2,P
won,2,P
wow,2,P
tops,2,P
successful,2,P
brilliant,2,P
positive,2,P
delicious,2,P
greatest,2,P
justice;,1,P
happiness,1,P
"awesome""",1,P
praise,1,P
ideal,1,P
precious,1,P
pleasure,1,P
"""free",1,P
generous,1,P
luckily,1,P
positives:,1,P
positively,1,P
celebrate,1,P
graciously,1,P
cheerful,1,P
wow-,1,P
trust,1,P
happily,1,P
beautiful,1,P
freedom,1,P
outstanding,1,P
positives,1,P
excellent;,1,P
strong,1,P
delight,1,P
'free,1,P
beautifully,1,P
encourage,1,P
bad,19,N
die,16,N
war,9,N
worst,3,N
hate,2,N
horrible,2,N
panic,1,N
horribly,1,N
fail,1,N
horrendous;,1,N
failed,1,N
lousy,1,N
cheated,1,N
troublesome,1,N
disaster,1,N
negative,1,N
