Word,Frq,Category
great,42,P
free,19,P
comfortable,16,P
excellent,9,P
best,8,P
loved,8,P
enjoyed,7,P
pleasant,7,P
love,5,P
happy,4,P
courteous,3,P
delicious,3,P
perfect,3,P
perfectly,3,P
fun,3,P
wonderful,3,P
super,2,P
awesome,2,P
cheerful,2,P
kind,2,P
happily,2,P
positive,2,P
amazing,2,P
fantastic,2,P
ideal,2,P
luckily,1,P
outstanding,1,P
delightful,1,P
lovely,1,P
magnificent,1,P
peace,1,P
thankful,1,P
strong,1,P
appreciated,1,P
entertainments,1,P
tops,1,P
fabulous,1,P
laugh,1,P
pleasure,1,P
yummy,1,P
excellence,1,P
heavenly,1,P
bad,3,N
negative,3,N
die,3,N
war,2,N
sick,1,N
bad;,1,N
threatening,1,N
fiasco,1,N
frustrated,1,N
hate,1,N
stupid,1,N
hurt,1,N
spite,1,N
terribly,1,N
failed,1,N
