Word,Frq,Category
great,30,P
comfortable,19,P
free,18,P
best,8,P
perfect,8,P
pleasant,7,P
lovely,5,P
enjoyed,5,P
happy,4,P
appreciated,4,P
courteous,3,P
super,3,P
excellent,3,P
kind,3,P
fantastic,3,P
delightful,2,P
awesome,2,P
amazing,2,P
pleasure,2,P
positive,2,P
outstanding,1,P
"happy""",1,P
gracious,1,P
wonderful,1,P
love,1,P
beautiful,1,P
bonus,1,P
luckily,1,P
perfectly,1,P
gratitude,1,P
loved,1,P
wonderfully,1,P
wow,1,P
delicious,1,P
bad,3,N
negative,2,N
disappointment,1,N
hate,1,N
irritation,1,N
worst,1,N
disturbing,1,N
war,1,N
die,1,N
