Word,Frq,Category
great,35,P
free,34,P
comfortable,32,P
loved,10,P
best,9,P
excellent,8,P
enjoyed,5,P
love,4,P
wonderful,4,P
fantastic,3,P
generous,3,P
strong,2,P
amazing,2,P
impressive,2,P
delicious,2,P
kind,2,P
awesome,2,P
great-,1,P
superior,1,P
happy,1,P
success,1,P
friendliest,1,P
flawless,1,P
courteous,1,P
perfect,1,P
lovely,1,P
pleasing,1,P
pleasant,1,P
cleverly,1,P
fabulous,1,P
ideal,1,P
justice,1,P
"""free",1,P
beautifully,1,P
outstanding,1,P
super,1,P
bad,7,N
worst,4,N
horrible,2,N
negative,2,N
bad:,1,N
panic,1,N
suckers,1,N
hate,1,N
lying,1,N
disappointment,1,N
disgusting,1,N
ugly,1,N
horrendous,1,N
horrific,1,N
