Word,Frq,Category
great,22,P
comfortable,16,P
free,14,P
loved,4,P
excellent,4,P
pleasant,4,P
perfectly,3,P
best,3,P
love,2,P
pleasure,2,P
wonderful,2,P
kind,2,P
enjoying,2,P
positive,2,P
delicious,2,P
happy,2,P
heroine,1,P
appreciated,1,P
smiled,1,P
super,1,P
brave,1,P
impressive,1,P
beautiful,1,P
bonus,1,P
fantastic,1,P
perfect,1,P
honored,1,P
lovely,1,P
fabulous,1,P
courteous,1,P
luckily,1,P
strong,1,P
fun,1,P
bad,8,N
worst,8,N
horrible,4,N
nasty,3,N
ruin,2,N
spite,2,N
dead,1,N
stench,1,N
condemnation,1,N
horribly,1,N
choke,1,N
negative:,1,N
panic,1,N
irritation,1,N
