Word,Frq,Category
great,90,P
comfortable,29,P
free,26,P
excellent,24,P
best,21,P
beautiful,19,P
wonderful,12,P
perfect,11,P
love,9,P
loved,9,P
enjoyed,8,P
outstanding,8,P
fantastic,7,P
pleasant,7,P
delicious,6,P
amazing,5,P
lovely,4,P
romance,4,P
super,4,P
beautifully,3,P
fun,3,P
fabulous,3,P
awesome,3,P
kind,3,P
honors,3,P
rich,2,P
strong,2,P
smiled,2,P
happy,2,P
perfectly,2,P
appreciated,2,P
gain,2,P
ideal,2,P
gorgeous,2,P
success,1,P
pleasing,1,P
yummy,1,P
congratulations,1,P
reward,1,P
admirably,1,P
flawless,1,P
freedom,1,P
bonus,1,P
vip,1,P
amazement,1,P
celebrated,1,P
luckily,1,P
gracious,1,P
pleasure,1,P
bad,5,N
worst,2,N
disappointment,2,N
terribly,2,N
crisis,1,N
angry,1,N
kill,1,N
idiot,1,N
insult,1,N
hate,1,N
poisoning,1,N
sick,1,N
pain,1,N
negative,1,N
pissed,1,N
horrible,1,N
ugly,1,N
