Word,Frq,Category
great,66,P
comfortable,29,P
free,26,P
excellent,11,P
pleasant,9,P
best,9,P
wonderful,8,P
enjoyed,6,P
perfect,5,P
courteous,5,P
happy,4,P
loved,4,P
super,3,P
amazing,3,P
strong,2,P
pleasure,2,P
beautiful,2,P
lovely,2,P
delicious,2,P
outstanding,2,P
kind,2,P
awesome,2,P
ideal,2,P
cheerful,2,P
friendliest,1,P
loyalty,1,P
love,1,P
perfectly,1,P
enjoying,1,P
fun,1,P
sympathetic,1,P
excellent-,1,P
win,1,P
won,1,P
enjoyed;,1,P
bad,3,N
dead,2,N
disappointment,2,N
lousy,2,N
hate,1,N
negative,1,N
worst,1,N
stench,1,N
horrible,1,N
nasty,1,N
disaster,1,N
stressful,1,N
neglected,1,N
