Word,Frq,Category
comfortable,23,P
great,20,P
free,19,P
excellent,7,P
courteous,4,P
wonderful,4,P
loved,4,P
pleasant,3,P
kind,3,P
enjoyed,2,P
bonus,2,P
best,2,P
luckily,2,P
happy,2,P
awesome,2,P
won,1,P
appreciated,1,P
ideal,1,P
perfectly,1,P
outstanding,1,P
fantastic,1,P
encourage,1,P
friendliest,1,P
"""perfectly",1,P
wow,1,P
delighted,1,P
pleasure,1,P
love,1,P
perfect,1,P
enjoying,1,P
trust,1,P
gracious,1,P
delicious,1,P
confidence,1,P
positives,1,P
amazing,1,P
nasty,5,N
bad,3,N
frustrated,3,N
disgusting,2,N
horrible,2,N
unprofessional,1,N
negative,1,N
nastier,1,N
sick,1,N
failed,1,N
disturbing,1,N
