Word,Frq,Category
great,80,P
free,42,P
comfortable,38,P
happy,13,P
wonderful,12,P
pleasant,10,P
enjoyed,9,P
best,9,P
perfect,8,P
fantastic,7,P
excellent,7,P
loved,7,P
kind,6,P
beautiful,5,P
super,5,P
awesome,5,P
fun,4,P
appreciated,3,P
fabulous,3,P
perfectly,3,P
charming,3,P
outstanding,3,P
amazing,2,P
delicious,2,P
superb,2,P
love,2,P
comfortable-,1,P
bonus,1,P
friendliest,1,P
treasured,1,P
kudos,1,P
lovely,1,P
positives:,1,P
honored,1,P
excellent:,1,P
ideal,1,P
cheerful,1,P
sympathetic,1,P
courteous,1,P
thankful,1,P
honest,1,P
wow,1,P
ideal;,1,P
delightful,1,P
joy,1,P
positive,1,P
impressive,1,P
strong,1,P
precious,1,P
happily,1,P
bad,11,N
die,5,N
negative,4,N
war,4,N
worst,3,N
dead,3,N
failed,2,N
cancer,1,N
nasty,1,N
reek,1,N
horrible,1,N
hurt,1,N
