Word,Frq,Category
great,53,P
comfortable,18,P
wonderful,10,P
love,8,P
excellent,6,P
perfect,6,P
free,5,P
happy,4,P
enjoyed,4,P
super,3,P
pleasant,3,P
fun,2,P
fantastic,2,P
honest,2,P
ideal,2,P
best,2,P
outstanding,2,P
pleasure,1,P
appreciated,1,P
beautiful,1,P
vip,1,P
wow,1,P
courteous,1,P
appreciation,1,P
bonus,1,P
loved,1,P
strong,1,P
awesome-,1,P
yummy,1,P
kind,1,P
kudos,1,P
amazing,1,P
bad,4,N
negative,3,N
dead,2,N
terribly,1,N
disappointment,1,N
spite,1,N
