Word,Frq,Category
great,26,P
comfortable,20,P
free,12,P
best,11,P
enjoyed,8,P
happy,6,P
pleasant,5,P
wonderful,4,P
love,4,P
perfect,3,P
awesome,3,P
loved,3,P
courteous,2,P
honest,2,P
tops,2,P
kind,2,P
beautiful,2,P
fantastic,2,P
appreciated,2,P
excellent,2,P
comfortable;,1,P
cheery,1,P
amazing,1,P
superior,1,P
remarkable,1,P
fabulous,1,P
vip,1,P
ideal,1,P
perfectly,1,P
delightful,1,P
cheerful,1,P
positive,1,P
negative,3,N
dead,2,N
bad,2,N
panic,1,N
worst,1,N
unhealthy,1,N
