Word,Frq,Category
great,25,P
free,15,P
comfortable,11,P
excellent,9,P
wonderful,7,P
perfect,6,P
pleasant,6,P
best,4,P
amazing,4,P
super,3,P
delicious,3,P
loved,3,P
enjoyed,3,P
kind,3,P
awesome,2,P
fantastic,2,P
ideal,2,P
impressive,2,P
lovely,2,P
courteous,2,P
love,2,P
enthusiastically,1,P
blessed,1,P
sympathetic,1,P
loyalty,1,P
positive,1,P
appreciated,1,P
happier,1,P
wow,1,P
gleeful,1,P
fabulous,1,P
comfortable;,1,P
generous,1,P
award,1,P
outstanding,1,P
happy,1,P
beautiful,1,P
angry,1,N
bad,1,N
disappointment,1,N
insult,1,N
hated,1,N
trapped,1,N
horrible,1,N
