Word,Frq,Category
great,136,P
comfortable,47,P
free,40,P
excellent,25,P
pleasant,22,P
wonderful,18,P
best,18,P
perfect,15,P
happy,10,P
enjoyed,9,P
love,8,P
fun,8,P
kind,6,P
loved,6,P
courteous,5,P
beautiful,5,P
fantastic,4,P
reward,4,P
super,4,P
delicious,4,P
bonus,4,P
lovely,3,P
positive,3,P
outstanding,3,P
ideal,2,P
pleasure,2,P
visionary,2,P
perfectly,2,P
amazing,2,P
fabulous,1,P
romance,1,P
awesome,1,P
greatest,1,P
enjoying,1,P
xoxo,1,P
excellently,1,P
appreciated,1,P
superb,1,P
impressive,1,P
amazement,1,P
cheerful,1,P
win,1,P
luckily,1,P
great:,1,P
strong,1,P
heavenly,1,P
ideal:,1,P
celebrate,1,P
gorgeous,1,P
successful,1,P
happier,1,P
bad,10,N
negative,3,N
disappointment,3,N
worst,3,N
horrible,2,N
terribly,2,N
disgusting,2,N
dismal,1,N
killed,1,N
"pain""",1,N
ugly,1,N
unprofessional,1,N
lousy,1,N
drown,1,N
fired,1,N
war;,1,N
