Word,Frq,Category
great,546,P
comfortable,146,P
beautiful,128,P
excellent,122,P
free,106,P
wonderful,84,P
best,68,P
enjoyed,67,P
perfect,57,P
loved,52,P
amazing,50,P
fantastic,46,P
lovely,38,P
pleasant,35,P
happy,29,P
fun,23,P
love,22,P
super,22,P
awesome,21,P
kind,21,P
courteous,18,P
delicious,18,P
gorgeous,17,P
outstanding,16,P
fabulous,15,P
ideal,13,P
beautifully,11,P
pleasure,10,P
perfectly,9,P
wow,7,P
wonderfully,7,P
impressive,6,P
positive,6,P
reward,5,P
appreciated,5,P
superb,5,P
celebrating,5,P
magnificent,4,P
bonus,4,P
gain,3,P
celebrate,3,P
gracious,3,P
superior,3,P
flawless,3,P
kudos,3,P
luckily,3,P
strong,3,P
marvelous,2,P
happier,2,P
winner,2,P
gracefully,2,P
tops,2,P
charming,2,P
perfect-,2,P
enjoying,2,P
thankful,2,P
yummy,2,P
won,2,P
heavenly,2,P
graciously,2,P
honored,2,P
remarkable,2,P
pleasing,2,P
honest,2,P
celebrated,2,P
friendliest,1,P
joyful,1,P
cheerily,1,P
vip,1,P
positives,1,P
cheering,1,P
cleverly,1,P
appreciative,1,P
bff,1,P
awesome;,1,P
brave,1,P
freedom,1,P
rich,1,P
heaven,1,P
delight,1,P
"""great",1,P
comfortable;,1,P
success,1,P
perfection,1,P
optimist,1,P
honors,1,P
masterpieces,1,P
great;,1,P
comfortable-,1,P
smiled,1,P
pleasure-,1,P
wonderful-,1,P
loyalty,1,P
visionary,1,P
happily,1,P
encourage,1,P
relaxation,1,P
beautiful:,1,P
win,1,P
fantastic-,1,P
bad,27,N
die,19,N
negative,18,N
war,12,N
worst,12,N
horrible,7,N
spite,3,N
disappointment,2,N
pain,2,N
hate,2,N
disaster,2,N
neglected,1,N
cheated,1,N
negative:,1,N
dead,1,N
killer,1,N
horrid,1,N
horror,1,N
assaulting,1,N
kill,1,N
horrendous,1,N
lying,1,N
terribly,1,N
chaos,1,N
fail,1,N
criminal,1,N
insulted,1,N
disturbingly,1,N
distress,1,N
insult,1,N
frustrated,1,N
rudest,1,N
sucker,1,N
nasty,1,N
stressful,1,N
bad-,1,N
killing,1,N
crime,1,N
murders,1,N
worst;,1,N
"""bad",1,N
poison,1,N
furious,1,N
fuming,1,N
scam,1,N
crappy,1,N
outrages,1,N
