Word,Frq,Category
great,342,P
free,118,P
comfortable,102,P
excellent,74,P
best,56,P
magnificent,56,P
perfect,53,P
wonderful,39,P
loved,32,P
pleasant,30,P
enjoyed,27,P
happy,25,P
amazing,21,P
kind,20,P
awesome,18,P
courteous,17,P
fantastic,16,P
super,16,P
pleasure,14,P
beautiful,13,P
fun,13,P
fabulous,11,P
outstanding,10,P
ideal,8,P
love,8,P
lovely,8,P
appreciated,7,P
miracle,5,P
perfectly,5,P
celebrate,5,P
delicious,4,P
superb,4,P
impressive,4,P
positive,4,P
bonus,3,P
happier,3,P
wonderfully,3,P
cheerful,3,P
delightful,2,P
comfortable;,2,P
charming,2,P
kudos,2,P
delighted,2,P
"""free",2,P
winner,2,P
brilliant,2,P
trust,2,P
glorified,1,P
loyalty,1,P
fantastic;,1,P
marvelous,1,P
successful,1,P
enjoys,1,P
wow,1,P
justice,1,P
enthusiastically,1,P
wowed,1,P
great-,1,P
great;,1,P
enjoying,1,P
positives,1,P
cheery,1,P
sexy,1,P
remarkable,1,P
smiled,1,P
perfect;,1,P
rich,1,P
excellence,1,P
vip,1,P
happily,1,P
delight,1,P
"free""",1,P
yummy,1,P
reward,1,P
excellent;,1,P
'magnificent,1,P
joy,1,P
greatest,1,P
friendliest,1,P
superior,1,P
bad,14,N
negative,12,N
war,11,N
die,9,N
terribly,3,N
panic,2,N
disappointment,2,N
death,1,N
bad:,1,N
killed,1,N
obscene,1,N
assaults,1,N
pathetic,1,N
ruin,1,N
horribly,1,N
horrendous,1,N
worst,1,N
pain,1,N
disaster,1,N
destruction,1,N
infuriating,1,N
liars,1,N
fu,1,N
anguish,1,N
nasty,1,N
negative;,1,N
horrible,1,N
