Word,Frq,Category
great,59,P
free,52,P
comfortable,23,P
enjoyed,13,P
happy,11,P
wonderful,9,P
best,9,P
loved,7,P
love,7,P
excellent,7,P
pleasant,6,P
kind,5,P
perfect,5,P
super,4,P
amazing,3,P
greatest,2,P
awesome,2,P
fabulous,2,P
appreciated,2,P
cheer,2,P
fun,2,P
ideal,2,P
positive,2,P
perfectly,2,P
bonus,1,P
gratitude,1,P
loyalty,1,P
courteous,1,P
wow,1,P
delicious,1,P
lovely,1,P
cheery,1,P
friendliest,1,P
joy,1,P
enjoyment,1,P
beautiful,1,P
sympathetic,1,P
fantastic,1,P
outstanding,1,P
bad,6,N
die,6,N
war,5,N
negative,4,N
pain,2,N
furious,2,N
horrible,2,N
killing,1,N
obscene,1,N
kill,1,N
disappointment,1,N
pita,1,N
nasty,1,N
snafu,1,N
lying,1,N
death,1,N
trapped,1,N
panic,1,N
