Word,Frq,Category
great,196,P
free,139,P
comfortable,82,P
excellent,42,P
best,40,P
perfect,35,P
enjoyed,34,P
pleasant,27,P
loved,22,P
happy,18,P
wonderful,18,P
outstanding,12,P
super,10,P
delicious,9,P
fantastic,8,P
courteous,8,P
love,7,P
perfectly,7,P
awesome,6,P
appreciated,6,P
positive,6,P
ideal,5,P
amazing,5,P
kudos,5,P
honors,5,P
beautiful,4,P
happily,4,P
kind,4,P
superb,4,P
fabulous,4,P
fun,3,P
lovely,3,P
happier,3,P
impressive,2,P
tops,2,P
supreme,2,P
great-,2,P
graciously,1,P
delight,1,P
ecstatic,1,P
perfection,1,P
strong,1,P
superior,1,P
great:,1,P
gracious,1,P
'free,1,P
enthusiastically,1,P
comfortable;,1,P
appreciative,1,P
relaxation,1,P
magnificent,1,P
gain,1,P
splendid,1,P
wonderfully,1,P
generous:,1,P
beautifully,1,P
"""amazing",1,P
appreciated-,1,P
delightful,1,P
comfortable-,1,P
cheerful,1,P
:d,1,P
thankful,1,P
bonus,1,P
positives,1,P
encourage,1,P
honest,1,P
wow,1,P
celebrating,1,P
pleasure,1,P
joy,1,P
generous,1,P
enjoying,1,P
great;,1,P
bad,23,N
negative,7,N
war,6,N
worst,5,N
disappointment,4,N
horrible,3,N
sick,3,N
hate,2,N
ugly,2,N
die,2,N
drowned,1,N
dissatisfying,1,N
crime,1,N
racist,1,N
terribly,1,N
stressful,1,N
scam,1,N
killed,1,N
killing,1,N
crude:,1,N
pain,1,N
sin,1,N
dreading,1,N
kill,1,N
hurt,1,N
dead,1,N
irritation,1,N
disturbing,1,N
horrendous,1,N
bad:,1,N
