Word,Frq,Category
great,597,P
comfortable,211,P
excellent,142,P
free,137,P
beautiful,126,P
best,120,P
wonderful,91,P
loved,88,P
perfect,81,P
amazing,71,P
enjoyed,68,P
fantastic,65,P
happy,53,P
lovely,45,P
fabulous,34,P
awesome,34,P
outstanding,33,P
kind,33,P
pleasant,32,P
love,30,P
super,28,P
courteous,26,P
gorgeous,26,P
fun,24,P
delicious,23,P
pleasure,18,P
superb,16,P
impressive,13,P
perfectly,13,P
appreciated,11,P
positive,11,P
beautifully,11,P
ideal,9,P
wow,9,P
bonus,8,P
generous,7,P
celebrating,6,P
heavenly,6,P
superior,6,P
yummy,6,P
happily,5,P
gracious,5,P
marvelous,5,P
magnificent,5,P
splendid,4,P
rich,4,P
charming,4,P
honest,4,P
delight,3,P
vibrant,3,P
vip,3,P
delighted,3,P
loves,3,P
won,3,P
flawless,3,P
tops,3,P
cheerful,3,P
delightful,3,P
luckily,3,P
glorious,2,P
praise,2,P
heaven,2,P
positives,2,P
successful,2,P
friendliest,2,P
excellence,2,P
wonderfully,2,P
pleasurable,1,P
gorgeous;,1,P
perfection,1,P
smiled,1,P
grandeur,1,P
yay,1,P
masterpiece,1,P
brilliant,1,P
godsend,1,P
justice,1,P
cherished,1,P
thankful,1,P
survived-,1,P
treasured,1,P
supremely,1,P
sophisticated,1,P
perfect-,1,P
great-,1,P
splendiferous,1,P
143,1,P
entertainments,1,P
prettiest,1,P
relaxation,1,P
lovers',1,P
award,1,P
loving,1,P
success,1,P
great;,1,P
kudos,1,P
=d,1,P
appreciative,1,P
positively,1,P
prized,1,P
bad,33,N
die,16,N
worst,10,N
war,10,N
negative,9,N
horrible,6,N
failed,4,N
disappointment,4,N
ruin,3,N
nasty,3,N
hate,3,N
killer,2,N
spite,2,N
stupid,2,N
hell,2,N
horror,2,N
ugly,2,N
pain,2,N
stressful,1,N
illegal,1,N
abuse,1,N
loser,1,N
"hell""",1,N
disaster,1,N
irritant:,1,N
horrid,1,N
hurt,1,N
obnoxiously,1,N
sick,1,N
death,1,N
criminals,1,N
pissed,1,N
rudest,1,N
poison,1,N
horrendous,1,N
abusive,1,N
grim,1,N
torture,1,N
devil,1,N
suffer,1,N
crappy,1,N
painfully,1,N
disgusting,1,N
bad:,1,N
unprofessional,1,N
liars,1,N
stench,1,N
hated,1,N
frustrated,1,N
enemy,1,N
