Word,Frq,Category
great,45,P
free,37,P
comfortable,28,P
excellent,15,P
best,14,P
courteous,7,P
kind,6,P
awesome,5,P
pleasant,4,P
positive,4,P
wonderful,3,P
perfect,3,P
love,3,P
happy,3,P
perfectly,2,P
fantastic,2,P
strong,2,P
luckily,2,P
appreciated,2,P
ideal,1,P
super,1,P
flawless,1,P
cheerful,1,P
appreciated;,1,P
free;,1,P
happier,1,P
enjoyed,1,P
happily,1,P
wowed,1,P
pleasure,1,P
loved,1,P
bonus,1,P
"""free",1,P
generous,1,P
enjoyment,1,P
lovely,1,P
bad,9,N
horrible,3,N
war,3,N
nasty,2,N
snafu,2,N
disgusting,2,N
crappy,1,N
disappointment,1,N
hate,1,N
scam,1,N
worst,1,N
negative,1,N
ugly,1,N
poisoning,1,N
sick,1,N
sickening,1,N
die,1,N
