Word,Frq,Category
great,58,P
comfortable,25,P
best,18,P
excellent,15,P
kind,13,P
wonderful,10,P
happy,8,P
free,8,P
pleasant,5,P
enjoyed,5,P
fantastic,4,P
perfect,4,P
charming,3,P
strong,3,P
positive,3,P
beautiful,3,P
trust,3,P
honest,2,P
gain,2,P
bonus,2,P
super,2,P
lovely,2,P
love,2,P
superior,2,P
fun,2,P
magnificent,2,P
fabulous,2,P
positives,1,P
luckily,1,P
thankful,1,P
awesome,1,P
ecstatic,1,P
appreciates,1,P
loved,1,P
praise,1,P
:d,1,P
gracious,1,P
winner,1,P
brilliant,1,P
happily,1,P
appreciated,1,P
perfectly,1,P
amazing,1,P
delightful,1,P
lovingly,1,P
remarkable,1,P
cheerful,1,P
generous,1,P
bad,19,N
worst,6,N
die,5,N
horrible,4,N
disgusting,3,N
po',3,N
negative,2,N
crime,2,N
assault,2,N
war,2,N
lying,1,N
harassed,1,N
rob,1,N
failed,1,N
pathetic,1,N
horrific,1,N
crappy,1,N
insulted,1,N
pain,1,N
assaulted,1,N
panic,1,N
bad:,1,N
sin,1,N
