Word,Frq,Category
great,53,P
comfortable,30,P
excellent,18,P
free,15,P
wonderful,8,P
perfect,8,P
best,7,P
fun,7,P
enjoyed,6,P
beautiful,5,P
lovely,4,P
happy,4,P
pleasant,3,P
happily,3,P
kind,3,P
perfectly,3,P
fantastic,3,P
outstanding,2,P
vibrant,2,P
super,2,P
loved,2,P
enjoying,2,P
love,2,P
amazing,2,P
generous,1,P
excellent-,1,P
yummy,1,P
delicious,1,P
strong,1,P
excellent;,1,P
awesome,1,P
positive,1,P
pleasure,1,P
laugh,1,P
appreciative,1,P
superb,1,P
fabulous,1,P
ideal,1,P
bad,5,N
negative,3,N
die,3,N
horrible,2,N
hell,1,N
worst,1,N
unprofessional,1,N
po',1,N
war,1,N
sin,1,N
