Word,Frq,Category
great,48,P
free,39,P
comfortable,28,P
best,14,P
pleasant,8,P
wonderful,8,P
excellent,7,P
perfect,7,P
pleasure,4,P
generous,4,P
kind,4,P
beautiful,4,P
enjoyed,4,P
lovely,3,P
positive,3,P
amazing,2,P
appreciated,2,P
heavenly,2,P
fabulous,2,P
ideal,2,P
happy,2,P
super,2,P
gracious,1,P
bonus,1,P
lifesaver,1,P
fantastic,1,P
pleasing,1,P
fun,1,P
greatest,1,P
smiled,1,P
delicious,1,P
peace,1,P
delight,1,P
beautifully,1,P
perfection,1,P
win,1,P
courteous,1,P
positives:,1,P
luckily,1,P
perfectly,1,P
excellent;,1,P
impressive,1,P
bad,8,N
cancer,3,N
horrible,3,N
negative,2,N
sick,2,N
worst,1,N
illegal,1,N
frustrated,1,N
kill,1,N
painfully,1,N
unprofessional,1,N
horrendous,1,N
hate,1,N
rudest,1,N
sin,1,N
