Word,Frq,Category
great,68,P
free,52,P
comfortable,33,P
best,18,P
kind,9,P
enjoyed,8,P
pleasant,8,P
happy,6,P
beautiful,6,P
excellent,6,P
fantastic,5,P
wonderful,5,P
love,4,P
super,4,P
perfect,4,P
perfectly,4,P
courteous,3,P
lovely,3,P
strong,3,P
fun,3,P
positive,3,P
awesome,2,P
positives:,2,P
happily,2,P
loved,2,P
outstanding,2,P
pleasure,2,P
wow,2,P
appreciated,2,P
amazing,2,P
superb,2,P
fabulous,2,P
winning,1,P
great;,1,P
laugh,1,P
loves,1,P
"free""",1,P
positives,1,P
cheerful,1,P
reward,1,P
luckily,1,P
remarkable,1,P
-free,1,P
delicious,1,P
friendliest,1,P
gorgeous,1,P
wonderfully,1,P
"""beauty",1,P
"""free",1,P
free;,1,P
ideal,1,P
bad,25,N
die,20,N
negative,8,N
worst,8,N
disgusting,5,N
horrible,5,N
war,5,N
pain,4,N
terribly,3,N
failed,2,N
dead,2,N
nasty,2,N
pita,2,N
hate,1,N
disgusted,1,N
saddest,1,N
murder,1,N
lousy,1,N
infuriating,1,N
troublesome,1,N
drown,1,N
horror,1,N
hell,1,N
angry,1,N
violent,1,N
killed,1,N
disturbing,1,N
murderer,1,N
