Word,Frq,Category
great,722,P
comfortable,193,P
free,152,P
best,151,P
bliss,127,P
wonderful,120,P
excellent,113,P
fun,101,P
loved,100,P
beautiful,95,P
amazing,94,P
love,92,P
enjoyed,74,P
kind,71,P
fantastic,67,P
awesome,66,P
pleasant,57,P
perfect,50,P
magnificent,41,P
super,39,P
happy,37,P
lovely,33,P
fabulous,31,P
courteous,25,P
ideal,20,P
appreciated,20,P
delicious,19,P
gorgeous,18,P
outstanding,17,P
impressive,13,P
celebrate,13,P
positive,13,P
heavenly,11,P
pleasure,10,P
wow,10,P
sexy,9,P
bonus,9,P
perfectly,9,P
luckily,8,P
superior,8,P
superb,8,P
enjoying,7,P
gracious,6,P
flawless,6,P
strong,6,P
honest,6,P
enjoys,6,P
cheerful,5,P
marvelous,5,P
romance,5,P
loyalty,5,P
honored,5,P
delightful,4,P
smiled,4,P
sophisticated,4,P
greatest,4,P
charming,3,P
celebrating,3,P
graciously,3,P
pleasing,3,P
happily,3,P
great;,3,P
miracle,3,P
remarkable,3,P
happier,3,P
vibrant,3,P
friendliest,3,P
laugh,3,P
joy,3,P
tops,3,P
generous,3,P
vip,3,P
heaven,3,P
peace,3,P
kudos,3,P
rich,2,P
"""marvelous",2,P
splendid,2,P
"""wonderful",2,P
wonderfully,2,P
positives:,2,P
brilliant,2,P
adore,2,P
amazing-,2,P
enthusiastically,2,P
praise,2,P
delight,2,P
trust,2,P
delighted,2,P
loves,2,P
positives,2,P
r&r,2,P
beautifully,2,P
yummy,2,P
comfortable;,2,P
encourage,2,P
heroes,1,P
thankful,1,P
"""best",1,P
appreciation,1,P
bad,75,N
worst,30,N
die,26,N
negative,21,N
horrible,20,N
disappointment,16,N
failed,9,N
horribly,7,N
dead,7,N
disgusting,7,N
war,7,N
hate,5,N
ugly,5,N
stupid,4,N
sick,4,N
fail,4,N
pain,4,N
lying,3,N
terribly,3,N
horrified,3,N
death,3,N
hated,3,N
killed,2,N
disturbing,2,N
unprofessional,2,N
sucker,2,N
crime,2,N
angry,2,N
dumb,1,N
irritation,1,N
panic,1,N
kill,1,N
grim,1,N
negative;,1,N
disaster,1,N
bad;,1,N
nasty,1,N
disgustingly,1,N
pissed,1,N
suffer,1,N
harm,1,N
horrid,1,N
assault,1,N
died,1,N
cheated,1,N
criminal,1,N
cruel,1,N
stressful,1,N
crappy,1,N
saddest,1,N
insult,1,N
travesty,1,N
harassed,1,N
arrogance,1,N
dreaded,1,N
painfully,1,N
ruin,1,N
lousy,1,N
devil,1,N
frustrated,1,N
killer,1,N
trapped,1,N
disgust,1,N
worst:,1,N
pathetic,1,N
neglected,1,N
assaulted,1,N
puke,1,N
tragically,1,N
insulted,1,N
terrified,1,N
distraught,1,N
weakest,1,N
spite,1,N
horrifying,1,N
furious,1,N
chaos,1,N
disgusted,1,N
hate:,1,N
scam,1,N
sin,1,N
