Word,Frq,Category
free,18,P
comfortable,17,P
great,16,P
kind,6,P
pleasant,4,P
excellent,4,P
happy,3,P
best,3,P
delicious,2,P
courteous,2,P
amazing,2,P
wonderful,2,P
perfect,1,P
enjoyed,1,P
bonus,1,P
lovely,1,P
fantastic,1,P
impressive,1,P
pleasure,1,P
positives,1,P
loved,1,P
trust,1,P
fabulous,1,P
wow,1,P
thankful,1,P
winner,1,P
beautiful,1,P
awesome,1,P
love,1,P
bad,2,N
worst,1,N
negative,1,N
dreaded,1,N
prison,1,N
hell,1,N
spite,1,N
disgusting,1,N
nasty,1,N
failed,1,N
