Word,Frq,Category
great,325,P
perfect,73,P
beautiful,70,P
love,66,P
comfortable,61,P
best,59,P
free,57,P
loved,51,P
wonderful,46,P
fun,46,P
awesome,44,P
amazing,38,P
enjoyed,30,P
kind,20,P
super,19,P
lovely,19,P
fantastic,19,P
excellent,19,P
happy,15,P
pleasant,13,P
positive,9,P
courteous,9,P
charming,8,P
gorgeous,8,P
enjoying,7,P
delicious,7,P
pleasure,6,P
perfectly,5,P
rich,5,P
beauty,4,P
celebrate,4,P
honest,4,P
fabulous,3,P
paradise,3,P
ideal,3,P
loves,3,P
happier,3,P
heaven,2,P
relaxation,2,P
delight,2,P
encourage,2,P
"""love",2,P
vibrant,2,P
cutest,2,P
positives,2,P
yummy,2,P
bonus,2,P
beautifully,2,P
outstanding,2,P
wonderfully,2,P
luckily,2,P
loving,2,P
enjoys,2,P
peace,2,P
lover,2,P
inspiration,2,P
blissful,2,P
remarkable,2,P
appreciation,1,P
impressive,1,P
appreciated,1,P
positively,1,P
pleasing,1,P
winner,1,P
magnificent,1,P
trust,1,P
greatest,1,P
comfortable:,1,P
wow,1,P
celebrating,1,P
prettiest,1,P
loyalty,1,P
laugh,1,P
splendid,1,P
thankful,1,P
fabulous;,1,P
glorious,1,P
delightful,1,P
lovingly,1,P
positives:,1,P
celebrated,1,P
"""rich",1,P
strong,1,P
merry,1,P
joy,1,P
romance,1,P
glory,1,P
precious,1,P
proudly,1,P
hopeful,1,P
justice,1,P
hooray,1,P
fun-,1,P
talented,1,P
honored,1,P
wins,1,P
sweetheart,1,P
bad,16,N
die,13,N
negative,7,N
disgusting,7,N
horrible,4,N
war,3,N
hate,2,N
ugly,2,N
worst,2,N
failure,1,N
havoc,1,N
drown,1,N
pain,1,N
disturbing,1,N
contempt,1,N
sickening,1,N
sick,1,N
disgusted,1,N
dirtiest,1,N
horribly,1,N
dead,1,N
death,1,N
hated,1,N
crappy,1,N
terrified,1,N
troubling,1,N
irate,1,N
killer,1,N
disappointment,1,N
stupid,1,N
