Word,Frq,Category
great,46,P
free,36,P
comfortable,20,P
excellent,11,P
super,11,P
pleasant,7,P
perfect,6,P
enjoyed,4,P
best,4,P
kind,3,P
loved,3,P
positive,2,P
fantastic,1,P
wonderful,1,P
cheerful,1,P
cheerier,1,P
wow,1,P
pleasure,1,P
"""wow",1,P
happy,1,P
ideal,1,P
sympathetic,1,P
luckily,1,P
enjoying,1,P
pleasurable,1,P
loving,1,P
joy,1,P
awesome,1,P
free-,1,P
die,37,N
war,25,N
po',7,N
negative,2,N
worst,2,N
bad,2,N
sin,2,N
dead,1,N
hated,1,N
threat,1,N
dumb,1,N
stressful,1,N
laziest,1,N
failed,1,N
disgusting,1,N
prison,1,N
kill,1,N
horrible,1,N
hell,1,N
pain,1,N
horrid,1,N
frustrated,1,N
nasty,1,N
horrendous,1,N
