Word,Frq,Category
great,1154,P
comfortable,330,P
best,259,P
amazing,243,P
excellent,217,P
perfect,201,P
wonderful,182,P
fantastic,177,P
free,163,P
loved,160,P
beautiful,121,P
love,121,P
fun,118,P
bliss,111,P
super,110,P
enjoyed,95,P
fabulous,83,P
awesome,77,P
kind,62,P
lovely,59,P
pleasant,58,P
happy,56,P
courteous,40,P
ideal,37,P
outstanding,34,P
positive,34,P
celebrate,31,P
wow,28,P
appreciated,26,P
pleasure,25,P
superb,25,P
gorgeous,22,P
delicious,22,P
perfectly,18,P
brilliant,18,P
impressive,18,P
heavenly,14,P
celebrating,13,P
honest,11,P
vibrant,11,P
superior,11,P
sexy,11,P
kudos,11,P
happily,11,P
beautifully,11,P
bonus,11,P
vip,10,P
enjoying,9,P
happier,9,P
magnificent,7,P
generous,7,P
peace,6,P
cheerful,6,P
yummy,6,P
celebrated,6,P
trust,6,P
delightful,5,P
relaxation,5,P
congratulations,5,P
strong,5,P
flawless,5,P
loyalty,5,P
luckily,5,P
rich,5,P
"""wonderful",5,P
"""fantastic",5,P
loves,5,P
sophisticated,5,P
positives,5,P
heaven,4,P
pleasing,4,P
wonderfully,4,P
beauty,4,P
liberty,4,P
gracious,4,P
wowed,4,P
loving,4,P
delighted,4,P
delight,4,P
perfection,4,P
won,3,P
enjoyment,3,P
great;,3,P
divine,3,P
lover,3,P
positively,2,P
gain,2,P
win,2,P
laugh,2,P
joy,2,P
fascinating,2,P
tops,2,P
praise,2,P
enjoys,2,P
hahaha,2,P
award,2,P
winner,2,P
excellence,2,P
lovingly,2,P
remarkable,2,P
die,174,N
bad,90,N
war,48,N
negative,30,N
worst,25,N
hate,22,N
horrible,22,N
disappointment,15,N
chaos,11,N
po',10,N
sin,9,N
pain,7,N
disgusting,6,N
dead,5,N
sick,5,N
failed,5,N
horrified,5,N
ugly,5,N
suffer,5,N
hell,4,N
nasty,4,N
terribly,4,N
stupid,4,N
wicked,3,N
hated,3,N
disturbing,3,N
horribly,3,N
angry,3,N
failing,3,N
bad:,3,N
disaster,2,N
idiot,2,N
fail,2,N
death,2,N
pissed,2,N
cruel,2,N
assaulted,2,N
kill,2,N
bad;,2,N
dirtiest,2,N
hurt,2,N
tard,2,N
regrettable,2,N
crisis,1,N
threatening,1,N
traumatised,1,N
horrid,1,N
pathetic,1,N
killed,1,N
insult,1,N
grim,1,N
starved,1,N
poisoning,1,N
irritation,1,N
violated,1,N
anger,1,N
drown,1,N
stressful,1,N
"bad""",1,N
ugly:,1,N
frustrated,1,N
gloom,1,N
scandalous,1,N
fatal,1,N
spite,1,N
killer,1,N
incompetence,1,N
ruin,1,N
rudest,1,N
criminals,1,N
sadden,1,N
humiliation,1,N
arrogance,1,N
angered,1,N
crappy,1,N
disgustingly,1,N
prison,1,N
panic,1,N
sickening,1,N
"""worst",1,N
lousy,1,N
tragically,1,N
ass,1,N
scam,1,N
curse,1,N
po,1,N
terror,1,N
