Word,Frq,Category
great,66,P
free,56,P
enjoyed,17,P
best,15,P
excellent,15,P
comfortable,11,P
wonderful,11,P
perfect,9,P
kind,8,P
loved,7,P
beautiful,7,P
love,6,P
pleasant,6,P
super,4,P
lovely,4,P
bonus,4,P
fantastic,3,P
positive,3,P
awesome,3,P
appreciated,3,P
happy,3,P
courteous,3,P
fun,2,P
superior,2,P
wow,2,P
amazing,2,P
positives,2,P
strong,2,P
delicious,2,P
ideal,2,P
pleasure,1,P
won,1,P
r&r,1,P
beautifully,1,P
awesome;,1,P
fabulous,1,P
beauty,1,P
appreciative,1,P
cheery,1,P
outstanding,1,P
generous,1,P
peace,1,P
positives:,1,P
delight,1,P
"""happy",1,P
superb,1,P
"""great",1,P
war,5,N
bad,2,N
worst,2,N
devastating,1,N
bad:,1,N
hurt,1,N
depressed,1,N
crappy,1,N
dumb,1,N
horrible,1,N
negative,1,N
horrendous,1,N
horribly,1,N
hate,1,N
nasty,1,N
die,1,N
