Word,Frq,Category
great,809,P
comfortable,434,P
excellent,359,P
wonderful,205,P
best,186,P
perfect,179,P
free,158,P
beautiful,133,P
lovely,125,P
enjoyed,115,P
fantastic,105,P
loved,98,P
amazing,91,P
outstanding,75,P
pleasant,73,P
delicious,68,P
happy,66,P
super,62,P
superb,54,P
courteous,46,P
fabulous,44,P
love,42,P
kind,40,P
pleasure,39,P
beautifully,32,P
perfectly,25,P
gracious,25,P
superior,25,P
awesome,24,P
ideal,22,P
fun,20,P
delightful,19,P
appreciated,18,P
positive,18,P
celebrate,17,P
wonderfully,17,P
delight,16,P
gorgeous,16,P
charming,13,P
wow,13,P
impressive,13,P
celebrating,12,P
sophisticated,11,P
bonus,11,P
generous,10,P
luckily,9,P
brilliant,9,P
yummy,7,P
cheerful,7,P
strong,7,P
loyalty,6,P
praise,6,P
heavenly,5,P
honest,5,P
happily,5,P
positives,5,P
flawless,5,P
romance,4,P
"""happy",4,P
splendid,4,P
great-,4,P
success,4,P
delighted,4,P
graciously,4,P
excellently,3,P
pleasing,3,P
kudos,3,P
amazing;,3,P
happier,3,P
appreciative,3,P
joy,3,P
marvelous,3,P
excellence,3,P
remarkable,3,P
smartest,3,P
trust,3,P
enjoying,3,P
won,2,P
talented,2,P
rich,2,P
vip,2,P
celebrated,2,P
tops,2,P
beauty,2,P
"""romance",2,P
relaxation,2,P
generosity,2,P
amazement,2,P
congratulations,2,P
enjoys,2,P
heaven,2,P
laugh,2,P
perfection,2,P
award,2,P
pleasurable,2,P
smiled,2,P
divine,2,P
supreme,2,P
fantastic;,2,P
greatest,2,P
bad,41,N
die,39,N
negative,32,N
war,23,N
worst,13,N
disappointment,13,N
pain,11,N
dead,6,N
spite,4,N
hate,4,N
horrible,4,N
irritant,3,N
fail,3,N
terribly,3,N
po',3,N
lying,2,N
sick,2,N
nasty,2,N
stealing,2,N
failed,2,N
death,2,N
sin,2,N
frustrated,1,N
brutal,1,N
insanity,1,N
stressful,1,N
"""bad",1,N
painfully,1,N
neglected,1,N
revenge,1,N
crappy,1,N
ruin,1,N
insulted,1,N
abusive,1,N
horribly,1,N
cheated,1,N
danger,1,N
dreaded,1,N
negative:,1,N
dreadfully,1,N
disastrous,1,N
abused,1,N
disgust,1,N
horrendous:,1,N
offensively,1,N
incompetence,1,N
crime,1,N
poisoning,1,N
killer,1,N
stupid,1,N
unprofessional,1,N
hell,1,N
terrified,1,N
panic,1,N
killed,1,N
dismal,1,N
crisis,1,N
pathetic,1,N
prison,1,N
dumbest,1,N
disturbing,1,N
disappointment-,1,N
disgusted,1,N
depressed,1,N
retard,1,N
