Word,Frq,Category
great,31,P
free,25,P
comfortable,24,P
excellent,14,P
kind,8,P
pleasant,6,P
best,6,P
super,5,P
wonderful,4,P
enjoyed,4,P
happy,4,P
perfect,4,P
courteous,3,P
honest,3,P
perfectly,2,P
outstanding,2,P
luckily,2,P
amazing,2,P
beautiful,2,P
bonus,2,P
thankful,2,P
delicious,2,P
honored,2,P
appreciated,1,P
pleasant;,1,P
fantastic,1,P
strong,1,P
loved,1,P
cheerful,1,P
wow,1,P
trust,1,P
virtuous,1,P
richer,1,P
bad,5,N
danger,1,N
stressful,1,N
pathetic,1,N
unprofessional,1,N
horrible,1,N
pain,1,N
dead,1,N
"disgusting""",1,N
disgusting,1,N
negative,1,N
spite,1,N
worst,1,N
drowned,1,N
