Word,Frq,Category
great,98,P
free,97,P
comfortable,32,P
wonderful,21,P
excellent,18,P
happy,17,P
loved,15,P
enjoyed,15,P
perfect,12,P
best,11,P
awesome,10,P
love,8,P
beautiful,8,P
appreciated,7,P
kind,7,P
super,4,P
fabulous,4,P
courteous,4,P
lovely,3,P
wow,3,P
bonus,3,P
tops,2,P
impressive,2,P
luckily,2,P
"""happy",2,P
superior,2,P
positives,2,P
winner,2,P
positive,2,P
delicious,1,P
smiled,1,P
enjoying,1,P
cheerful,1,P
trust,1,P
peace,1,P
fun,1,P
amazing,1,P
pleasant,1,P
wowed,1,P
gorgeous,1,P
ideal,1,P
yummy,1,P
fantastic,1,P
justice,1,P
perfectly,1,P
courteous;,1,P
bad,11,N
hate,3,N
crime,3,N
disturbing,2,N
worst,2,N
negative,2,N
disgusting,2,N
sin,2,N
died,1,N
torture,1,N
nasty,1,N
horrible,1,N
disappointment,1,N
die,1,N
