Word,Frq,Category
great,28,P
free,24,P
comfortable,16,P
best,12,P
kind,8,P
excellent,5,P
pleasant,5,P
perfectly,4,P
strong,4,P
perfect,4,P
super,4,P
enjoyed,4,P
charming,4,P
fantastic,3,P
fun,3,P
positive,3,P
lovely,3,P
happy,3,P
glamorous,2,P
trust,2,P
appreciated,2,P
tops,1,P
honest,1,P
love,1,P
wow,1,P
awesome,1,P
greatest,1,P
relaxation,1,P
ideal,1,P
superb,1,P
prize,1,P
happily,1,P
"""excellent",1,P
"""charming",1,P
wonderful,1,P
beauty,1,P
bad,23,N
worst,14,N
horrible,14,N
die,14,N
war,13,N
disgusting,7,N
liar,3,N
negative,3,N
stealing,2,N
sick,2,N
pathetic,2,N
ruin,2,N
sin,2,N
hell,2,N
cancer,1,N
thieves,1,N
lying,1,N
angry,1,N
dumb,1,N
furious,1,N
killed,1,N
horribly,1,N
unprofessional,1,N
disgusted,1,N
fraud,1,N
hate,1,N
cheating,1,N
abusive,1,N
horror,1,N
po',1,N
scam,1,N
crappy,1,N
