Word,Frq,Category
great,70,P
free,63,P
comfortable,16,P
excellent,14,P
best,11,P
pleasant,11,P
kind,6,P
happy,6,P
perfect,4,P
enjoyed,4,P
bonus,4,P
wonderful,4,P
love,3,P
appreciated,3,P
enjoying,3,P
positive,2,P
gracious,2,P
luckily,2,P
yummy,2,P
delicious,2,P
super,2,P
perfectly,2,P
courteous,2,P
strong,2,P
lovely,2,P
ideal,1,P
fun,1,P
amazing,1,P
loved,1,P
loves,1,P
outstanding,1,P
impressive,1,P
fantastic,1,P
thankful,1,P
honored,1,P
greatest,1,P
divine,1,P
pleasure,1,P
super:,1,P
flawless,1,P
bad,12,N
die,8,N
war,3,N
horrible,2,N
negative,2,N
killer,1,N
troublesome,1,N
worst,1,N
abused,1,N
hell,1,N
terribly,1,N
killed,1,N
horrid,1,N
suffer,1,N
sin,1,N
