Word,Frq,Category
great,252,P
free,84,P
comfortable,73,P
excellent,58,P
best,45,P
perfect,37,P
super,32,P
fantastic,21,P
happy,20,P
wonderful,15,P
ideal,15,P
loved,14,P
pleasant,14,P
kind,13,P
awesome,12,P
brilliant,10,P
enjoyed,10,P
lovely,9,P
fun,9,P
amazing,8,P
perfectly,7,P
love,7,P
superb,7,P
courteous,6,P
bonus,6,P
positive,4,P
appreciated,4,P
outstanding,4,P
enjoying,3,P
laugh,3,P
luckily,3,P
fabulous,3,P
beautiful,3,P
positives,3,P
superior,3,P
delicious,2,P
charming,2,P
wow,2,P
strong,2,P
happily,2,P
delightful,2,P
ecstatic,1,P
cheerful,1,P
peace,1,P
"fun""",1,P
gracious,1,P
honest,1,P
great;,1,P
perfect-,1,P
confidence,1,P
impressive,1,P
remarkable,1,P
"""free",1,P
pleasure,1,P
vip,1,P
wowed,1,P
gorgeous,1,P
glamour,1,P
positives:,1,P
blessed,1,P
heavenly,1,P
miracle,1,P
excellent-,1,P
thankful,1,P
wonderfully,1,P
fascinating,1,P
yummy,1,P
perfect;,1,P
greatest,1,P
graciously,1,P
flawless,1,P
rich,1,P
generous,1,P
marvelous,1,P
lovely:,1,P
prize,1,P
miracle-,1,P
die,75,N
war,53,N
bad,34,N
worst,12,N
negative,10,N
sin,8,N
hate,6,N
horrible,4,N
drowned,3,N
terribly,3,N
po,3,N
po',3,N
dead,2,N
disappointment,2,N
suffer,2,N
hell,2,N
unhealthy,1,N
ruin,1,N
killer,1,N
travesty,1,N
angry,1,N
dumb,1,N
chaos,1,N
frustrated,1,N
idiot,1,N
bad:,1,N
"""worst",1,N
horribly,1,N
prison,1,N
lying,1,N
pathetic,1,N
horrendous,1,N
horror,1,N
disturbing,1,N
drown,1,N
horrifying,1,N
danger,1,N
obnoxiously,1,N
enemy,1,N
ugly,1,N
crappy,1,N
stupid,1,N
insult,1,N
nasty,1,N
bad-,1,N
