Word,Frq,Category
great,142,P
comfortable,46,P
perfect,31,P
best,27,P
free,25,P
excellent,24,P
wonderful,19,P
happy,19,P
fantastic,18,P
super,18,P
loved,14,P
kind,13,P
pleasant,11,P
love,8,P
enjoyed,8,P
amazing,8,P
lovely,8,P
ideal,7,P
awesome,6,P
perfectly,6,P
superb,5,P
brilliant,5,P
delicious,4,P
fabulous,4,P
wow,3,P
pleasure,2,P
luckily,2,P
sophisticated,2,P
greatest,2,P
peace,2,P
courteous,2,P
honest,2,P
impressive,1,P
best-,1,P
comfortable-,1,P
fun,1,P
generous,1,P
happier,1,P
positives-,1,P
beauty,1,P
outstanding,1,P
gracious,1,P
peacefully,1,P
positive,1,P
"""free",1,P
amazing-,1,P
thankful,1,P
cleverly,1,P
celebrated,1,P
perfect:,1,P
prize,1,P
celebrate,1,P
enjoying,1,P
beautifully,1,P
appreciated,1,P
strong,1,P
superior,1,P
happily,1,P
cheerful,1,P
yummy,1,P
delighted,1,P
bonus:,1,P
liberty;,1,P
die,37,N
bad,15,N
war,15,N
worst,8,N
negative,4,N
po',2,N
disgusting,1,N
nasty,1,N
horrible,1,N
grim,1,N
devil,1,N
ruin,1,N
"bad""",1,N
reek,1,N
disappointment,1,N
prison,1,N
dead,1,N
died,1,N
pain,1,N
bad:,1,N
stressful,1,N
rejected,1,N
horrific,1,N
insult,1,N
horrifically,1,N
hurt,1,N
