Word,Frq,Category
great,21,P
best,10,P
comfortable,7,P
beautiful,7,P
excellent,6,P
loved,4,P
wonderful,4,P
fantastic,4,P
delicious,3,P
outstanding,3,P
pleasant,3,P
love,3,P
wonderfully,2,P
enjoyed,2,P
fun,2,P
vibrant,1,P
awesome,1,P
beauty,1,P
free,1,P
kind,1,P
pleasure,1,P
"best""",1,P
courteous,1,P
appreciated,1,P
gorgeous,1,P
perfect,1,P
impressive,1,P
fabulous,1,P
sophisticated,1,P
winner,1,P
luckily,1,P
delightfully,1,P
charming,1,P
bad,2,N
pain,2,N
dead,1,N
dick,1,N
horrible,1,N
