Word,Frq,Category
free,34,P
great,28,P
comfortable,12,P
excellent,11,P
best,9,P
super,7,P
happy,7,P
kind,4,P
perfectly,4,P
pleasant,3,P
perfect,3,P
charming,2,P
wow,2,P
awesome,2,P
enjoyed,2,P
courteous,2,P
peace,1,P
won,1,P
generous,1,P
tops,1,P
yummy,1,P
brilliant,1,P
impressive,1,P
trust,1,P
'free,1,P
gorgeous,1,P
appreciative,1,P
great:,1,P
ideal,1,P
luckily,1,P
happily,1,P
beautiful,1,P
bad,23,N
die,7,N
war,7,N
worst,6,N
horrible,6,N
disgusting,3,N
failed,2,N
negative,2,N
po',2,N
nasty,1,N
dishonest,1,N
terribly,1,N
disgust,1,N
horrid,1,N
crisis,1,N
kill,1,N
violently,1,N
dead,1,N
dumb,1,N
crappy,1,N
horrifying,1,N
sin,1,N
terrifying,1,N
disturbing,1,N
suicide,1,N
ugly,1,N
drowned,1,N
lying,1,N
pain,1,N
hurt,1,N
sickening,1,N
po,1,N
