Word,Frq,Category
great,22,P
free,16,P
happy,7,P
comfortable,6,P
perfect,5,P
best,5,P
courteous,4,P
amazing,4,P
loved,4,P
beautiful,3,P
lovely,3,P
excellent,3,P
enjoyed,3,P
wonderful,3,P
pleasant,3,P
fantastic,2,P
love,2,P
ideal,2,P
superior,2,P
kind,2,P
"""happy",1,P
fabulous,1,P
pleasure,1,P
trust,1,P
delicious,1,P
happier,1,P
delightful,1,P
great;,1,P
brightest,1,P
awesome,1,P
vip,1,P
super,1,P
delighted,1,P
peace,1,P
bonus,1,P
disaster,2,N
bad,2,N
worst,1,N
hated,1,N
disturbing,1,N
cheated,1,N
hurt,1,N
die,1,N
