Word,Frq,Category
great,353,P
free,188,P
comfortable,111,P
excellent,103,P
perfect,102,P
superior,79,P
happy,65,P
fantastic,63,P
best,63,P
lovely,57,P
loved,49,P
super,43,P
pleasant,40,P
wonderful,37,P
amazing,28,P
ideal,26,P
enjoyed,25,P
courteous,20,P
bonus,19,P
perfectly,19,P
love,18,P
kind,16,P
superb,15,P
brilliant,14,P
fabulous,11,P
awesome,10,P
positive,9,P
fun,9,P
outstanding,8,P
honest,8,P
delicious,7,P
pleasure,7,P
beautiful,6,P
appreciated,6,P
peace,5,P
strong,4,P
celebrating,4,P
enjoying,4,P
heaven,4,P
celebrate,4,P
happily,3,P
luckily,3,P
gorgeous,3,P
delighted,3,P
happier,2,P
trust,2,P
charming,2,P
won,2,P
beautifully,2,P
"free""",2,P
wonderfully,2,P
cheerful,2,P
"""happy",2,P
liberty,2,P
great;,2,P
positives,2,P
cleverness,1,P
win,1,P
flawless,1,P
'superior,1,P
great-,1,P
beauty,1,P
tops,1,P
joy,1,P
gracious,1,P
rich,1,P
'super,1,P
"""super",1,P
supremely,1,P
sophisticated,1,P
fantastic;,1,P
fantastic-,1,P
glorified,1,P
excellently,1,P
positives-,1,P
delightful,1,P
comfortable:,1,P
excellent-,1,P
enthusiastically,1,P
"""superior",1,P
winner,1,P
wow,1,P
laugh,1,P
beloved,1,P
praise,1,P
enjoyment,1,P
delight,1,P
positively,1,P
positives:,1,P
splendid,1,P
comfortable;,1,P
impressive,1,P
blessed,1,P
friendliest,1,P
die,128,N
war,80,N
bad,43,N
sin,17,N
negative,10,N
horrible,7,N
pain,4,N
po',4,N
hate,3,N
hell,3,N
worst,3,N
fail,3,N
suffer,2,N
dead,2,N
po,2,N
fatal,2,N
neglected,1,N
threatening,1,N
lying,1,N
disappointment,1,N
stressful,1,N
furious,1,N
chaos,1,N
horror,1,N
horribly,1,N
nasty,1,N
spite,1,N
sick,1,N
lousy,1,N
disgusting,1,N
horrific,1,N
bad:,1,N
ugly:,1,N
crappy,1,N
"""bad",1,N
