Word,Frq,Category
great,186,P
comfortable,78,P
wonderful,44,P
best,43,P
excellent,38,P
free,34,P
beautiful,29,P
loved,24,P
enjoyed,23,P
amazing,18,P
delicious,17,P
love,16,P
perfect,16,P
fantastic,14,P
awesome,13,P
super,12,P
kind,12,P
happy,12,P
pleasant,11,P
courteous,9,P
outstanding,8,P
fabulous,7,P
fun,7,P
gorgeous,7,P
romance,7,P
lovely,6,P
ideal,6,P
beautifully,6,P
gracious,5,P
honest,4,P
heavenly,4,P
bonus,3,P
charming,3,P
luckily,3,P
wow,3,P
appreciated,3,P
pleasure,3,P
superb,3,P
positive,3,P
sophisticated,3,P
impressive,2,P
justice,2,P
enjoying,2,P
sexy,2,P
delight,2,P
vip,2,P
won,2,P
perfection,2,P
celebrate,2,P
magnificent,2,P
perfectly,2,P
wonderfully,2,P
celebrating,2,P
smiled,2,P
comfortable;,2,P
friendliest,2,P
glorious,2,P
strong,2,P
superior,1,P
positives,1,P
"""free",1,P
hopeful,1,P
tops,1,P
marvelous,1,P
flawless,1,P
"""romance",1,P
peace,1,P
generous,1,P
kudos,1,P
happily,1,P
beauty,1,P
remarkable,1,P
free;,1,P
glory,1,P
delightful,1,P
honored,1,P
greatest,1,P
earnest,1,P
thankful,1,P
great-,1,P
excitedly,1,P
celebrated,1,P
divine,1,P
revered,1,P
bad,29,N
negative,9,N
worst,7,N
dead,7,N
nasty,4,N
die,4,N
horrible,4,N
stressful,3,N
sick,3,N
terribly,2,N
rotten,2,N
horrendous,2,N
unprofessional,2,N
hate,2,N
suffer,2,N
danger,2,N
angry,1,N
failed,1,N
suckers,1,N
disappointment,1,N
lying,1,N
rejected,1,N
destroying,1,N
irate,1,N
"""sick",1,N
furious,1,N
cheated,1,N
disgusting,1,N
sucker,1,N
reek,1,N
kill,1,N
fired,1,N
anger,1,N
fiasco,1,N
crappy,1,N
criminals,1,N
cancer,1,N
laziest,1,N
rancid,1,N
wtf,1,N
horrified,1,N
crime,1,N
devil,1,N
illegal,1,N
sin,1,N
