Word,Frq,Category
great,158,P
comfortable,65,P
free,57,P
wonderful,35,P
love,28,P
excellent,25,P
best,24,P
enjoyed,22,P
awesome,22,P
perfect,21,P
beautiful,20,P
loved,19,P
kind,17,P
super,16,P
amazing,15,P
fun,12,P
courteous,11,P
fantastic,11,P
pleasant,10,P
delicious,8,P
pleasure,8,P
fabulous,7,P
outstanding,6,P
gorgeous,6,P
perfectly,6,P
beautifully,5,P
happy,5,P
delightful,5,P
lovely,4,P
generous,4,P
positive,3,P
celebrating,3,P
superb,3,P
strong,3,P
wow,3,P
celebrate,3,P
impressive,3,P
wonderfully,3,P
heavenly,3,P
yummy,2,P
ideal,2,P
reward,2,P
enjoying,2,P
appreciated,2,P
luckily,2,P
justice,2,P
trust,2,P
loyalty,2,P
happily,2,P
heaven,1,P
charming,1,P
success,1,P
enjoyment,1,P
glorified,1,P
comfortable;,1,P
love:,1,P
adore,1,P
sexy,1,P
perfection,1,P
gracious,1,P
positives:,1,P
cherished,1,P
supremely,1,P
happier,1,P
smiled,1,P
wonderful;,1,P
superior,1,P
positives,1,P
honest,1,P
winner,1,P
kudos,1,P
survived,1,P
pleasing,1,P
romance,1,P
successful,1,P
bad,21,N
worst,8,N
horrible,8,N
negative,8,N
die,6,N
hate,5,N
disappointment,5,N
pain,4,N
war,4,N
failed,3,N
sick,3,N
frustrated,2,N
hated,2,N
nasty,2,N
insult,2,N
disgusting,2,N
sin,2,N
trapped,1,N
loser,1,N
contempt,1,N
stressful,1,N
crappy,1,N
threat,1,N
dirtiest,1,N
horrific,1,N
troubling,1,N
dreaded,1,N
disturbing,1,N
outrage,1,N
crisis,1,N
angry,1,N
pathetic,1,N
hurt,1,N
neglected,1,N
horribly,1,N
kill,1,N
rudest,1,N
destruction,1,N
enemy,1,N
death,1,N
failure,1,N
disgusted,1,N
racist,1,N
outraged,1,N
horror,1,N
