Word,Frq,Category
great,1056,P
comfortable,466,P
excellent,327,P
wonderful,291,P
beautiful,250,P
best,223,P
perfect,199,P
loved,160,P
lovely,128,P
fantastic,116,P
amazing,116,P
free,111,P
enjoyed,110,P
love,100,P
pleasant,97,P
outstanding,88,P
fabulous,77,P
courteous,76,P
happy,71,P
superb,60,P
delicious,55,P
kind,54,P
beautifully,50,P
fun,49,P
super,44,P
pleasure,41,P
gorgeous,40,P
awesome,35,P
perfectly,28,P
gracious,28,P
positive,22,P
celebrate,21,P
ideal,21,P
appreciated,19,P
bonus,19,P
celebrating,17,P
freedom,16,P
superior,14,P
charming,11,P
wonderfully,11,P
delightful,11,P
impressive,10,P
delighted,9,P
cheerful,9,P
happily,9,P
yummy,9,P
heaven,9,P
wow,7,P
strong,6,P
won,6,P
joy,6,P
perfection,5,P
kudos,5,P
delight,5,P
beauty,5,P
excellence,4,P
celebrated,4,P
luckily,4,P
winner,4,P
graciously,4,P
honored,4,P
brilliant,4,P
heavenly,4,P
marvelous,4,P
generous,4,P
remarkable,4,P
flawless,4,P
rich,4,P
tops,4,P
happier,4,P
appreciation,3,P
great:,3,P
divine,3,P
pleasurable,3,P
"""happy",3,P
greatest,3,P
loves,3,P
sophisticated,3,P
friendliest,3,P
enjoying,3,P
magnificent,3,P
praise,3,P
honest,3,P
laugh,3,P
excellently,3,P
prized,2,P
beloved,2,P
gain,2,P
excellent;,2,P
encourage,2,P
enjoyment,2,P
cheer,2,P
smiled,2,P
trust,2,P
wowed,2,P
vip,2,P
peace,2,P
pleasing,2,P
vibrant,2,P
gorgeously,2,P
negative,20,N
bad,19,N
disappointment,10,N
die,8,N
horrible,5,N
stressful,4,N
hate,4,N
war,4,N
worst,3,N
terribly,3,N
hell,2,N
crisis,2,N
dismal,2,N
dishonest,2,N
ugly,2,N
wicked,2,N
cancer,2,N
died,2,N
pain,2,N
threatening,2,N
horribly,1,N
failed,1,N
betraying,1,N
killed,1,N
bad:,1,N
spite,1,N
pain-,1,N
"bad""",1,N
disturbing,1,N
hurt,1,N
killer,1,N
insulted,1,N
chaos,1,N
crappy,1,N
painfully,1,N
fail,1,N
horrific,1,N
dead,1,N
sick,1,N
irritation,1,N
disaster,1,N
neglected,1,N
stupid,1,N
harm,1,N
"fail""",1,N
brutally,1,N
negative:,1,N
bankrupt,1,N
kill,1,N
sin,1,N
po,1,N
