Word,Frq,Category
great,470,P
comfortable,163,P
free,160,P
best,70,P
excellent,64,P
perfect,53,P
enjoyed,46,P
loved,43,P
beautiful,41,P
amazing,38,P
fantastic,37,P
wonderful,36,P
pleasant,34,P
super,31,P
awesome,27,P
love,25,P
lovely,25,P
happy,18,P
fun,17,P
courteous,14,P
ideal,14,P
bonus,13,P
kind,13,P
positive,11,P
fabulous,10,P
appreciated,8,P
superb,8,P
perfectly,7,P
delicious,6,P
luckily,5,P
gorgeous,5,P
charming,5,P
pleasure,5,P
enjoying,5,P
blockbuster,4,P
positives,3,P
peace,3,P
yummy,3,P
impressive,3,P
wonderfully,3,P
cheery,3,P
superior,3,P
kudos,3,P
outstanding,3,P
happily,2,P
wow,2,P
remarkable,2,P
positives:,2,P
vibrant,2,P
gain,2,P
delightful,2,P
enjoys,2,P
cheerful,2,P
great;,2,P
gracious,2,P
friendliest,2,P
laugh,2,P
supreme,2,P
happier,2,P
brilliant,2,P
strong,2,P
free:,1,P
celebrating,1,P
delightfully,1,P
sympathetic,1,P
confidence,1,P
delighted,1,P
honest,1,P
peacefully,1,P
fantastic-,1,P
hopeful,1,P
pleasing,1,P
bliss,1,P
outstanding;,1,P
"""great",1,P
generous,1,P
lovingly,1,P
win,1,P
glamorous,1,P
=d,1,P
gratifying,1,P
perfect;,1,P
enthusiastically,1,P
trust,1,P
loves,1,P
tops,1,P
flawless,1,P
lovers,1,P
die,72,N
war,52,N
bad,31,N
negative,11,N
worst,4,N
ugly,3,N
stupid,2,N
sick,2,N
idiot,2,N
horrible,2,N
hurt,1,N
rage,1,N
nasty,1,N
stressful,1,N
kill,1,N
wth,1,N
painfully,1,N
insult,1,N
spite,1,N
ban,1,N
reek,1,N
insanity,1,N
failing,1,N
hell,1,N
furious,1,N
pain,1,N
terribly,1,N
crappy,1,N
outraged,1,N
hate,1,N
disappointment,1,N
bad:,1,N
angry,1,N
rob,1,N
