HotelID,Ratings
93338,0.9821958456973294
1762573,0.9741496598639455
1776857,0.9723991507430998
1641016,0.9626436781609196
1456560,0.9726526891522334
93396,0.9735099337748344
80112,0.9681274900398407
93559,0.9917355371900827
239853,0.9857142857142858
282699,0.9568965517241379
1158926,0.990990990990991
107956,0.9565217391304348
98952,0.9503311258278145
283873,0.9553571428571429
1200103,0.9653465346534653
108038,1.0
1966350,0.9710144927536232
107915,0.9848484848484849
99081,0.9504504504504504
1218737,1.0
99060,0.9586206896551724
1866401,1.0
665163,0.9722222222222222
1630591,1.0
559491,1.0
266158,0.8947368421052632
240436,0.9136690647482014
108057,0.9444444444444444
1236706,0.9090909090909091
98920,0.9512195121951219
258636,0.916083916083916
223137,0.8888888888888888
223151,0.8955223880597015
107924,0.967741935483871
99114,0.8821656050955414
111618,0.9333333333333333
108149,0.9454545454545454
223164,0.9
223154,0.927710843373494
107834,0.9537037037037037
1773009,0.9473684210526315
223158,1.0
108054,0.8823529411764706
258634,1.0
107863,1.0
98987,0.889344262295082
585164,1.0
99067,0.9411764705882353
108148,0.9008264462809917
242394,0.9111111111111111
99106,0.8524590163934426
142023,1.0
99004,0.9393939393939394
650546,0.8333333333333334
2712053,1.0
256702,0.75
256700,0.7391304347826086
815515,1.0
596014,1.0
99101,0.8412698412698413
223179,0.9130434782608695
223149,0.8780487804878049
223160,0.9166666666666666
223141,0.9545454545454546
108150,0.8909090909090909
108020,0.9583333333333334
98989,0.8518518518518519
99132,0.918918918918919
223148,0.8135593220338984
595438,0.6875
98964,0.8717948717948718
1514581,0.8333333333333334
107884,0.7894736842105263
1155392,0.8095238095238095
266326,0.5
1636050,1.0
258635,1.0
558146,0.75
486939,0.8888888888888888
1627951,0.8421052631578947
1160746,1.0
107903,0.5909090909090909
223156,0.6666666666666666
488773,1.0
108136,1.0
277895,0.7272727272727273
107802,1.0
98940,0.8333333333333334
223178,1.0
98962,0.8333333333333334
239859,0.75
226728,0.7
1146185,1.0
107846,1.0
99013,0.717391304347826
98976,0.2
596446,0.0
266125,0.8571428571428571
142353,0.5833333333333334
107713,0.6666666666666666
226721,1.0
122746,0.75
223135,0.625
107769,0.8333333333333334
217745,1.0
107757,0.6875
223184,0.5
223183,1.0
239858,0.8
239355,0.4444444444444444
107999,0.75
98972,0.4583333333333333
1147065,1.0
1146238,0.8
73463,0.75
99031,0.75
98937,0.3333333333333333
1164945,0.0
277892,0.0
99098,0.5
244313,0.6
1382899,0.8571428571428571
99051,0.45454545454545453
2340286,0.0
99024,0.6571428571428571
239857,0.6666666666666666
240481,0.7272727272727273
73470,0.5517241379310345
257503,1.0
99131,0.5
247110,0.5714285714285714
109734,0.6
98934,0.4666666666666667
244316,0.75
99045,1.0
141893,0.75
244314,0.6666666666666666
107743,0.0
108006,0.75
570195,1.0
141902,0.5294117647058824
107911,0.7894736842105263
292556,0.8571428571428571
244196,1.0
240435,0.25
651629,0.0
254040,1.0
223182,1.0
98936,0.875
239848,1.0
649739,1.0
98986,1.0
98981,0.6666666666666666
217739,1.0
108029,0.0
558038,0.75
603138,0.0
98970,1.0
223138,0.7142857142857143
107751,1.0
240440,0.5
1751874,0.6666666666666666
223194,0.5
1858908,1.0
1224357,1.0
503400,0.8
223175,0.68
223180,0.9090909090909091
570092,1.0
107768,1.0
108145,0.8461538461538461
99017,0.6428571428571429
1484167,1.0
653244,0.8
252340,1.0
107952,1.0
223187,0.75
108047,0.75
108151,1.0
99041,0.8
107930,0.8205128205128205
631351,1.0
244310,0.8571428571428571
1971740,1.0
1577352,0.75
557401,1.0
1138042,0.9
223157,0.8333333333333334
108060,0.8421052631578947
99082,0.6666666666666666
108066,0.782608695652174
98955,0.7857142857142857
240483,0.9032258064516129
559409,0.8947368421052632
109748,0.8363636363636363
223176,0.8571428571428571
258875,0.9090909090909091
223136,0.8378378378378378
107867,0.75
223140,0.9
240441,0.8
217741,0.8
107812,0.8125
99015,0.6666666666666666
99073,0.8571428571428571
223169,0.6944444444444444
2160816,1.0
223177,0.8461538461538461
239356,0.8181818181818182
1526288,1.0
1889985,1.0
240437,0.7941176470588235
1212489,0.8421052631578947
107859,0.9090909090909091
116265,0.8571428571428571
109742,0.9523809523809523
107718,0.75
1485278,1.0
1724101,0.8421052631578947
99014,0.8333333333333334
2531544,0.875
1583951,0.8235294117647058
108010,0.8888888888888888
223172,0.92
98997,0.83
1642905,0.8333333333333334
107994,0.6428571428571429
1146180,0.8461538461538461
107913,0.8947368421052632
107993,0.875
223192,0.7872340425531915
223150,0.9583333333333334
99104,0.9574468085106383
98999,0.9090909090909091
124460,0.8333333333333334
223143,0.9090909090909091
257022,0.9230769230769231
223144,1.0
3393901,1.0
107990,0.8666666666666667
107957,1.0
223167,0.9333333333333333
73481,1.0
98959,0.8673469387755102
107844,0.9423076923076923
1549134,0.875
257507,0.8222222222222222
217746,0.8823529411764706
1416435,0.8888888888888888
109751,1.0
1174691,0.9
1158744,1.0
268149,0.9102564102564102
240439,0.9285714285714286
107783,0.9787234042553191
99120,0.9482758620689655
98966,0.8
1733514,1.0
223152,0.9444444444444444
98996,0.8987341772151899
223165,0.8823529411764706
1222237,1.0
223153,1.0
108002,0.8958333333333334
123943,0.8181818181818182
107947,0.84
223139,0.9425287356321839
108142,0.9122807017543859
107929,1.0
107776,0.9230769230769231
99103,0.8857142857142857
223171,0.8888888888888888
1197126,0.8888888888888888
223142,0.8461538461538461
268145,0.9459459459459459
107711,0.8125
98954,0.8834355828220859
1236696,1.0
223159,0.9382716049382716
98944,0.9045801526717557
1645644,1.0
124937,0.9176470588235294
223155,0.875
674319,0.9375
107954,0.9375
1657341,0.9322033898305084
98991,0.9097222222222222
98943,0.9419354838709677
107908,1.0
878451,0.9642857142857143
1103488,0.9814814814814815
223228,0.9354838709677419
99066,0.9428571428571428
223193,0.9107142857142857
217744,1.0
657890,1.0
1649109,0.972972972972973
223166,1.0
1863251,1.0
645215,0.8
107826,0.9008264462809917
1575212,0.96875
99135,0.8916666666666667
288460,0.9148936170212766
99058,0.9225352112676056
108061,0.9354838709677419
99010,0.9451476793248945
1556786,1.0
99007,0.9245283018867925
223134,0.8974358974358975
108004,0.9285714285714286
223189,0.9
223147,1.0
107982,0.9583333333333334
99006,0.93125
277894,1.0
98956,0.9230769230769231
1440365,1.0
671200,0.9285714285714286
286987,0.9182389937106918
99116,0.9166666666666666
609502,0.9166666666666666
107856,0.9176470588235294
226753,0.9230769230769231
99110,0.8771929824561403
107986,1.0
220094,0.9743589743589743
107991,1.0
1026192,0.96
293234,0.9803921568627451
812523,0.9444444444444444
1237172,1.0
286988,1.0
268151,0.9661016949152542
525232,0.9096774193548387
223173,0.9245283018867925
239865,1.0
1724007,1.0
1478311,1.0
223227,0.9294117647058824
1100784,0.9375
1852890,0.9696969696969697
266145,1.0
99137,0.9285714285714286
570279,0.9741379310344828
1846923,1.0
631349,0.9333333333333333
608401,0.9534883720930233
641273,0.9419642857142857
622987,1.0
530458,0.9473684210526315
223145,0.9186991869918699
596013,0.9674418604651163
518371,1.0
1511925,0.9285714285714286
99055,0.96
1879027,0.9253731343283582
223146,0.9411764705882353
219703,0.9179487179487179
224224,0.9811320754716981
1465162,0.9717720857292211
99054,0.8961038961038961
2643161,1.0
208454,0.9672187715665976
217616,0.9629629629629629
93589,0.9628732849071832
99352,0.9680090327436959
578305,0.9748062015503876
1646128,0.9618380062305296
75698,0.963855421686747
1878946,0.9744680851063829
1791248,0.9230769230769231
1025779,0.9652448657187994
113309,0.9603658536585366
93467,0.9703315881326352
93419,0.9699570815450643
1456411,0.958904109589041
93335,0.9636963696369637
93543,0.9676519799219185
1500405,0.9564459930313589
498869,0.9623567921440261
641209,0.9503030303030303
1583937,0.9849397590361446
99371,0.9708193041526375
1940859,0.9871794871794872
99288,0.9520605550883096
99332,0.956989247311828
1786395,0.9389920424403183
1963673,0.9536423841059603
93382,0.9481216457960644
624442,0.9568345323741008
93464,0.9376590330788804
1379306,0.96
99382,0.9041850220264317
1383001,0.9033816425120773
99321,0.9114470842332614
1027901,0.917098445595855
112053,0.9655172413793104
80107,0.9357142857142857
93475,0.9386861313868613
93390,0.9081491712707183
2622936,1.0
502407,0.9583333333333334
1858923,0.958217270194986
93334,0.9328449328449329
617306,0.8311258278145696
121987,0.9566115702479339
217623,0.9217877094972067
93561,0.9304878048780488
1007724,0.9270833333333334
93351,0.9464285714285714
93565,0.8992443324937027
112066,0.8927522037218414
1149404,0.8927038626609443
217629,1.0
93345,0.9370567375886525
93333,0.9106078665077473
93517,0.9102507699076111
290978,0.8952316991269308
247814,0.9224137931034483
93364,0.9375
93401,0.9248366013071896
93440,0.8837772397094431
246797,0.8499298737727911
673080,0.9232558139534883
125274,0.9397590361445783
93344,0.8947368421052632
99766,0.90863890615289
121981,0.9183222958057395
234762,0.9075342465753424
3168954,0.8837209302325582
99443,0.8836898395721925
93526,0.8955613577023499
99357,0.8636363636363636
235228,0.9002375296912114
219622,0.8645833333333334
1165409,1.0
1146076,1.0
234764,1.0
1872507,0.0
121985,1.0
616887,1.0
260396,0.8909090909090909
122007,0.7334905660377359
249780,0.8431372549019608
3506933,1.0
214197,0.7778592375366569
598980,0.8888888888888888
1448670,0.8461538461538461
557499,0.59375
93356,0.6496815286624203
1206876,0.8
217613,0.6968641114982579
1164614,0.5
665814,0.75
1990870,1.0
1141305,0.8333333333333334
1699664,1.0
284904,0.7333333333333333
1547031,0.6666666666666666
1147661,0.0
122011,0.5909090909090909
3572583,1.0
267183,0.7368421052631579
1176643,0.6666666666666666
540545,0.42857142857142855
99287,0.6844262295081968
673661,0.7326732673267327
3502291,1.0
224229,0.7846534653465347
580078,0.7288135593220338
1201662,0.84375
225944,0.6
651216,0.5
93380,0.47368421052631576
543021,0.0
2109422,1.0
290982,0.6538461538461539
2027969,1.0
268217,1.0
268218,1.0
530265,1.0
235236,1.0
122022,0.8
93572,0.0
254281,0.75
281695,0.6666666666666666
774805,0.9
93384,0.7692307692307693
239836,0.9655172413793104
320562,0.8163265306122449
1049347,1.0
99292,0.8571428571428571
662519,1.0
651265,1.0
1199530,1.0
1575440,0.9285714285714286
1497765,1.0
1170336,0.6
93421,0.7594827586206897
1207461,1.0
249710,0.8257839721254355
1161809,1.0
1961167,1.0
1199940,1.0
290987,0.9257425742574258
1155229,0.788235294117647
93539,0.8837209302325582
1161789,1.0
1161790,1.0
256738,0.8854961832061069
113343,0.8328530259365994
93357,0.9041533546325878
93520,0.8877525567473186
75711,0.892578125
267182,0.8225806451612904
93470,0.8857493857493858
1164645,0.9054054054054054
1938661,0.8678440925700366
142114,0.8569667077681874
649058,0.8683385579937304
224217,0.8793103448275862
249656,0.9795918367346939
1175436,1.0
1217376,0.847953216374269
80093,0.9111111111111111
3541823,0.8571428571428571
113297,0.8933333333333333
1146072,1.0
1497821,1.0
596200,0.8936170212765957
80081,0.8786764705882353
223023,0.8593796159527326
93438,0.5
616735,0.8857142857142857
208888,0.8833333333333333
1465008,0.9056603773584906
1048678,0.8820224719101124
550885,0.9
217627,0.8617021276595744
99447,0.8637037037037038
93581,0.9166666666666666
80075,0.8656716417910447
99307,0.8993891484010061
655870,1.0
643970,0.8780487804878049
564851,0.9194139194139194
93545,0.8910540301151462
93633,0.8888888888888888
674743,0.8267716535433071
671150,0.8903088391906283
112062,0.9005714285714286
223022,0.8821292775665399
93403,0.9429967426710097
122015,0.9182027649769585
93374,0.8986486486486487
93625,0.9116465863453815
99302,0.9243697478991597
93376,0.9127358490566038
673077,0.9103641456582633
93437,0.9024390243902439
93575,0.9308755760368663
217622,0.8936708860759494
112019,0.8971631205673759
223021,0.9144893111638955
93486,0.9099804305283757
93339,0.94141689373297
99774,0.9076517150395779
93466,0.8881004366812227
281697,0.9109375
93593,0.9305555555555556
93398,0.9186046511627907
75688,0.8914431673052363
99365,0.8910505836575876
2151571,0.9436619718309859
93612,0.9182282793867121
93586,0.9318181818181818
93359,0.9397590361445783
93622,0.9393346379647749
93452,0.9284802043422733
584986,0.9318181818181818
99333,0.9120198265179678
292140,0.8782608695652174
281234,0.9285714285714286
611947,0.9161118508655126
287626,0.9344512195121951
208455,0.9382022471910112
93555,0.9192399049881235
1234559,0.9257950530035336
93489,0.9562982005141388
630950,0.9554973821989529
1214829,0.9175475687103594
93579,0.8985868661679135
112041,0.9475524475524476
2096704,0.9545454545454546
249711,0.9148706896551724
1217245,1.0
488793,0.9224137931034483
1181739,0.9418604651162791
99388,0.9383983572895277
93450,0.9386117893268224
1128769,0.9258241758241759
209382,0.9393939393939394
112039,0.9190687361419069
1462005,0.9382022471910112
99391,0.9372549019607843
1783324,0.9284436493738819
93379,0.9151696606786427
93607,0.9097387173396675
93618,0.9269949066213922
1177864,0.9361702127659575
518280,0.9370932754880694
1218720,0.9430379746835443
126257,0.9099616858237548
1464151,0.940625
1486164,0.9597701149425287
609602,0.8860759493670886
607712,0.9253246753246753
1390172,0.9483870967741935
93571,0.9381918819188192
93583,0.94
93358,0.9121544869367664
99425,0.897029702970297
1157456,0.9517543859649122
93337,0.975
93435,0.9603746397694525
1563892,0.9534883720930233
1477775,0.9272237196765498
254605,0.9662447257383966
122014,0.9302884615384616
575732,0.9518987341772152
220243,0.9512195121951219
1733337,0.9722222222222222
1485603,0.956386292834891
80110,0.9328358208955224
224223,0.9366336633663367
93516,0.9417685118619699
93383,0.9250720461095101
121991,0.9024390243902439
194238,0.9520833333333333
224226,0.9248554913294798
1235341,0.9428571428571428
99387,0.9518072289156626
223019,0.9299754299754299
1308397,0.9551569506726457
122005,0.9331723027375202
121996,0.9584295612009238
262330,0.9464285714285714
313862,0.95
93568,0.9375
3235844,0.965
1553789,0.9136690647482014
122004,0.9615384615384616
1158763,0.9565217391304348
455186,0.9443231441048034
80083,0.9769820971867008
251906,0.9567099567099567
121998,0.9550173010380623
93562,0.9479495268138801
225942,0.9405646359583952
1149402,0.9345238095238095
93569,0.9358974358974359
2173604,0.9575551782682513
1601249,0.9547657512116317
217630,0.9627329192546584
112021,0.9712460063897763
601762,0.9644268774703557
1595302,0.9208860759493671
1139717,0.9435825105782792
93477,0.9583931133428981
93462,0.9401913875598086
502408,0.9668721109399075
514488,0.9203539823008849
99368,0.9653465346534653
612263,0.949221394719025
249712,0.9539267015706806
620040,0.958981612446959
632551,0.8930232558139535
1237128,0.973421926910299
1060157,0.9099437148217636
157057,0.9423076923076923
93346,0.9403409090909091
1201072,0.9575971731448764
75737,0.9387483355525965
121999,0.9615384615384616
93430,0.9646341463414634
1949647,0.9597701149425287
93606,0.9558011049723757
675616,0.9446808510638298
277882,0.9459459459459459
93454,0.9399690162664601
112064,0.9344
93431,0.9518072289156626
1806062,0.9392361111111112
93507,0.9580838323353293
866615,0.9201183431952663
217626,0.9753694581280788
93445,0.9698189134808853
93603,0.9298245614035088
93610,0.9641618497109826
2148819,0.987603305785124
99281,0.9803921568627451
99354,0.9376623376623376
1371825,0.9714285714285714
268216,0.9593613933236574
620399,0.9516129032258065
235238,0.94
571166,0.930379746835443
1186070,0.9631268436578171
1785018,0.9919786096256684
113311,0.9781931464174455
99392,0.9687687687687687
281071,0.9488272921108742
222959,0.9545454545454546
113298,0.946524064171123
99327,0.9688385269121813
208452,0.9790209790209791
1845644,0.9735099337748344
126260,0.9475862068965517
2079052,0.9550021843599825
223024,0.9548117154811715
292142,0.9746328437917223
93614,0.9594202898550724
113300,0.9623015873015873
273530,0.9710743801652892
93534,0.9831756046267087
1158753,0.9733333333333334
113329,0.9631979695431472
1218792,0.9742511823436679
634696,0.9769230769230769
93624,0.9767441860465116
2253206,0.9764957264957265
208453,0.9680094786729858
93352,0.9654901960784313
1913413,0.9352290679304898
93457,0.9604185623293904
630409,0.9646882043576258
93585,0.9868421052631579
93623,0.952755905511811
80087,0.9789029535864979
93566,0.9788461538461538
93525,0.9727722772277227
76049,0.9759036144578314
3191802,1.0
1015206,0.9801587301587301
578694,0.9833333333333333
107836,0.9644444444444444
247108,0.9795918367346939
99109,0.9789029535864979
615260,0.9565217391304348
1205162,0.9666666666666667
108141,0.9924242424242424
1438752,0.9910714285714286
1573321,0.9854014598540146
266157,0.9669475048606611
113317,0.9884615384615385
3236579,1.0
1862847,0.9788732394366197
98979,0.956140350877193
73445,1.0
220240,0.9423076923076923
87659,0.9768707482993197
841981,0.9864341085271318
114578,0.9467741935483871
111509,0.9560975609756097
79228,0.95
1045286,0.9795918367346939
223061,0.9566473988439307
111487,0.9655765920826161
114581,0.9539170506912442
235385,0.9074074074074074
90955,0.9719298245614035
90976,0.9713375796178344
87573,0.9062003179650239
90952,0.8888888888888888
142296,0.8571428571428571
114583,0.8847262247838616
123234,0.8974358974358975
278718,0.8823529411764706
87576,0.8491735537190083
484081,0.9
87627,0.8439716312056738
90922,0.7890909090909091
87595,0.8501440922190202
1743591,1.0
1200027,1.0
123293,1.0
290675,0.8809523809523809
595763,0.9166666666666666
123216,0.6
123292,0.4
123316,0.75
123217,0.7777777777777778
1632579,0.0
123290,0.5
596421,0.42105263157894735
123318,0.8333333333333334
488493,0.7872340425531915
123222,1.0
123317,0.8461538461538461
123209,0.6
3572384,0.0
1164776,1.0
676721,0.5
90918,0.8245614035087719
87610,0.9130434782608695
278717,1.0
87600,1.0
123230,1.0
774987,0.0
123232,0.0
123224,0.75
90973,0.9196141479099679
87657,0.9236842105263158
299922,0.9322033898305084
591177,0.9272727272727272
1149495,0.9218289085545722
87566,0.9122340425531915
114600,0.8762541806020067
123225,0.927007299270073
281340,0.9166666666666666
87656,0.8586723768736617
87613,0.9109311740890689
90969,0.9304347826086956
87614,0.96
650708,1.0
87618,0.9162995594713657
87592,0.9372647427854455
87590,0.933931484502447
123319,0.9234167893961709
1052716,0.9757709251101322
273262,0.9315068493150684
114608,0.9283819628647215
90916,0.9891304347826086
225108,0.9156118143459916
1186401,0.9217391304347826
250023,0.9504643962848297
235386,0.8787878787878788
87665,0.9298245614035088
90986,0.943069306930693
114577,0.9486166007905138
217510,0.934819897084048
91042,0.9619651347068146
87608,0.9530685920577617
90766,0.9615384615384616
87635,0.9341216216216216
1075753,0.942
498305,0.9523809523809523
1477545,0.9623430962343096
87629,0.9676375404530745
87620,0.9579579579579579
87617,0.9418655097613883
87648,0.9334112149532711
111501,0.942803738317757
1140049,0.9661016949152542
90963,0.952054794520548
90957,0.9602076124567474
87602,0.9654654654654654
87637,0.9770992366412213
87645,0.9507042253521126
90762,0.941747572815534
114604,0.9516994633273703
490891,0.9744897959183674
287568,0.9284940411700975
87571,0.9536679536679536
90985,0.9623552123552124
262831,0.952513966480447
111500,0.9780077619663649
87638,0.9338146811070999
114595,0.971063829787234
2525636,0.9491525423728814
1389502,0.9741935483870968
2648906,0.9702970297029703
87603,0.9619482496194824
90975,0.9694533762057878
1742256,0.9680851063829787
87640,0.9852941176470589
1235890,0.9746031746031746
674288,0.9847715736040609
304277,0.9728506787330317
90959,0.9854469854469855
286793,0.9868421052631579
224036,0.9832635983263598
609738,0.9749478079331941
247154,0.9459459459459459
1027237,0.9680232558139535
293203,0.9823651452282157
505788,0.9823943661971831
111486,0.978891820580475
2042562,0.9908256880733946
236299,0.9764437689969605
87632,0.9748743718592965
111490,0.9880952380952381
111507,0.9789103690685413
619615,0.9900497512437811
225105,0.9814432989690721
114591,0.9700598802395209
111492,0.984725050916497
1566945,0.991362763915547
87654,0.981679389312977
217498,0.9857244825124911
84505,0.9507829977628636
248239,0.9640287769784173
77264,0.9459459459459459
119382,0.9700996677740864
84517,0.972027972027972
76793,0.9511111111111111
77888,0.9269005847953217
84555,0.9457364341085271
119483,0.890625
82491,0.9241706161137441
208191,0.8851095993953136
2236331,0.958904109589041
77798,0.8959276018099548
81761,0.9659090909090909
77714,0.8764478764478765
1457221,0.925
504815,0.8736842105263158
223054,0.92
83988,0.8970588235294118
82682,0.9534883720930233
272668,0.9338235294117647
76790,1.0
84224,0.9411764705882353
77866,0.8923679060665362
223049,0.875365141187926
84529,0.891566265060241
235456,0.8394160583941606
235134,0.76
78679,0.8085106382978723
1225375,0.9051724137931034
271600,1.0
113229,0.8257575757575758
549431,0.7948717948717948
77740,0.65625
577590,0.8571428571428571
2370300,1.0
84513,0.8085106382978723
1528649,1.0
576828,0.8775510204081632
84320,0.8282828282828283
611195,0.875
84499,0.7592592592592593
313508,0.7
939204,0.8181818181818182
240156,0.9230769230769231
81120,0.88
84442,0.8421052631578947
271595,1.0
549441,0.6974789915966386
256799,0.8571428571428571
223044,0.6379310344827587
570050,0.75
282463,0.72
1645834,0.6666666666666666
119492,0.7
223050,0.7142857142857143
559383,0.7027027027027027
1931273,1.0
535826,0.0
3348276,1.0
1591524,0.6190476190476191
82305,0.6666666666666666
3438742,1.0
82496,0.4444444444444444
119399,0.7272727272727273
217256,0.5882352941176471
575416,0.7777777777777778
1186068,0.5416666666666666
77761,0.8
613619,0.5833333333333334
217240,0.4807692307692308
589309,0.8181818181818182
1223148,0.5
82498,0.45454545454545453
77852,0.8081081081081081
81285,0.8666666666666667
266004,0.875
76446,0.9166666666666666
249704,0.6666666666666666
77809,0.8579881656804734
281769,0.7916666666666666
1229893,0.6666666666666666
1743425,1.0
1640422,1.0
247755,1.0
271581,0.875
235430,0.7925925925925926
1642879,0.0
84202,0.75
271479,1.0
817023,0.8333333333333334
244432,1.0
271607,0.7142857142857143
3364389,1.0
119390,0.6956521739130435
271601,1.0
84480,0.8256880733944955
291209,1.0
271606,0.5
77717,0.7105263157894737
2521962,1.0
2505057,1.0
2232268,1.0
81763,1.0
248069,0.8235294117647058
1488816,1.0
271481,1.0
77753,0.8122270742358079
84365,0.7272727272727273
2202132,1.0
226148,0.8
119434,0.8235294117647058
84441,1.0
276208,0.7897435897435897
634746,0.8571428571428571
77729,0.8928571428571429
613137,0.8727272727272727
119422,0.8623853211009175
249692,0.8333333333333334
77859,0.6944444444444444
225809,0.8791208791208791
82304,0.9333333333333333
77260,0.8596491228070176
77262,0.75
119414,0.8691588785046729
84515,0.9263803680981595
1752249,0.8775510204081632
553344,0.926829268292683
239812,0.828125
84434,0.9344262295081968
77844,0.7959183673469388
275366,0.8571428571428571
84483,1.0
553345,0.8666666666666667
119464,0.8888888888888888
252254,1.0
235133,0.9130434782608695
268977,0.8640776699029126
1007413,1.0
1488412,1.0
2698092,1.0
119454,0.8666666666666667
84553,0.9090909090909091
82684,0.8048780487804879
3337599,1.0
240151,0.9074074074074074
632541,0.9032258064516129
226056,0.8
570515,1.0
113221,0.8685897435897436
78688,0.915068493150685
77829,0.9215686274509803
82633,0.8653846153846154
76460,0.8
223051,0.9325396825396826
82494,0.8769230769230769
1628828,0.5
84286,0.7878787878787878
77870,0.9285714285714286
502971,0.930715935334873
77282,0.8732782369146006
77247,0.9277566539923955
82689,0.9084507042253521
77923,0.8703241895261845
84437,0.8032786885245902
81768,0.9320987654320988
657068,1.0
119388,0.9012738853503185
77970,0.9228611500701263
223042,0.9125
84428,0.8604651162790697
1657336,0.9242424242424242
76325,0.9642857142857143
82578,0.9378531073446328
650376,0.8611111111111112
77237,0.8779620853080569
77277,0.9221556886227545
1528623,0.9032258064516129
81757,0.9183673469387755
240875,0.9212598425196851
84253,0.8878627968337731
249696,0.8648180242634316
630945,0.9473684210526315
77708,0.946524064171123
223046,0.9508196721311475
1963681,1.0
84182,0.9375
82148,0.9594594594594594
2072559,0.9393939393939394
77274,0.9028156221616712
82656,0.9402985074626866
84167,0.9013980868285504
119443,0.9136468774094063
82636,0.9553571428571429
82679,0.8921568627450981
124956,0.8714733542319749
272703,0.9817073170731707
76061,0.925531914893617
133994,0.9103448275862069
223013,0.8828828828828829
77232,0.9240506329113924
84422,0.9353932584269663
82318,0.8928571428571429
77256,0.9132791327913279
77874,0.8984156570363467
77931,0.9177215189873418
656235,0.9210526315789473
81765,0.9312169312169312
673130,0.9036144578313253
76458,0.8734177215189873
84453,0.9367088607594937
82501,0.9554455445544554
77944,0.9411764705882353
76442,0.9175977653631285
82650,0.9640287769784173
77917,0.9563318777292577
1782807,0.96
82150,0.96
1456409,0.9318568994889267
78037,0.93
77787,0.9120879120879121
77243,0.9285714285714286
507339,0.9401709401709402
638765,0.9425287356321839
78046,0.9402985074626866
119479,0.9497907949790795
621153,0.9560439560439561
78694,0.949667616334283
84522,0.9426356589147287
1516481,0.9898107714701602
674283,0.9791666666666666
84440,0.9411764705882353
82686,0.9465875370919882
77700,0.9181184668989547
84463,0.9261006289308176
84561,0.9559322033898305
119421,0.9793103448275862
77827,0.9214501510574018
78682,0.9629171817058096
1100791,0.9382716049382716
81170,0.9675925925925926
274223,0.9478672985781991
224168,0.9539170506912442
595476,0.9666666666666667
77270,0.9758269720101781
1049387,0.9694656488549618
1439222,0.9767441860465116
77157,0.9709443099273608
2154898,0.9204545454545454
1563899,0.9512195121951219
77775,0.978494623655914
76083,0.9358452138492872
249693,0.9629629629629629
111751,0.9695121951219512
223041,0.972809667673716
77804,0.9671610169491526
112052,0.9826086956521739
84502,0.9850980392156863
1858565,0.9852216748768473
1485961,0.9592298980747452
1746459,0.975
224214,0.967714528462192
1503474,0.9755700325732899
1572980,0.9846743295019157
1888977,0.9685534591194969
1415127,0.9916434540389972
1456416,0.9677996422182469
1028569,0.9547738693467337
80092,0.9875
1510002,0.9791425260718424
1479774,0.9675925925925926
112136,0.987012987012987
220059,0.9487179487179487
224279,0.9411764705882353
112132,0.9289805269186713
102550,0.9183673469387755
102463,0.9612141652613828
96712,0.8830188679245283
102510,0.927007299270073
112145,0.9419354838709677
249126,0.9722222222222222
96705,0.9539295392953929
102480,0.942215088282504
96737,0.9211908931698775
122332,0.9136490250696379
102472,0.9470899470899471
220057,0.83
102492,0.779874213836478
102509,0.7037037037037037
1097234,1.0
122335,0.5263157894736842
1861737,0.6
96684,0.4461538461538462
1778574,0.5833333333333334
122328,0.25
122324,0.42857142857142855
122337,0.45454545454545453
102539,0.6571428571428571
96730,0.8172043010752689
102495,0.6585365853658537
96715,0.7566666666666667
74370,0.819047619047619
1164882,0.6666666666666666
1176615,0.89375
96726,0.8877005347593583
102707,0.89272030651341
102519,0.8654970760233918
96721,0.8739130434782608
102537,0.8881118881118881
220058,0.8214285714285714
271793,0.8451612903225807
102542,0.891566265060241
115448,0.84472049689441
102503,0.8225806451612904
142181,0.8671328671328671
115444,0.9044117647058824
112137,0.8397435897435898
1022889,0.9302325581395349
96688,0.9210526315789473
112129,0.9105263157894737
125307,0.891647855530474
96698,0.9298245614035088
123541,0.9369918699186992
225275,0.9347826086956522
217682,0.9097472924187726
102710,0.8542336548767417
96686,0.8714285714285714
96711,0.928698752228164
247008,0.9560439560439561
122343,0.9792843691148776
74363,0.97
112124,0.9629629629629629
483277,0.9523809523809523
112134,0.9572815533980582
122325,0.9278074866310161
102466,0.9514218009478673
224280,0.9784172661870504
1091941,0.9774647887323944
499019,0.9735849056603774
662409,0.9672131147540983
122315,0.9702380952380952
122020,0.9850267379679144
3226761,0.99
96735,0.9776357827476039
3186945,1.0
226730,0.9841897233201581
224221,0.9940546967895363
99762,0.9857549857549858
93340,0.9834888729361091
570285,0.9611764705882353
1353074,0.9746835443037974
1674220,0.9402985074626866
1438859,0.9875
99455,0.9535232383808095
2151543,1.0
611291,0.9795918367346939
1200768,0.9506172839506173
218770,0.9577981651376147
482154,0.9726477024070022
80668,0.9529109589041096
80255,0.9791907514450867
287392,0.9697624190064795
79954,0.9757975797579758
79868,0.9797297297297297
82868,0.9683908045977011
268158,1.0
80251,0.9672489082969432
112279,0.9695121951219512
665258,0.9280762564991335
1147616,0.987012987012987
658421,0.9650793650793651
268157,0.9793510324483776
80219,0.949290060851927
119721,0.9249422632794457
80154,0.8947368421052632
83637,0.9333333333333333
223026,0.9525423728813559
83500,0.9197080291970803
79985,0.9671361502347418
218939,0.956989247311828
80588,0.967391304347826
79913,0.9457142857142857
80131,0.9303621169916435
235416,0.9278350515463918
217273,0.937888198757764
80232,0.9351351351351351
119733,0.9158878504672897
82443,0.9050279329608939
80019,0.8702290076335878
80033,0.8765432098765432
78152,0.8653846153846154
80570,0.8125
119780,0.7857142857142857
225848,0.9166666666666666
79921,0.9210526315789473
80360,0.8589743589743589
224497,0.918918918918919
226611,0.8951048951048951
247027,0.9
80138,0.8837209302325582
115612,0.8571428571428571
80280,0.75
258654,0.875
80244,0.7654320987654321
226602,0.9
586465,0.0
119776,1.0
226607,1.0
313514,0.4
119726,0.6923076923076923
119734,0.8823529411764706
1640258,1.0
80615,0.8076923076923077
119762,0.5585585585585585
80192,0.6506024096385542
635040,0.6
123716,0.575
79888,1.0
119765,0.7142857142857143
80249,0.6666666666666666
1201989,0.5238095238095238
119755,0.75
112280,0.8860103626943006
1508604,0.6428571428571429
590139,0.9393939393939394
80350,0.8055555555555556
1104554,0.7857142857142857
83372,0.85
82596,0.8
83092,0.8260869565217391
224489,1.0
226601,0.75
83489,0.6129032258064516
80126,0.875
80246,0.7538461538461538
80276,0.631578947368421
266324,0.7755102040816326
119748,0.8235294117647058
80014,0.8306451612903226
79880,0.9095477386934674
79977,0.8161434977578476
80004,0.8012820512820513
79896,0.8125
650054,0.8787878787878788
119735,0.8596491228070176
82436,0.7794117647058824
80094,0.9714285714285714
550891,1.0
83575,0.7697841726618705
1100081,1.0
80530,0.8095238095238095
254300,0.6923076923076923
80189,0.8719512195121951
266323,0.9154929577464789
80096,0.9347826086956522
83958,0.9354838709677419
1109434,0.9210526315789473
1451746,0.8823529411764706
82688,0.8985507246376812
224494,0.7419354838709677
1647864,0.9166666666666666
272663,0.8827160493827161
80311,0.8833333333333333
585279,0.8571428571428571
623586,0.9155844155844156
280605,0.9753086419753086
226623,0.9253731343283582
295745,1.0
79942,0.8861386138613861
240889,0.841897233201581
83322,0.967741935483871
80291,0.9049429657794676
226612,0.8974358974358975
80011,0.9324324324324325
223025,0.8472222222222222
119746,0.8666666666666667
83895,0.9315068493150684
119716,0.9018691588785047
224353,0.9297297297297298
119753,0.9508196721311475
141999,0.8055555555555556
80161,0.9183673469387755
83259,0.8848920863309353
80580,0.8857142857142857
80167,0.8943338437978561
76741,0.9156976744186046
80106,0.8707865168539326
80618,0.8102766798418972
80423,0.8864142538975501
119742,0.900990099009901
81797,0.9354838709677419
223776,0.9727891156462585
224490,0.9
83711,0.9380530973451328
79930,0.9146919431279621
80223,0.9094650205761317
224242,1.0
82478,0.900497512437811
80593,0.8502673796791443
556822,0.9315960912052117
80193,0.9068181818181819
119710,0.9330143540669856
501297,0.9186602870813397
80643,0.9251101321585903
285427,0.8951965065502183
80266,0.9563318777292577
194176,0.9248826291079812
80582,0.8995215311004785
218778,0.9565217391304348
80198,0.9226519337016574
218777,0.9382239382239382
80133,0.9216757741347905
80067,0.9148936170212766
119729,0.912621359223301
602719,0.9148936170212766
631235,0.9705882352941176
80327,0.9423076923076923
80562,0.9362244897959183
79873,0.9523809523809523
80733,0.9233333333333333
80602,0.8946098149637972
83660,0.9767441860465116
82821,0.9765625
119768,0.9606299212598425
79971,0.9434954007884363
518294,0.9423076923076923
212059,0.9333333333333333
79981,0.9221105527638191
258655,0.9225053078556263
83361,0.9153498871331829
79902,0.9285714285714286
80654,0.9513513513513514
119728,0.9121212121212121
628619,0.9399656946826758
80590,0.9644808743169399
601802,0.9642857142857143
115598,0.9618320610687023
223220,0.9342105263157895
112258,0.9671361502347418
119730,0.9475100942126514
223027,0.9642857142857143
80109,0.9611231101511879
112247,0.9835390946502057
226619,0.9406175771971497
112281,0.9659090909090909
83078,0.9848484848484849
223973,0.9795918367346939
1011240,0.950836820083682
83646,0.9581673306772909
272662,0.9655172413793104
79907,0.9594272076372315
80129,0.9765625
625335,0.9780821917808219
78135,0.9516129032258065
244513,0.9818181818181818
113905,0.9449715370018975
80113,0.9746835443037974
218780,0.9559748427672956
81352,0.9825072886297376
83245,0.955193482688391
115613,0.9586206896551724
80227,0.955193482688391
119732,0.9421487603305785
1732285,0.9594594594594594
2340364,0.9326923076923077
123559,0.9634146341463414
99458,0.9593114241001565
1236032,0.967391304347826
258651,0.9596231493943472
2039194,1.0
645211,0.9279279279279279
1175533,0.8918918918918919
240451,0.9596774193548387
497953,0.9397590361445783
223058,0.9024390243902439
1200881,0.896551724137931
223712,0.9375
223706,0.9777777777777777
108703,0.9528301886792453
676703,0.9574468085106383
953773,0.9038461538461539
1116329,0.9393939393939394
108932,0.9523809523809523
108408,0.9230769230769231
2064903,0.9230769230769231
108533,0.9215686274509803
99420,0.9574468085106383
99487,0.9217081850533808
99445,0.935
108534,0.9333333333333333
1165284,0.9318181818181818
108382,0.8947368421052632
223697,0.9026548672566371
1562631,0.9523809523809523
99416,0.9101123595505618
99499,0.8503937007874016
1465109,0.8602150537634409
108936,0.96
108736,0.7857142857142857
223696,0.8695652173913043
465532,0.7941176470588235
108913,0.8571428571428571
1164501,0.92
99450,0.9024390243902439
99441,0.8623853211009175
1163830,0.8
99464,0.8095238095238095
225490,0.7346938775510204
273367,0.7692307692307693
108791,0.8947368421052632
1164348,0.9375
108943,0.775
1021483,0.9259259259259259
108171,0.9310344827586207
604553,0.75
99418,0.6363636363636364
1165123,0.9090909090909091
108642,0.75
108206,1.0
240568,0.6896551724137931
590753,0.8333333333333334
240452,0.0
259215,0.0
108577,0.5
244322,0.7142857142857143
1235859,0.5
99497,0.8275862068965517
99527,0.8
240457,1.0
99513,0.7045454545454546
108190,0.72
99508,0.6
223690,0.6666666666666666
1528530,0.6
223703,0.5
99536,0.7021276595744681
293240,0.6666666666666666
223687,0.5714285714285714
108935,1.0
108608,0.5625
108939,0.5909090909090909
831103,0.4
501431,0.25
222987,0.5789473684210527
99502,0.6666666666666666
625462,0.0
643318,0.45454545454545453
295487,1.0
530411,0.6744186046511628
260945,0.8333333333333334
108219,0.46153846153846156
577395,0.47058823529411764
99521,0.5918367346938775
108857,0.5833333333333334
99542,0.3888888888888889
108933,0.4782608695652174
239357,0.16666666666666666
472231,0.3333333333333333
247839,0.625
491073,0.6666666666666666
99431,0.46153846153846156
99501,0.6
108303,0.7142857142857143
239967,0.8571428571428571
239973,0.75
108426,0.782608695652174
123710,0.4090909090909091
108255,0.4423076923076923
108938,0.1111111111111111
108253,0.35714285714285715
239968,0.7647058823529411
259218,0.47368421052631576
1643616,0.0
99514,0.6666666666666666
244319,0.6666666666666666
244321,1.0
108934,0.5945945945945946
99414,0.5
1209962,0.875
108941,0.625
559584,1.0
239972,0.7142857142857143
260935,0.6666666666666666
108158,0.8367346938775511
99506,0.5
108252,1.0
99540,0.7412587412587412
239966,1.0
239974,0.8235294117647058
99452,0.5238095238095238
240487,0.7111111111111111
550977,0.5
249576,0.45454545454545453
1743841,1.0
483322,0.8571428571428571
1146357,0.6666666666666666
122790,0.5454545454545454
1486231,0.92
99472,0.7407407407407407
99439,0.8055555555555556
99446,0.782608695652174
631249,0.75
108931,0.8571428571428571
99515,0.5555555555555556
108154,0.7727272727272727
2554690,0.5
645210,0.7777777777777778
1177260,0.75
73250,1.0
1209478,0.7619047619047619
216867,0.725
108831,0.7
122791,0.7241379310344828
1014760,0.696969696969697
99419,0.7878787878787878
99417,0.9130434782608695
99461,1.0
534695,0.875
108251,0.7731958762886598
226014,0.7058823529411765
497952,0.5
108574,0.8181818181818182
614530,1.0
108260,0.7464788732394366
1201142,1.0
254917,0.7142857142857143
1177887,0.88
239971,1.0
614476,0.75
252502,0.9176470588235294
99518,0.8507462686567164
146138,0.8732394366197183
99421,0.8918918918918919
73236,0.8260869565217391
534709,0.7
124464,0.75
108444,0.8363636363636363
621644,0.90625
1741181,1.0
569882,0.8507462686567164
223229,1.0
590278,0.9210526315789473
1382269,0.8536585365853658
99504,0.8773006134969326
99485,0.8775510204081632
108701,0.7857142857142857
223689,0.7142857142857143
248120,0.84
99476,0.7843137254901961
99451,0.825503355704698
320058,0.8484848484848485
223662,1.0
1139002,0.9310344827586207
108339,0.9176470588235294
108522,0.8897058823529411
108562,0.8787878787878788
99480,0.8363636363636363
508084,0.9090909090909091
247773,0.8907563025210085
108391,0.9444444444444444
217757,0.8985507246376812
108233,0.8857142857142857
2549268,0.88
1212773,0.9583333333333334
108922,0.9444444444444444
108364,0.9302325581395349
108487,0.9444444444444444
268525,0.7407407407407407
108250,0.8625954198473282
99531,0.8951310861423221
73242,0.8823529411764706
108676,0.855072463768116
99495,0.8714285714285714
1479977,1.0
574244,0.85
1762310,0.8666666666666667
99434,0.9119496855345912
108361,0.8863636363636364
109753,0.9056603773584906
99423,0.9029535864978903
108521,0.96
99438,0.9166666666666666
1657244,0.9130434782608695
99470,0.9052631578947369
1382347,0.9696969696969697
123557,0.8836206896551724
108306,0.9174757281553398
247123,0.9024390243902439
108884,0.9298245614035088
277948,0.9692307692307692
99462,0.9030303030303031
881708,0.9642857142857143
677533,0.9696969696969697
877968,0.9666666666666667
99433,0.9357142857142857
1552856,0.8888888888888888
112240,0.9411764705882353
1144554,0.9347826086956522
1676193,0.8787878787878788
223708,0.96875
675441,0.9642857142857143
99494,0.9355932203389831
99489,0.949238578680203
223716,0.9014084507042254
645212,0.9298245614035088
123556,0.9662921348314607
657967,1.0
575206,1.0
99437,0.9473684210526315
1200634,0.8611111111111112
553469,0.9442896935933147
112231,0.9541284403669725
1856923,1.0
223057,0.9318181818181818
1673471,0.9666666666666667
99468,0.84
1858821,1.0
1229785,0.9375
1156873,0.9714285714285714
99530,0.9314285714285714
1100734,0.9652173913043478
108908,0.96875
858424,0.9554655870445344
1477755,0.9696969696969697
1028312,0.9803921568627451
99440,1.0
1421297,1.0
617387,0.9375
657719,0.9893617021276596
223715,0.9375
1479635,0.8947368421052632
498346,0.934010152284264
1006634,0.9259259259259259
1390173,0.9855072463768116
112227,0.9505154639175257
1146124,0.9605263157894737
223230,0.9855072463768116
223669,0.9411764705882353
99453,0.9536679536679536
108763,1.0
2516677,0.9230769230769231
1566913,1.0
1514210,0.9558823529411765
99488,0.9568345323741008
608241,0.9714285714285714
1688532,0.9534883720930233
2155705,0.9753086419753086
320049,0.972972972972973
1502048,0.9740740740740741
1237001,0.9711934156378601
498304,0.9693486590038314
574448,0.9855072463768116
571835,0.9766666666666667
80735,0.9808429118773946
119769,0.9699499165275459
1027494,0.9727891156462585
543517,0.9768115942028985
678597,0.9753086419753086
112253,0.9770992366412213
112273,0.9829059829059829
656430,0.9829059829059829
268155,0.9841269841269841
73943,0.9836956521739131
781627,0.9894291754756871
112229,0.9879518072289156
108254,0.9720670391061452
239912,0.993103448275862
625299,0.986815415821501
1584731,0.9544025157232704
108571,0.9711884753901561
269651,0.968503937007874
656713,1.0
99535,0.9696727853152434
2554348,0.9473684210526315
1723698,0.9943820224719101
1140713,0.9919137466307277
1929352,0.98
1673679,0.9797979797979798
288617,0.9637681159420289
115484,0.9386120996441281
75662,0.9814814814814815
224757,0.9558823529411765
266322,0.9519230769230769
73896,0.9509803921568627
112178,0.9419953596287703
224250,0.9657142857142857
73957,0.9342825848849945
223861,0.975
142098,0.9411764705882353
73792,0.8837209302325582
73937,0.975609756097561
642935,1.0
74805,0.8
73712,0.75
1176612,0.8095238095238095
244405,0.9166666666666666
74652,0.7419354838709677
73727,0.8103448275862069
73760,0.7875
73977,0.7777777777777778
1646954,1.0
565626,0.5714285714285714
118790,1.0
119366,0.8571428571428571
1926212,0.5862068965517241
73985,0.6
73743,0.6170212765957447
73869,0.6428571428571429
1036415,0.5
73803,0.7272727272727273
119335,0.8947368421052632
223039,0.75
73768,0.5
248145,1.0
74724,0.16666666666666666
74561,0.4583333333333333
119314,0.7297297297297297
74732,0.7777777777777778
2309045,0.5
118794,0.25
217199,0.6956521739130435
74687,0.2727272727272727
73982,0.6111111111111112
74657,0.7619047619047619
73882,0.75
112175,0.7333333333333333
73875,1.0
1164638,0.7142857142857143
1160848,1.0
248361,1.0
73718,0.8051948051948052
74739,0.5
224749,0.5
119337,0.0
118793,0.0
73782,0.75
243927,0.6896551724137931
74410,0.6470588235294118
74720,0.7
73884,1.0
73817,1.0
239801,0.8
1160841,1.0
217193,0.6
74816,0.7857142857142857
74936,0.8571428571428571
73910,0.8333333333333334
74587,0.7272727272727273
73927,0.8431372549019608
119327,0.8333333333333334
73905,0.8041958041958042
3405788,1.0
1026671,1.0
73825,0.8947368421052632
73773,0.7272727272727273
73889,0.7787610619469026
74744,0.8333333333333334
74752,0.75
248358,1.0
73840,0.8470588235294118
3156712,0.6666666666666666
73859,0.8717948717948718
112162,0.7987012987012987
218100,0.8492063492063492
3513445,1.0
74758,0.89
271801,0.9338842975206612
262398,0.8823529411764706
239800,0.8735632183908046
119355,0.8676470588235294
119330,0.9322033898305084
118775,0.9642857142857143
73821,0.9130434782608695
239947,0.9714285714285714
73950,0.9381443298969072
73799,0.8852459016393442
1963064,0.8
240681,0.9468085106382979
543136,0.825
74583,0.971830985915493
223036,0.9024390243902439
73751,0.9655172413793104
73706,0.8407079646017699
74669,0.9583333333333334
73805,0.9381443298969072
73855,0.9044585987261147
74548,0.9772727272727273
73862,0.9285714285714286
74590,0.9777777777777777
74826,0.9814814814814815
73787,0.9247311827956989
73810,0.9772727272727273
74545,0.958904109589041
73739,0.9401709401709402
119351,0.9482758620689655
277997,0.9552795031055901
74624,0.95
119356,0.9514563106796117
729371,0.9824561403508771
115483,0.948051948051948
313465,0.9305555555555556
74834,0.96875
223273,0.9710144927536232
224733,0.9142857142857143
1174692,0.9473684210526315
112179,0.9386503067484663
115482,0.96
118778,0.9629629629629629
866697,0.96
754229,0.9647058823529412
866698,0.95
240682,0.9466666666666667
1158679,1.0
119353,0.9491525423728814
112154,0.9558011049723757
677854,0.972972972972973
74626,0.9328621908127208
816807,0.9638989169675091
119363,0.972972972972973
634649,0.9534883720930233
73757,0.9926470588235294
74845,0.8679245283018868
1201061,0.9714285714285714
1657449,0.9689922480620154
1485459,0.9512195121951219
1176581,0.9792746113989638
74927,0.9487179487179487
223035,0.9673202614379085
286542,0.9757085020242915
2627745,0.9888888888888889
2015227,0.9761904761904762
225578,0.9772727272727273
564652,0.9836065573770492
1200121,0.9523809523809523
73923,1.0
1147292,0.9715909090909091
223860,0.9641148325358851
119365,0.9848484848484849
1605022,0.975
73947,0.9429657794676806
122715,0.9779735682819384
3432111,0.92
98728,0.9658703071672355
98609,0.9609929078014184
109345,0.9478260869565217
585414,0.954954954954955
109353,0.984375
98606,0.9544419134396356
114942,0.9621771217712177
224228,0.9454545454545454
659532,0.9851485148514851
109456,0.9606299212598425
1493264,0.9
109367,0.9714285714285714
109335,0.9743589743589743
98733,0.99375
622920,0.9622641509433962
114948,0.9487179487179487
109571,0.948051948051948
109487,0.9183673469387755
98638,0.927536231884058
109438,0.8333333333333334
217721,0.9047619047619048
98644,0.865979381443299
111538,1.0
98719,0.8762886597938144
109412,0.8913857677902621
109474,0.8888888888888888
224240,0.9523809523809523
109371,0.9333333333333333
109426,0.9166666666666666
109427,0.8620689655172413
98640,0.9264705882352942
98647,0.8686131386861314
124066,1.0
239867,0.8461538461538461
98690,0.875
109352,0.38461538461538464
224237,0.5
1994522,1.0
244325,0.5
109479,0.5833333333333334
109407,0.7142857142857143
223056,0.5
260923,0.6666666666666666
1631539,1.0
98653,0.5
109062,0.6
589369,1.0
109455,0.5
109277,0.6666666666666666
98663,0.6666666666666666
2043022,0.4
109471,0.0
109309,0.5714285714285714
224222,0.55
224236,0.8
109379,0.5824175824175825
98652,0.5
98666,0.75
98664,0.7368421052631579
209356,0.5882352941176471
98623,0.7
109075,1.0
224235,0.5
1147227,0.0
656704,0.0
1175089,0.75
98617,0.6
98657,0.7692307692307693
1214715,0.8333333333333334
1474749,1.0
258628,0.8571428571428571
98721,0.625
557588,0.5
239871,0.8
98695,0.5
217717,0.6774193548387096
98713,0.896551724137931
217715,0.7659574468085106
98694,0.875
1176822,0.65
109035,0.8181818181818182
109453,0.9473684210526315
98675,0.8235294117647058
122721,0.7878787878787878
223045,0.8
109454,0.8032786885245902
98627,0.9534883720930233
109389,0.9361702127659575
73644,0.9210526315789473
611182,0.85
109039,1.0
98622,0.875
109399,0.8717948717948718
98678,1.0
109493,0.8888888888888888
98628,0.9
109325,0.875
656305,1.0
98704,0.75
1221734,0.8333333333333334
223632,0.75
98712,1.0
109339,0.9047619047619048
109391,0.7763157894736842
98730,0.91
98631,0.9107142857142857
98685,0.8709677419354839
224241,0.9537037037037037
98686,0.8979591836734694
217716,0.8333333333333334
223887,0.9622641509433962
109347,0.9259259259259259
652607,0.9264705882352942
98683,0.953125
122699,0.9125
223053,0.908675799086758
1218038,0.8969072164948454
109789,0.927710843373494
98717,0.9230769230769231
109351,0.9534883720930233
98639,0.9270833333333334
1235854,0.9444444444444444
98651,0.9772727272727273
98641,0.9508928571428571
1657223,1.0
224227,0.9615384615384616
224218,0.9222222222222223
98650,0.9142857142857143
543081,0.7647058823529411
109374,0.9512195121951219
601262,0.959349593495935
98679,0.9124236252545825
224130,0.9619047619047619
109370,0.9672131147540983
98634,0.9322033898305084
109334,1.0
109452,0.8725490196078431
98731,0.9264150943396227
259593,0.9488054607508533
98655,0.9337349397590361
1526976,0.9178743961352657
258626,0.9163763066202091
600113,0.8861788617886179
109336,0.95
280902,0.9230769230769231
109231,0.96875
111530,0.9072681704260651
98629,0.937007874015748
1845655,0.9523809523809523
109413,0.9638629283489096
109468,0.9880952380952381
98710,0.9650145772594753
2192761,0.9744318181818182
98727,0.9657534246575342
109404,0.944954128440367
1113787,0.9748110831234257
98726,0.9521739130434783
2280220,1.0
602600,0.9737470167064439
122703,0.9974747474747475
123562,0.9591078066914498
120159,0.978494623655914
813034,0.98
816774,0.9322033898305084
656530,1.0
247710,0.93125
120174,0.9594594594594594
866480,0.9369369369369369
88401,0.9354838709677419
261234,0.9495798319327731
1503358,0.9473684210526315
120161,0.9552238805970149
1165021,0.9629629629629629
84656,0.949438202247191
553883,0.9682539682539683
120135,0.9888888888888889
84655,0.9372549019607843
659250,0.95
1415635,0.9736842105263158
1174688,0.925
1025998,0.9629629629629629
1026989,0.7777777777777778
217076,0.875
84659,0.803921568627451
84644,1.0
84653,0.8947368421052632
84658,0.82
1024967,0.8611111111111112
88416,0.8727272727272727
88425,0.9411764705882353
84647,0.8121827411167513
295756,0.8095238095238095
84650,0.7777777777777778
88468,0.967741935483871
120170,0.7647058823529411
88451,0.8571428571428571
120158,0.2222222222222222
84635,0.6341463414634146
564631,0.5555555555555556
88405,0.5769230769230769
243711,0.6
120106,0.4
120157,0.5
88429,0.625
120128,0.6470588235294118
84664,0.8571428571428571
88449,0.2
88447,0.5
120109,0.6388888888888888
239840,0.6363636363636364
226993,0.5384615384615384
2296144,0.0
88436,0.9375
84660,0.375
1164991,0.6842105263157895
656584,0.9333333333333333
120167,0.85
88403,0.8023255813953488
555377,0.0
88419,0.0
88463,0.7
84617,0.5
224590,0.8983050847457628
88440,0.8846153846153846
256866,0.6521739130434783
268199,0.7727272727272727
120131,0.5714285714285714
88456,0.76
120171,0.8064516129032258
294735,0.8181818181818182
84637,0.8181818181818182
84626,0.75
120141,1.0
88444,0.0
120124,0.8571428571428571
88400,0.8979591836734694
120160,0.85
88423,0.9285714285714286
120153,0.8679245283018868
84649,0.75
1946045,0.8902439024390244
1235779,0.9565217391304348
1235363,1.0
88465,0.9285714285714286
1819974,0.8461538461538461
120111,0.9403973509933775
252242,0.9523809523809523
88408,0.872
84642,0.9158878504672897
84636,0.8421052631578947
88398,0.9253731343283582
120117,0.9743589743589743
88406,0.926829268292683
88395,0.9295774647887324
1164378,0.9032258064516129
226846,0.9361702127659575
88402,0.9285714285714286
120147,0.7741935483870968
88410,0.9014084507042254
84661,0.82
88417,0.9803921568627451
1450901,0.9148936170212766
88460,0.9130434782608695
120123,0.9473684210526315
610906,0.9736842105263158
120138,0.98
88442,0.9595959595959596
514468,0.9629629629629629
1450903,0.9180327868852459
1127473,0.9358974358974359
1176973,0.9263157894736842
120186,0.9622641509433962
84654,0.9655172413793104
120177,0.9523809523809523
223246,0.7777777777777778
88458,0.9300699300699301
472259,0.9863013698630136
1549318,0.968421052631579
816772,0.9790209790209791
1391989,0.9454545454545454
1223992,0.9226190476190477
653217,0.9767441860465116
1214730,0.9918032786885246
1566763,1.0
781648,0.9770114942528736
1201207,0.9745222929936306
1231084,0.9679144385026738
81708,0.8648648648648649
276205,0.8
81703,0.9148936170212766
81710,0.9545454545454546
81691,0.9
81653,0.6666666666666666
81688,0.75
557214,1.0
582475,1.0
253314,0.0
81662,0.2222222222222222
225252,0.8333333333333334
81659,0.7241379310344828
82283,0.8421052631578947
1022963,0.5454545454545454
1017214,0.3333333333333333
631720,0.7857142857142857
239815,0.8275862068965517
81625,0.7916666666666666
267662,0.8
1528601,1.0
1086739,0.7142857142857143
225266,0.7272727272727273
81700,0.5
81658,0.5625
81647,0.5789473684210527
81292,0.6875
654166,1.0
82323,0.875
119610,0.6666666666666666
225261,0.7719298245614035
82357,0.868421052631579
119608,0.7386363636363636
81677,1.0
119606,0.625
82208,0.90625
82321,0.8939393939393939
82299,0.9583333333333334
240060,0.9866666666666667
81644,0.9315068493150684
81699,0.9245585874799358
223968,0.9411764705882353
82156,0.897119341563786
287394,0.9090909090909091
81695,0.8814814814814815
81667,0.9338842975206612
81642,0.9090909090909091
119667,0.8903225806451613
81679,0.90625
324321,0.9392265193370166
81656,0.91
81302,0.9102564102564102
82169,1.0
223967,0.9414414414414415
225253,0.9433962264150944
119644,0.9595959595959596
225256,0.9629629629629629
256800,0.9612903225806452
82190,0.9397590361445783
226141,0.9090909090909091
81705,0.9248291571753986
81672,0.9050279329608939
1887026,0.9583333333333334
3263489,1.0
98474,0.961038961038961
109004,0.9397590361445783
223680,0.9696969696969697
604457,0.9758064516129032
1382102,1.0
108977,0.9264705882352942
1866954,0.9166666666666666
217844,0.9752694990488269
119601,0.9714285714285714
506418,0.9835820895522388
81985,0.9704209328782708
224956,0.9616306954436451
618542,0.9755766621438263
112307,0.9780346820809248
81450,0.9609665427509294
81022,0.9657142857142857
81165,0.9696428571428571
81514,0.9656301145662848
81456,0.9473684210526315
80780,0.9658246656760773
80747,0.9546666666666667
119657,0.9840764331210191
654030,0.934156378600823
112360,0.9648562300319489
119658,0.979933110367893
112328,0.9139596136962248
80774,0.9342806394316163
81520,0.9112227805695142
81038,0.936016511867905
80808,0.9481641468682506
82116,0.9597701149425287
81114,0.9942528735632183
1119270,0.921760391198044
81461,0.9329173166926678
81459,0.919047619047619
478253,0.9012658227848102
627267,0.9343065693430657
80930,0.9161290322580645
81049,0.92018779342723
81363,0.9348314606741573
81251,0.9061224489795918
291220,1.0
81212,0.9092592592592592
81416,0.8949771689497716
112335,0.8383838383838383
81503,0.9044585987261147
81241,0.8864321608040201
80757,0.8526315789473684
112321,0.9791666666666666
80817,0.868421052631579
119636,0.0
81480,0.8285714285714286
81379,0.7142857142857143
658566,0.0
291689,0.797979797979798
81524,0.8166666666666667
240893,0.7266187050359713
626656,0.8
80978,0.7580645161290323
603022,0.7272727272727273
119663,0.8
320147,0.8214285714285714
1015196,0.5714285714285714
674036,0.75
1840699,0.6153846153846154
112304,0.8627450980392157
81526,0.6086956521739131
282764,0.7419354838709677
81487,0.711864406779661
81246,0.6466165413533834
944406,0.6911764705882353
82105,0.7372262773722628
80766,0.7127659574468085
278862,0.8620689655172413
119632,0.5652173913043478
252811,0.6986301369863014
549444,0.6666666666666666
113924,0.47058823529411764
565629,0.7272727272727273
81150,0.7926829268292683
654032,1.0
224957,0.835820895522388
81256,0.7391304347826086
1160921,1.0
1223830,0.737012987012987
1160908,1.0
80760,0.0
3165345,1.0
1546311,0.0
291071,0.8793103448275862
80806,0.8216783216783217
81383,0.9090909090909091
80799,0.7952755905511811
80987,0.7608695652173914
226814,0.75
1214408,0.8225806451612904
80768,0.8913043478260869
119650,0.8686868686868687
80788,0.8253968253968254
571427,1.0
119637,0.8134328358208955
226829,0.8292682926829268
80950,0.7953216374269005
256730,0.9041095890410958
142261,0.8356164383561644
80756,0.8858695652173914
81007,0.9629629629629629
81976,0.8944723618090452
1800858,0.9130434782608695
217294,0.8985507246376812
1973577,1.0
267364,0.8864864864864865
113927,0.875
288687,0.8333333333333334
119661,0.8697478991596639
81959,0.9030837004405287
119590,0.8652482269503546
81782,0.8418079096045198
80977,0.8636363636363636
510378,0.8433734939759037
124967,0.7741935483870968
80821,0.8672566371681416
570865,0.9047619047619048
2236788,0.9
224955,0.8347826086956521
119625,0.8983739837398373
291695,1.0
81075,1.0
82114,0.947565543071161
1833071,1.0
80836,0.8885630498533724
81004,0.8760330578512396
112325,1.0
81476,0.9
80879,0.9415204678362573
81035,0.8654353562005277
74059,0.9545454545454546
81418,0.890625
80920,0.8951406649616368
489082,1.0
218776,0.8941176470588236
1134288,0.8461538461538461
141997,0.8915343915343915
112289,0.9115646258503401
80771,0.9073170731707317
119626,0.9021739130434783
80963,0.972972972972973
81466,0.9541284403669725
80786,0.9099378881987578
119640,0.9274193548387096
81177,0.9509090909090909
81237,0.9383561643835616
226834,0.9154013015184381
81367,0.8924731182795699
80823,0.9370860927152318
80753,0.9017857142857143
243535,0.9277566539923955
80864,0.9113924050632911
119593,0.9530201342281879
81042,0.9233305853256389
113942,0.9280575539568345
112311,0.9428571428571428
81222,0.9257884972170687
81295,0.9297945205479452
112320,0.94375
81141,0.9553571428571429
223955,0.9424083769633508
81529,0.9330543933054394
279426,0.9615877080665813
268240,0.9459459459459459
81377,0.9145299145299145
563989,0.9555555555555556
224951,0.9230769230769231
281778,1.0
81531,0.9169491525423729
81375,0.9130714745653574
81103,0.9523364485981308
119643,0.9681528662420382
119623,0.9605911330049262
81315,0.9455357142857143
81215,0.941712204007286
112338,0.967948717948718
81087,0.946047678795483
81169,0.9436274509803921
80925,0.9541984732824428
112303,0.9411764705882353
81803,0.9350912778904665
311255,0.9304347826086956
113923,0.9428129829984544
119665,0.9664429530201343
217813,0.9601518026565465
81249,0.9453125
81082,0.9744318181818182
115617,0.9455040871934605
115623,0.9626168224299065
80793,0.9486111111111111
81209,0.9476082004555809
81110,0.9498432601880877
80917,0.9515151515151515
112293,0.9653979238754326
291227,0.9772727272727273
80802,0.954599761051374
81669,0.9522673031026253
113940,0.9678899082568807
124765,0.9588336192109777
81444,0.9540412044374009
81204,0.9647887323943662
81019,0.9582517938682322
113928,0.9692982456140351
81397,0.9548872180451128
81192,0.9416733708769107
80999,0.9624
142074,0.9529411764705882
501344,0.9815384615384616
81511,0.9653465346534653
310867,0.9836065573770492
115625,0.9629629629629629
676408,0.948051948051948
80937,0.9696969696969697
112347,0.9604743083003953
108966,0.9375
109000,0.9764705882352941
223620,0.9888888888888889
1201024,0.9107142857142857
604455,0.9642857142857143
181851,0.9368131868131868
98420,0.9137931034482759
98457,0.9331210191082803
1174687,0.975
108965,0.875
223707,0.9433962264150944
240526,0.8478260869565217
98433,0.8857142857142857
247103,0.8333333333333334
108961,0.9230769230769231
108964,0.863013698630137
73759,0.7678571428571429
108974,1.0
108994,0.75
111390,0.6666666666666666
98462,0.3333333333333333
142349,0.8
108990,0.7419354838709677
1221539,1.0
223684,0.7037037037037037
98441,0.76
226433,0.6
226434,0.7777777777777778
98443,0.6956521739130435
109008,0.819672131147541
98472,0.7692307692307693
243922,0.7857142857142857
108986,0.6666666666666666
217730,0.7083333333333334
223683,1.0
288725,0.8333333333333334
656307,1.0
108975,0.7457627118644068
108991,0.7
220077,1.0
223685,1.0
608007,0.7375
285294,1.0
109001,0.5882352941176471
291290,0.5
108998,0.5454545454545454
239891,0.5555555555555556
239890,0.3
291287,0.7777777777777778
109013,0.5909090909090909
1635868,0.47761194029850745
217731,0.75
284421,0.5714285714285714
291283,0.0
217735,0.7802197802197802
142018,0.7
291291,0.0
98467,0.42857142857142855
98415,0.7878787878787878
675150,0.6590909090909091
98405,0.5
243756,0.7857142857142857
288743,0.0
247102,0.3333333333333333
109010,0.7647058823529411
220106,0.8219895287958116
223678,0.7948717948717948
98439,0.7735849056603774
217732,0.8113207547169812
98416,0.8795180722891566
98447,0.8
288742,1.0
225440,0.9019607843137255
98424,0.8414634146341463
108984,0.8444444444444444
108988,0.7948717948717948
273366,1.0
109007,0.8181818181818182
108987,1.0
98438,0.8059701492537313
288732,1.0
108995,0.8636363636363636
108963,0.8201438848920863
98413,0.8333333333333334
217736,1.0
109002,0.8974358974358975
223714,0.9142857142857143
223713,1.0
109009,0.925
223675,0.9047619047619048
111377,0.9655172413793104
109006,0.9117647058823529
98428,0.8611111111111112
108983,0.9210526315789473
142017,0.9057971014492754
223679,0.9629629629629629
108999,0.8322981366459627
98435,0.8478260869565217
109015,0.8888888888888888
1571800,0.9583333333333334
1025910,0.9482758620689655
108976,0.9811320754716981
1176838,0.9387755102040817
108997,0.8823529411764706
252821,0.9642857142857143
108979,0.9253731343283582
73763,0.9782608695652174
526841,0.9523809523809523
217734,0.9283667621776505
98452,0.9072847682119205
566802,0.9125475285171103
98426,0.8809523809523809
108972,0.9130434782608695
111397,0.8971631205673759
108969,0.9594594594594594
111381,0.9247311827956989
98464,0.9212962962962963
98436,0.9540540540540541
98445,0.9083333333333333
1573301,0.9444444444444444
108971,0.9615384615384616
223686,0.927710843373494
108962,0.8936170212765957
282698,0.9481765834932822
108996,0.9491525423728814
223691,0.9174311926605505
566803,0.95
252313,0.95
570293,0.9094650205761317
111395,0.9420849420849421
98418,0.9222797927461139
252820,0.9821428571428571
98419,0.9664429530201343
259008,0.9705882352941176
1173092,0.9885057471264368
81126,0.9789473684210527
112373,0.9918533604887984
115644,0.9796232218377547
224958,0.9836956521739131
80990,0.9651022864019254
574449,0.9713024282560706
80797,0.9778645833333334
108982,1.0
1224950,1.0
98453,0.9315068493150684
82013,0.9236641221374046
223695,0.9230769230769231
108967,0.9830508474576272
98463,0.9352750809061489
109012,0.925
224948,0.9852941176470589
81409,0.9716713881019831
247005,0.9848024316109423
224953,0.9672897196261683
81394,0.9796747967479674
268533,0.976271186440678
80983,0.9916317991631799
576787,0.9779874213836478
1175274,0.9771241830065359
615166,0.9848484848484849
622833,0.9824561403508771
108981,0.9801324503311258
3523356,1.0
1189576,0.9717514124293786
1023853,0.9912663755458515
557377,0.9833333333333333
1751886,0.98989898989899
1762662,0.9722222222222222
2008152,0.9829545454545454
111393,0.9541284403669725
108980,0.9758454106280193
1675976,0.9947089947089947
1889883,0.9756756756756757
114938,0.9666666666666667
1502098,0.926829268292683
88177,0.9345238095238095
1008650,0.9605263157894737
278567,0.9523809523809523
287572,0.9539473684210527
223830,0.9467213114754098
91513,0.8777777777777778
91429,0.9743589743589743
564589,0.9157894736842105
730126,0.8865979381443299
1520042,0.8717948717948718
88159,0.9583333333333334
91502,0.9512195121951219
91607,0.9
91544,0.7272727272727273
88164,0.8934707903780069
88172,0.9270833333333334
88175,0.8697674418604651
1156950,0.9230769230769231
91428,1.0
91450,0.8928571428571429
88151,0.9253731343283582
1214250,0.8780487804878049
88158,0.8823529411764706
91553,0.88
1026913,0.7272727272727273
240139,0.88
91446,0.75
224819,0.7948717948717948
91338,0.5714285714285714
144736,0.30434782608695654
635243,0.7857142857142857
260932,1.0
88140,0.7428571428571429
665394,0.75
91443,0.5833333333333334
240136,0.4
91484,0.7238493723849372
120770,0.7428571428571429
91608,0.8076923076923077
240185,0.5
268139,0.4
582205,0.36
124015,0.5
88148,0.5714285714285714
259022,0.5909090909090909
120774,0.6666666666666666
91442,0.5
275739,0.6111111111111112
240187,0.7142857142857143
120810,0.7142857142857143
278566,0.7692307692307693
120811,0.3333333333333333
120795,0.8333333333333334
120802,0.625
91490,0.6216216216216216
586270,0.2857142857142857
91436,0.375
217026,0.25
91561,0.1
241032,0.6666666666666666
120767,0.0
239898,0.84375
1627952,0.8333333333333334
78887,0.6181818181818182
88153,0.5714285714285714
141972,0.6666666666666666
223208,0.69
120777,0.0
91515,0.9230769230769231
120803,0.5
88143,0.7313432835820896
288193,0.6666666666666666
120796,1.0
88138,1.0
265878,0.8012422360248447
91496,0.8095238095238095
120813,0.825
518323,0.8888888888888888
251963,0.75
224809,0.7727272727272727
91477,0.782608695652174
88150,0.7884615384615384
91605,0.7941176470588235
91432,0.7692307692307693
91506,0.8064516129032258
224799,0.7619047619047619
91599,0.8148148148148148
91542,0.7307692307692307
224830,0.8947368421052632
91522,0.9375
91475,1.0
91458,0.9411764705882353
91454,0.9
120766,0.8055555555555556
273699,0.9090909090909091
223829,0.9
91573,0.8506787330316742
1759407,0.9166666666666666
91494,0.9285714285714286
91435,0.8378378378378378
88161,0.7777777777777778
278568,0.8461538461538461
631597,0.9090909090909091
120783,0.8108108108108109
88186,0.862796833773087
631598,0.9344262295081968
91474,0.8461538461538461
88155,0.8944723618090452
91609,0.8936170212765957
91457,0.9393939393939394
223363,0.9555555555555556
91551,0.9384615384615385
1114620,1.0
1567301,0.9444444444444444
88144,0.9577464788732394
530673,0.9024390243902439
240134,0.9482758620689655
224820,0.9803921568627451
224810,0.9090909090909091
1641470,0.9473684210526315
91488,0.9743589743589743
224793,0.8771929824561403
674056,0.9545454545454546
91500,0.875
88162,0.9448275862068966
91479,0.8076923076923077
1239568,0.9333333333333333
91519,1.0
223827,0.9137931034482759
224814,0.875
111624,0.937984496124031
653125,0.9646017699115044
91602,0.9701492537313433
91509,0.967032967032967
114631,0.9459459459459459
88188,0.9387755102040817
656462,0.9444444444444444
88168,0.886986301369863
1235801,0.9791666666666666
91462,0.8888888888888888
278565,0.958904109589041
1201174,1.0
224259,0.9483568075117371
1514254,0.9508196721311475
91440,0.98
224831,0.9247311827956989
91441,0.9661016949152542
634658,1.0
91596,0.9696969696969697
120798,0.9552238805970149
582252,0.9701492537313433
91491,0.935064935064935
120794,0.9710144927536232
1456709,0.9791666666666666
88171,0.9541284403669725
91577,0.95
223833,1.0
91527,1.0
1592809,0.9814814814814815
1479845,0.9911504424778761
88173,0.9636963696369637
91558,0.8833333333333333
111623,0.9444444444444444
224832,0.9770114942528736
1236866,0.9827586206896551
1008647,1.0
1206274,0.9883040935672515
1762915,0.9811715481171548
100599,0.9356060606060606
100566,0.9473684210526315
94166,0.9431818181818182
223203,0.9764705882352941
1176230,0.9772727272727273
95300,0.7647058823529411
89999,0.8260869565217391
95308,0.7941176470588235
1190550,1.0
114654,0.6896551724137931
89998,0.569620253164557
605656,0.7666666666666667
89995,0.7926829268292683
1901088,1.0
100637,0.9142857142857143
223916,0.9272727272727272
100568,0.8979591836734694
577342,0.8450704225352113
223374,0.9298245614035088
94130,0.8865979381443299
3263526,0.8461538461538461
1593882,0.8913043478260869
225335,0.875
628474,0.8461538461538461
121868,0.8111111111111111
223210,0.8409090909090909
100870,0.8148148148148148
100582,0.8857142857142857
94093,0.625
121859,1.0
94179,1.0
3461669,0.5
100535,1.0
100607,0.8
94097,0.5
121862,1.0
3452538,0.0
94184,0.6666666666666666
94173,0.6111111111111112
530678,0.55
121921,0.2
94108,0.6666666666666666
100634,0.5882352941176471
121855,0.5833333333333334
100612,0.5
100638,0.6363636363636364
100633,0.3333333333333333
656554,0.46153846153846156
121870,0.8125
1905160,0.9285714285714286
240570,0.4166666666666667
225337,1.0
121861,0.5
94168,0.5555555555555556
94186,0.7777777777777778
225334,0.625
94187,0.2857142857142857
275354,0.45
94109,0.47058823529411764
94156,0.5555555555555556
1007630,1.0
94152,0.8888888888888888
559397,0.42105263157894735
94091,0.2727272727272727
100559,1.0
100629,0.7068965517241379
100606,1.0
1533531,0.7272727272727273
262983,0.75
1225443,1.0
94202,0.7575757575757576
100601,0.9523809523809523
309952,0.7419354838709677
273191,0.7090909090909091
94149,0.8
258775,0.8108108108108109
94132,0.7592592592592593
121918,0.6976744186046512
94085,0.745945945945946
94140,0.8461538461538461
94095,0.782608695652174
94146,0.746031746031746
115304,0.0
94127,0.6326530612244898
223211,0.875
94199,0.875
121917,0.8053097345132744
94158,0.7678571428571429
100627,0.8070175438596491
100621,0.8
100631,0.7857142857142857
94126,0.9811320754716981
94114,0.78125
94102,0.9615384615384616
100563,0.9444444444444444
94100,0.8
99984,0.8571428571428571
94206,0.883495145631068
94103,0.9777777777777777
223918,0.967741935483871
94192,1.0
100556,1.0
2723843,1.0
223202,0.9310344827586207
223917,0.9069767441860465
1164710,0.8790697674418605
100546,0.9180327868852459
100529,0.9302325581395349
94142,0.8210526315789474
252496,0.9468085106382979
223215,0.9428571428571428
219666,0.88268156424581
258771,0.9464285714285714
1647936,1.0
95312,0.5
95305,0.0
530320,0.5
239806,0.9391304347826087
258879,0.8849765258215962
94133,0.9230769230769231
223201,0.9154078549848943
223198,0.8571428571428571
223197,0.9568965517241379
100604,0.918918918918919
114390,0.9090909090909091
239919,1.0
100636,0.9
94194,0.967741935483871
94122,0.9154228855721394
121909,0.8
94196,0.9036144578313253
100511,0.9411764705882353
223204,0.9014084507042254
100616,0.9642857142857143
94171,0.8947368421052632
94191,1.0
94163,0.9357798165137615
1382115,0.9574468085106383
94205,0.943089430894309
100552,0.9485294117647058
631590,0.9375
90003,0.9756944444444444
94105,0.9428571428571428
223196,0.9818181818181818
2156247,0.8958333333333334
94554,0.9272727272727272
674740,0.9430379746835443
224064,0.9142857142857143
256897,0.8813559322033898
95294,0.9
114661,0.9857142857142858
288605,0.9379310344827586
1230421,0.9458128078817734
1236680,0.9484240687679083
674735,0.9518072289156626
95302,0.9774193548387097
782678,0.9705014749262537
242702,0.9842105263157894
246937,0.9844961240310077
100515,0.95
100518,0.9703703703703703
217635,0.9629629629629629
1016257,0.9770114942528736
121915,0.941747572815534
100613,0.9754098360655737
100632,0.9635036496350365
655612,0.9588235294117647
100524,0.9541984732824428
301309,0.9726027397260274
223213,0.95
121910,0.9595959595959596
223199,0.968503937007874
1987298,0.9090909090909091
223195,0.9774436090225563
1566903,0.9743589743589743
1510383,0.9738562091503268
94136,0.9894736842105263
1236686,0.9714285714285714
223888,0.905982905982906
109130,0.875
109205,1.0
73551,0.7619047619047619
109111,0.9285714285714286
277885,0.8780487804878049
627514,0.5714285714285714
2049085,0.6666666666666666
224283,0.88
98839,0.9459459459459459
109187,0.8666666666666667
109138,0.8923076923076924
109178,0.8095238095238095
109088,0.8181818181818182
1222239,1.0
109211,0.8235294117647058
109119,0.9166666666666666
98846,0.375
98853,0.3333333333333333
225117,0.29411764705882354
98850,0.4
73572,0.7558139534883721
73543,0.4444444444444444
244412,0.75
98854,0.6666666666666666
98847,0.6923076923076923
244413,1.0
109214,0.8571428571428571
547965,0.625
98836,0.7
109143,0.95
3400722,0.0
109215,0.5925925925925926
284866,0.4
253357,0.5121951219512195
226486,0.75
294848,0.8823529411764706
224284,0.8125
122709,0.8181818181818182
73560,0.7619047619047619
273401,1.0
109201,0.7692307692307693
109100,0.9032258064516129
570264,0.9523809523809523
109093,0.9393939393939394
109175,0.8333333333333334
109116,0.6666666666666666
98841,0.75
225119,0.8461538461538461
225116,1.0
268223,0.926605504587156
1101250,0.9333333333333333
124453,0.9444444444444444
109156,0.9491525423728814
1027019,0.8461538461538461
241640,0.9230769230769231
320560,0.9615384615384616
672597,1.0
1409115,0.9912280701754386
1855057,1.0
109104,0.9230769230769231
98856,0.941908713692946
676564,1.0
225118,1.0
109174,0.95
223373,0.9880952380952381
100549,0.9764705882352941
223214,1.0
1863291,0.9791666666666666
2306647,1.0
223890,0.9661016949152542
225120,0.9090909090909091
224286,0.9787234042553191
223889,1.0
98849,0.8980392156862745
543350,0.9552238805970149
1382903,0.9655172413793104
2151620,1.0
109101,0.9787234042553191
1515540,1.0
676704,0.9814814814814815
224285,0.967741935483871
1137002,1.0
777199,0.9702970297029703
1846740,1.0
483873,0.9868421052631579
574782,0.9767441860465116
109150,0.9736842105263158
114952,0.9404761904761905
189078,0.9363636363636364
109173,0.875
109228,1.0
1852898,0.9814814814814815
1526953,1.0
647565,0.986784140969163
223755,0.9444444444444444
95253,0.8924302788844621
223728,0.9459459459459459
1546086,0.9365079365079365
95288,0.9502487562189055
123896,0.9574468085106383
95284,0.9104477611940298
217653,0.8307692307692308
217654,0.8571428571428571
223509,0.8947368421052632
612540,0.9696969696969697
101647,0.75
95285,0.7787610619469026
223730,0.8148148148148148
101661,0.8113207547169812
223753,0.9142857142857143
223749,0.7222222222222222
101657,0.7272727272727273
122230,0.7956989247311828
1628583,1.0
95241,0.9230769230769231
240082,0.7857142857142857
101660,0.3333333333333333
240079,0.75
223764,0.75
1218847,1.0
223732,0.6
101668,0.5
1206195,1.0
1225684,0.75
90214,0.4444444444444444
223762,0.6486486486486487
101670,0.5
101757,0.5901639344262295
222972,0.8571428571428571
95240,0.5833333333333334
95236,0.6875
223767,0.4583333333333333
223734,0.6666666666666666
101665,0.5483870967741935
1804281,0.5
95264,0.4406779661016949
101649,0.2647058823529412
223763,0.0
95271,0.5
95242,0.6666666666666666
101635,0.3333333333333333
223737,0.8611111111111112
1191338,0.6666666666666666
101653,0.7475
223759,0.8333333333333334
223766,0.8
95263,0.6956521739130435
114725,0.6818181818181818
3574675,0.5
101643,0.8222222222222222
75212,0.7948717948717948
95275,0.76
240078,0.3333333333333333
223772,0.8
95235,0.5714285714285714
90216,0.68
101640,0.9444444444444444
123895,0.7142857142857143
223765,0.8387096774193549
281206,0.625
95286,0.7727272727272727
124435,0.918918918918919
223775,0.9230769230769231
95261,0.8598130841121495
101636,0.8913043478260869
101646,0.7857142857142857
101641,0.9803921568627451
101651,0.8064516129032258
101659,0.7391304347826086
123898,0.71875
223756,0.9333333333333333
101639,0.8260869565217391
1643250,1.0
240076,0.9423076923076923
626349,0.896551724137931
95246,0.967741935483871
223760,0.926829268292683
95250,0.8461538461538461
75221,1.0
95258,0.8901098901098901
223742,0.8860759493670886
896855,0.8985507246376812
95252,0.8589743589743589
95230,0.9090909090909091
249788,0.8666666666666667
75206,0.9111111111111111
122229,0.8820754716981132
95249,0.9175257731958762
95277,0.9473684210526315
95289,0.868421052631579
1238209,0.9117647058823529
95293,0.8947368421052632
223726,0.9166666666666666
223223,0.9777777777777777
250903,0.9365079365079365
1027025,0.984313725490196
281777,0.8588235294117647
95269,0.7971014492753623
1382787,1.0
122237,0.917910447761194
265892,0.9411764705882353
95247,0.9190751445086706
95265,0.9
675842,0.9139784946236559
2533205,1.0
1465151,1.0
249793,0.9849624060150376
268516,0.8888888888888888
95238,0.9523809523809523
223771,0.8947368421052632
278081,0.9864864864864865
258165,0.9637681159420289
1200977,0.9925373134328358
2154314,1.0
223735,0.9555555555555556
3400639,1.0
1479195,0.9369369369369369
223724,0.9692307692307692
223748,0.9562043795620438
518306,0.9736842105263158
223739,0.9183673469387755
223747,0.9302325581395349
2351689,1.0
620239,0.9010989010989011
98805,0.8926553672316384
98819,0.946236559139785
98827,1.0
501984,0.8955223880597015
225031,0.9484536082474226
281755,0.9761904761904762
1514287,0.967741935483871
108955,0.8095238095238095
73595,0.9090909090909091
225039,0.9183673469387755
240001,1.0
108948,0.9285714285714286
1235675,0.9195402298850575
675767,0.9473684210526315
108945,0.958904109589041
98817,0.8918918918918919
108946,0.875
108959,0.7105263157894737
108953,0.7142857142857143
108958,0.9166666666666666
98809,0.8
502974,0.0
1631049,0.3333333333333333
244399,0.7142857142857143
225032,0.7
98806,1.0
108944,0.8947368421052632
919225,1.0
98824,1.0
73589,0.75
141894,0.94
277881,0.7096774193548387
108957,0.9473684210526315
2533204,0.875
490892,0.8620689655172413
225036,1.0
225040,1.0
225037,0.6666666666666666
98800,0.5454545454545454
1875844,0.6666666666666666
98814,0.5
240000,0.8
98820,0.7
98798,0.8205128205128205
98802,0.8974358974358975
98804,1.0
288559,0.9375
108956,0.75
98815,0.9148936170212766
225035,0.8867924528301887
225033,0.9454545454545454
652847,0.9032258064516129
98812,0.75
98818,0.8478260869565217
1175958,1.0
225038,0.7941176470588235
635070,0.875
225041,0.7833333333333333
240621,0.8571428571428571
98825,0.9375
850464,0.975609756097561
98821,0.8840579710144928
98810,0.9637681159420289
1479831,1.0
1415082,0.9844961240310077
2145772,1.0
1961981,1.0
225034,0.9577464788732394
108947,0.9411764705882353
1485688,0.9583333333333334
1465226,1.0
1878688,1.0
1588429,0.9838709677419355
878115,0.9763779527559056
1804801,1.0
1157336,0.975609756097561
819653,0.9722222222222222
2151296,0.9545454545454546
223750,0.9901960784313726
105281,0.9759036144578314
114850,0.9466145833333334
1676324,0.9834710743801653
225338,0.9421487603305785
105192,0.967741935483871
672520,0.9553072625698324
105190,0.94
111855,0.9386503067484663
223886,0.9256505576208178
105236,0.9459459459459459
105151,0.9323308270676691
223752,0.945273631840796
249713,0.9555555555555556
98031,0.9243697478991597
645386,0.9098143236074271
105275,0.9272727272727272
123037,0.9487179487179487
123036,0.9688581314878892
100570,0.9353448275862069
115754,0.9644128113879004
126402,0.9469026548672567
100554,0.9469320066334992
224865,0.95
1101223,0.9547511312217195
100617,0.9346049046321526
100505,0.9394409937888198
100610,0.9201520912547528
100587,0.9564660691421255
124264,0.9534883720930233
72586,0.9630996309963099
100597,0.9387755102040817
100586,0.9517045454545454
216847,0.8307692307692308
124269,0.8409090909090909
290883,0.8461538461538461
1648642,1.0
122985,0.4782608695652174
100508,0.6464646464646465
100584,0.6030534351145038
100506,0.6931818181818182
122994,0.6
224835,0.8518518518518519
100513,1.0
606357,1.0
224833,0.3333333333333333
1130160,0.8125
253306,0.7647058823529411
224860,0.7380952380952381
3291041,0.0
100600,0.6875
557193,0.6804123711340206
123032,0.8695652173913043
100531,0.5454545454545454
72598,0.7868852459016393
243759,0.8333333333333334
2095177,1.0
112434,0.7924528301886793
124270,0.7920792079207921
281526,0.9090909090909091
100547,0.8896672504378283
100574,0.8566775244299675
1630840,1.0
100577,0.8307692307692308
244041,0.8928571428571429
123029,0.8333333333333334
122998,0.9148936170212766
123004,0.9352750809061489
100538,0.9420289855072463
100560,0.9190140845070423
100564,0.9065656565656566
100537,0.8932806324110671
217798,0.8634538152610441
124044,0.8827160493827161
223217,0.9523809523809523
223938,0.9307692307692308
100561,0.8727810650887574
275251,0.9558541266794626
258824,0.9624796084828712
72579,0.9181818181818182
223219,0.9594594594594594
217795,0.9176470588235294
100619,0.9543859649122807
100602,0.9090909090909091
578306,0.9473684210526315
224843,0.8931297709923665
123013,0.9285714285714286
123003,0.9636363636363636
100567,0.9294736842105263
100527,0.9596928982725528
124048,0.9597989949748744
112437,0.9427480916030534
100544,0.9603024574669187
268228,0.9533980582524272
582371,0.9525222551928784
1724250,0.9619565217391305
100589,0.9468085106382979
123039,0.96045197740113
100540,0.9656357388316151
239892,0.9652173913043478
100562,0.9568508705526116
123021,0.9797979797979798
217807,0.9619771863117871
100509,0.9510869565217391
281658,0.9696969696969697
115755,0.9621928166351607
224856,0.9710610932475884
1174533,0.9615384615384616
252350,0.9846153846153847
112429,0.9738903394255874
224783,0.9826435246995995
1200603,0.9827856025039123
100585,0.9741379310344828
123022,0.978
1755673,0.9738805970149254
677260,0.9863636363636363
72572,0.9953703703703703
100581,0.9790794979079498
1199588,0.987912087912088
613399,0.9917355371900827
1152288,0.9914285714285714
112412,0.9742489270386266
100569,0.9731182795698925
1723585,0.989159891598916
100542,0.9786700125470514
100565,0.9797395079594791
614244,0.9922680412371134
100504,0.9769959404600812
281828,0.9729032258064516
775880,0.9805825242718447
100507,0.9895138226882746
287606,0.9451114922813036
220216,0.926829268292683
89602,0.9193302891933028
111422,0.9339622641509434
94326,0.9451887941534713
320038,0.9342105263157895
111441,0.9056399132321041
121009,0.9337016574585635
549445,0.9225806451612903
217550,0.89453125
222957,0.9571984435797666
555224,0.9432989690721649
94372,0.8954081632653061
94363,0.8967391304347826
217546,0.9281045751633987
94368,0.9090909090909091
111418,0.8632233381157342
499916,0.8668280871670703
222958,0.8848484848484849
1138709,0.8349514563106796
120977,0.8726114649681529
217148,0.8175895765472313
268206,0.8732394366197183
89619,0.8593073593073594
94354,0.7919463087248322
217000,0.8
216999,0.7222222222222222
77629,0.92
89592,0.7676348547717843
126058,0.9212962962962963
94350,0.8941908713692946
120988,0.9473684210526315
111428,0.9355704697986578
268205,0.9408602150537635
89620,0.9349112426035503
77638,0.9088235294117647
1486034,0.9355555555555556
89615,0.912639405204461
111416,0.9532908704883227
89568,0.9288321167883211
595373,0.935340022296544
111423,0.9475308641975309
678412,0.9577777777777777
89599,0.9398652151373769
94399,0.9279731993299832
225873,0.9656488549618321
89617,0.9616368286445013
111421,0.9738058551617874
222955,0.9402985074626866
620703,0.963718820861678
111434,0.9209486166007905
268207,0.9691119691119691
89600,0.9533678756476683
114150,0.9569707401032702
111444,0.9571045576407506
111417,0.9540636042402827
647006,0.96
94367,0.9485981308411215
1513541,0.9613034623217923
313573,0.9623059866962306
321151,0.9770833333333333
1201116,0.9702233250620348
114149,0.9618320610687023
94330,0.9580498866213152
1136705,0.9887640449438202
94371,0.9520426287744227
94344,0.9826388888888888
234752,0.9618163054695562
1159285,0.9761904761904762
3225572,1.0
94337,0.9733606557377049
89575,0.9713261648745519
114134,0.972636815920398
89585,0.9736263736263736
258705,0.9862924281984334
239950,0.9076923076923077
98077,0.7272727272727273
98036,0.9358974358974359
105247,1.0
295791,0.8695652173913043
98019,0.8571428571428571
105184,0.9375
105265,0.9
105177,0.8846153846153846
146517,0.867816091954023
105160,0.8695652173913043
125626,0.8806366047745358
105256,0.9642857142857143
223758,0.92
122584,0.7946428571428571
98034,0.8791208791208791
98058,0.9156626506024096
105194,0.8333333333333334
223768,1.0
239353,0.7333333333333333
224184,0.5
656552,1.0
239352,0.7
1221737,1.0
122499,0.6666666666666666
73886,0.6923076923076923
286985,0.8
98037,0.5135135135135135
223104,0.6153846153846154
98071,0.6666666666666666
293232,0.47368421052631576
98069,0.6153846153846154
98018,0.5
105198,0.625
224185,0.6190476190476191
98056,0.5789473684210527
98023,0.5806451612903226
122561,0.8
98048,0.5568181818181818
243751,0.5
122507,0.6428571428571429
98053,0.5
122494,0.6666666666666666
1146051,0.5
122543,0.7692307692307693
98057,0.5714285714285714
98032,0.5555555555555556
105222,0.6173913043478261
122567,0.625
122504,0.7083333333333334
98075,0.7
98055,0.6923076923076923
73880,0.8823529411764706
1138079,0.875
98045,0.8059701492537313
223744,0.8571428571428571
105207,0.96
858538,0.8
122502,0.0
122542,0.5
1804272,1.0
98020,0.7701149425287356
105156,0.75
275455,0.5
98050,1.0
105186,0.6470588235294118
98021,0.9130434782608695
220079,0.9300291545189504
105188,0.9178082191780822
98070,0.8148148148148148
122583,0.8260869565217391
1485414,0.9026548672566371
576374,0.9310344827586207
105241,0.8275862068965517
223770,0.7142857142857143
105272,0.7857142857142857
248601,0.8596491228070176
223773,0.8155339805825242
98073,0.8493150684931506
105191,0.8
816268,0.5
111860,0.7272727272727273
614758,0.9390243902439024
258813,0.9047619047619048
98062,0.89171974522293
105170,0.9411764705882353
268694,0.9215686274509803
98039,0.918429003021148
223103,0.9871794871794872
1778319,1.0
105238,0.9493670886075949
310409,0.9821428571428571
1474319,0.9658119658119658
223774,0.949671772428884
105180,0.9298245614035088
224306,0.9402985074626866
1147150,0.9223300970873787
1022627,0.9565217391304348
122581,0.8936170212765957
124839,0.9508840864440079
89331,0.9393258426966292
1751278,0.9778761061946902
89358,0.9459016393442623
93889,0.9155251141552512
674606,0.9918032786885246
275870,0.94
89333,0.9032258064516129
89344,0.945054945054945
1479971,0.9689922480620154
124186,0.7435897435897436
313947,0.6923076923076923
89325,0.6829268292682927
89357,0.7096774193548387
624736,0.6
93846,0.6862745098039216
89362,0.5
120951,0.4
604930,0.6666666666666666
89332,0.43478260869565216
1629271,0.5
225246,0.8666666666666667
89340,0.8266666666666667
1436140,0.8395061728395061
89353,0.7878151260504201
610125,0.7916666666666666
1174784,0.6666666666666666
631880,0.7222222222222222
93886,0.9047619047619048
1206970,1.0
1950129,0.8103448275862069
574054,1.0
89326,0.8225806451612904
224642,0.9777777777777777
89343,0.9435665914221218
309189,0.9551569506726457
89327,0.9379968203497615
1147514,0.9264413518886679
656449,0.9402985074626866
223985,0.96
217536,0.8846153846153846
89367,0.6410256410256411
89346,0.8468085106382979
291397,0.891640866873065
225792,0.9777777777777777
89365,0.9354838709677419
89351,0.9289617486338798
1465016,0.9203539823008849
89361,0.9378531073446328
89382,0.9493087557603687
89337,0.9090909090909091
1007816,0.9428571428571428
100407,0.953125
77730,0.9150326797385621
120957,0.9569160997732427
89336,0.9401041666666666
1164933,1.0
1821731,0.9665271966527197
566439,0.9683794466403162
93892,0.9545454545454546
625154,0.9893048128342246
1449313,0.9743589743589743
223983,0.9573170731707317
111408,0.9975550122249389
2196840,0.99375
543093,0.9496402877697842
1238865,0.9506172839506173
114326,0.9425287356321839
83091,0.9259259259259259
111562,0.9344978165938864
119941,0.9218241042345277
223852,0.9401709401709402
85353,0.9587628865979382
119998,0.0
85375,0.6818181818181818
119948,0.56
83061,0.42857142857142855
111550,0.5
82976,0.6949152542372882
82992,0.5
83104,0.3333333333333333
83095,0.625
120087,0.6
83044,0.3870967741935484
589144,0.4
671614,0.5555555555555556
83086,0.5454545454545454
82982,0.9004149377593361
119939,0.3333333333333333
119949,0.6666666666666666
85338,0.6
120003,1.0
120014,1.0
119929,0.4230769230769231
85343,0.7321428571428571
120099,1.0
119975,0.723404255319149
119981,0.6944444444444444
119928,0.6666666666666666
120040,0.75
120006,0.75
120042,0.0
120017,1.0
81026,0.8896103896103896
82961,0.9112271540469974
85330,0.723404255319149
85638,0.8
83057,0.9180327868852459
85346,0.8970588235294118
82960,0.8562874251497006
85364,1.0
83060,0.8589743589743589
85341,0.7804878048780488
1176784,0.8536585365853658
119923,0.0
119914,0.7428571428571429
120036,1.0
85325,0.7896995708154506
270508,0.8237885462555066
119938,0.8571428571428571
120050,0.6666666666666666
83038,0.8478260869565217
225093,0.8342541436464088
83072,0.9142857142857143
85359,0.7777777777777778
119997,1.0
85344,0.8860759493670886
225090,0.7652173913043478
85366,0.7959183673469388
83023,0.9066666666666666
120083,0.9016393442622951
83031,0.8307692307692308
83014,0.9565217391304348
82984,0.8775510204081632
83100,0.8928571428571429
81023,0.8467741935483871
85357,0.8548387096774194
120072,0.8260869565217391
530656,0.9152542372881356
125845,0.9047619047619048
83099,0.9489559164733179
120029,0.952054794520548
83081,0.9574468085106383
1190033,0.9514563106796117
83070,0.9448275862068966
1238857,0.9464285714285714
85332,0.9425837320574163
83051,0.933649289099526
1751673,0.9042553191489362
85372,0.88
83046,0.9710467706013363
673588,0.946236559139785
258669,0.9655172413793104
2322597,0.9796954314720813
83020,0.9473684210526315
1653655,0.9265734265734266
83097,0.9301204819277108
85352,0.9864864864864865
578192,0.9776536312849162
85368,0.9449838187702265
119992,0.967479674796748
218788,0.9565217391304348
2554988,1.0
657868,0.9782608695652174
596431,0.945054945054945
1737951,0.9733333333333334
2309623,1.0
120056,0.9684418145956607
83088,0.9605263157894737
2085146,0.9508196721311475
119993,0.9863945578231292
83093,0.96415770609319
573340,0.962589928057554
1026992,0.9452054794520548
3369752,0.9523809523809523
308759,0.9713114754098361
578190,0.980327868852459
120058,0.9764150943396226
83040,0.9730794484569928
878358,0.9875518672199171
530585,0.9766081871345029
1149434,0.9804878048780488
1845691,0.9846625766871165
1859056,0.9897119341563786
225100,0.9601593625498008
84082,0.9548989113530326
84092,0.9711141678129298
84127,0.9748110831234257
220075,0.9611528822055138
253068,0.953125
574805,0.961436170212766
214097,0.96875
557199,0.9692307692307692
84087,0.9636363636363636
498950,0.9735294117647059
84132,0.9537037037037037
84064,0.9740932642487047
295751,0.9275053304904051
84095,0.9275184275184275
84080,0.9670658682634731
219444,0.918444165621079
125477,0.9112903225806451
223031,0.9824561403508771
84078,0.924317617866005
120592,0.928
223893,0.9375
84083,0.9415384615384615
80689,0.9033816425120773
308189,0.9714285714285714
84060,0.9375
120559,0.9155405405405406
120613,0.9068736141906873
84051,0.8958904109589041
84120,0.8491228070175438
1528551,0.7692307692307693
1197032,0.5
123837,0.6730769230769231
84033,0.7307692307692307
84076,0.7105263157894737
84134,0.7727272727272727
217083,0.7380952380952381
1204691,0.5
84026,0.9375
1212709,0.7491525423728813
1095352,0.8125
123974,0.7692307692307693
75021,0.9146341463414634
939375,0.9130434782608695
84081,0.8945005611672279
80708,0.8732782369146006
84072,0.8776371308016878
84068,0.9132007233273056
1515599,1.0
84038,0.8470588235294118
1218625,1.0
84044,0.8740157480314961
120563,0.9087136929460581
225099,0.900990099009901
120585,0.8688524590163934
266091,0.8873517786561265
84029,0.9292452830188679
1237013,0.9426229508196722
84074,0.936144578313253
217767,0.9132530120481928
84073,0.9472140762463344
120614,0.9410745233968805
1456261,0.9545454545454546
84052,0.9715909090909091
240271,0.9298780487804879
84067,0.9477386934673366
84137,0.9235209235209235
84101,0.9544159544159544
84069,0.9212328767123288
84032,0.9533333333333334
84107,0.9247730220492867
600107,0.9699570815450643
120566,0.9122807017543859
84096,0.9238505747126436
84113,0.9251439539347409
84104,0.9457092819614711
84098,0.9429590017825312
1224560,0.9285714285714286
224337,0.9667673716012085
84084,0.9346938775510204
84100,0.9537815126050421
220076,0.9560632688927944
84079,0.9599555061179088
84062,0.9778481012658228
84086,0.9378698224852071
84125,0.9692982456140351
220047,0.9465408805031447
84070,0.971677559912854
84129,0.9498207885304659
84039,0.9447004608294931
498949,0.968978102189781
223897,0.9731543624161074
939976,0.9611111111111111
84048,0.9510022271714922
223900,0.9591836734693877
84066,0.9469026548672567
125476,0.9707317073170731
1026016,0.9485368314833501
2038749,0.968609865470852
84041,0.9471698113207547
114575,0.963276836158192
84115,0.9809725158562368
84075,0.9688622754491018
84058,0.9798387096774194
240907,0.9629629629629629
223032,1.0
84122,0.9581056466302368
84047,0.9754901960784313
84131,0.9711538461538461
217770,0.9712351945854484
84109,0.9773030707610146
120556,0.977725674091442
84118,0.9827586206896551
84065,0.9567307692307693
84090,0.9627039627039627
235513,0.9715864246250987
84093,0.9795148247978437
84117,0.9525316455696202
